Workbook

Sheet 0102
A1: 품번 | B1: 01/02(금) | C1: 01/03(토) | D1: 01/04(일) | E1: 01/05(월) | F1: 01/06(화) | G1: 01/07(수) | H1: 01/08(목) | I1: 01/09(금) | J1: 01/10(토) | K1: 01/11(일) | L1: 01/12(월) | M1: 01/13(화) | N1: 01/14(수) | O1: 01/15(목) | P1: 01/16(금) | Q1: 01/17(토) | R1: 01/18(일)
A2: 1221154 | B2: 0 | C2: 0 | D2: 0 | E2: 0 | F2: 0 | G2: 0 | H2: 0 | I2: 0 | J2: 0 | K2: 0 | L2: 0 | M2: 0 | N2: 50 | O2: 0 | P2: 0 | Q2: 0 | R2: 0
A3: 1234614 | B3: 182 | C3: 0 | D3: 0 | E3: 396 | F3: 0 | G3: 0 | H3: 0 | I3: 0 | J3: 0 | K3: 0 | L3: 0 | M3: 0 | N3: 352 | O3: 50 | P3: 0 | Q3: 0 | R3: 0
A4: 1226384 | B4: 0 | C4: 0 | D4: 0 | E4: 0 | F4: 0 | G4: 0 | H4: 0 | I4: 0 | J4: 0 | K4: 0 | L4: 360 | M4: 100 | N4: 400 | O4: 0 | P4: 0 | Q4: 0 | R4: 0
A5: 1226388 | B5: 0 | C5: 0 | D5: 0 | E5: 0 | F5: 0 | G5: 0 | H5: 0 | I5: 0 | J5: 0 | K5: 0 | L5: 360 | M5: 100 | N5: 400 | O5: 0 | P5: 0 | Q5: 0 | R5: 0
A6: 1229673 | B6: 374 | C6: 0 | D6: 0 | E6: 200 | F6: 200 | G6: 200 | H6: 200 | I6: 242 | J6: 0 | K6: 0 | L6: 250 | M6: 250 | N6: 250 | O6: 250 | P6: 200 | Q6: 0 | R6: 0
A7: 1230854 | B7: 0 | C7: 0 | D7: 0 | E7: 0 | F7: 0 | G7: 0 | H7: 0 | I7: 0 | J7: 0 | K7: 0 | L7: 200 | M7: 0 | N7: 0 | O7: 0 | P7: 0 | Q7: 0 | R7: 0
A8: 1233632 | B8: 0 | C8: 0 | D8: 0 | E8: 0 | F8: 0 | G8: 0 | H8: 346 | I8: 330 | J8: 0 | K8: 0 | L8: 406 | M8: 0 | N8: 0 | O8: 0 | P8: 0 | Q8: 0 | R8: 0
A9: 1232693 | B9: 342 | C9: 0 | D9: 0 | E9: 141 | F9: 0 | G9: 0 | H9: 0 | I9: 0 | J9: 0 | K9: 0 | L9: 0 | M9: 0 | N9: 0 | O9: 0 | P9: 0 | Q9: 0 | R9: 0
A10: 1233025 | B10: 342 | C10: 0 | D10: 0 | E10: 141 | F10: 0 | G10: 0 | H10: 0 | I10: 0 | J10: 0 | K10: 0 | L10: 0 | M10: 0 | N10: 0 | O10: 0 | P10: 0 | Q10: 0 | R10: 0
A11: 1237088 | B11: 278 | C11: 0 | D11: 0 | E11: 764 | F11: 1022 | G11: 694 | H11: 1286 | I11: 1570 | J11: 0 | K11: 0 | L11: 1276 | M11: 906 | N11: 1006 | O11: 942 | P11: 1496 | Q11: 0 | R11: 0
A12: 1237748 | B12: 0 | C12: 0 | D12: 0 | E12: 0 | F12: 0 | G12: 0 | H12: 260 | I12: 0 | J12: 0 | K12: 0 | L12: 0 | M12: 0 | N12: 0 | O12: 0 | P12: 0 | Q12: 0 | R12: 0
A13: 1231898 | B13: 0 | C13: 0 | D13: 0 | E13: 0 | F13: 500 | G13: 0 | H13: 0 | I13: 0 | J13: 0 | K13: 0 | L13: 0 | M13: 0 | N13: 0 | O13: 0 | P13: 0 | Q13: 0 | R13: 0
... A24: 1240308 | B24: 0 | C24: 0 | D24: 0 | E24: 250 | F24: 0 | G24: 500 | H24: 250 | I24: 0 | J24: 0 | K24: 0 | L24: 0 | M24: 200 | N24: 0 | O24: 350 | P24: 200 | Q24: 0 | R24: 0
A28: 품번 | B28: 01/02(금) | C28: 01/03(토) | D28: 01/04(일) | E28: 01/05(월) | F28: 01/06(화) | G28: 01/07(수) | H28: 01/08(목) | I28: 01/09(금) | J28: 01/10(토) | K28: 01/11(일) | L28: 01/12(월) | M28: 01/13(화) | N28: 01/14(수) | O28: 01/15(목) | P28: 01/16(금) | Q28: 01/17(토) | R28: 01/18(일)
A29: 1237608 | B29: 0 | C29: 0 | D29: 0 | E29: 0 | F29: 0 | G29: 0 | H29: 0 | I29: 0 | J29: 0 | K29: 0 | L29: 0 | M29: 350 | N29: 250 | O29: 0 | P29: 0 | Q29: 0 | R29: 0
A30: 1232846 | B30: 0 | C30: 0 | D30: 0 | E30: 0 | F30: 0 | G30: 0 | H30: 0 | I30: 0 | J30: 0 | K30: 0 | L30: 0 | M30: 327 | N30: 352 | O30: 21 | P30: 0 | Q30: 0 | R30: 0
A31: 1232895 | B31: 0 | C31: 0 | D31: 0 | E31: 0 | F31: 0 | G31: 0 | H31: 0 | I31: 0 | J31: 0 | K31: 0 | L31: 0 | M31: 327 | N31: 352 | O31: 21 | P31: 0 | Q31: 0 | R31: 0
A32: 1233384 | B32: 0 | C32: 0 | D32: 0 | E32: 0 | F32: 0 | G32: 0 | H32: 0 | I32: 0 | J32: 0 | K32: 0 | L32: 0 | M32: 327 | N32: 352 | O32: 21 | P32: 0 | Q32: 0 | R32: 0
A33: 1236110 | B33: 150 | C33: 0 | D33: 0 | E33: 0 | F33: 0 | G33: 0 | H33: 0 | I33: 0 | J33: 0 | K33: 0 | L33: 0 | M33: 0 | N33: 0 | O33: 300 | P33: 0 | Q33: 0 | R33: 0
A34: 1236387 | B34: 0 | C34: 0 | D34: 0 | E34: 0 | F34: 0 | G34: 265 | H34: 395 | I34: 0 | J34: 0 | K34: 0 | L34: 0 | M34: 0 | N34: 0 | O34: 0 | P34: 0 | Q34: 0 | R34: 0
A35: 1232775 | B35: 226 | C35: 0 | D35: 0 | E35: 575 | F35: 616 | G35: 277 | H35: 311 | I35: 14 | J35: 0 | K35: 0 | L35: 0 | M35: 288 | N35: 243 | O35: 309 | P35: 309 | Q35: 0 | R35: 0
A36: 1238605 | B36: 0 | C36: 0 | D36: 0 | E36: 0 | F36: 0 | G36: 0 | H36: 0 | I36: 189 | J36: 0 | K36: 0 | L36: 238 | M36: 6 | N36: 0 | O36: 0 | P36: 0 | Q36: 0 | R36: 0
A40: 품번 | B40: 01/02(금) | C40: 01/03(토) | D40: 01/04(일) | E40: 01/05(월) | F40: 01/06(화) | G40: 01/07(수) | H40: 01/08(목) | I40: 01/09(금) | J40: 01/10(토) | K40: 01/11(일) | L40: 01/12(월) | M40: 01/13(화) | N40: 01/14(수) | O40: 01/15(목) | P40: 01/16(금) | Q40: 01/17(토) | R40: 01/18(일)
A41: 1221967 | B41: 0 | C41: 0 | D41: 0 | E41: 0 | F41: 0 | G41: 0 | H41: 0 | I41: 0 | J41: 0 | K41: 0 | L41: 0 | M41: 0 | N41: 176 | O41: 0 | P41: 0 | Q41: 0 | R41: 0
A42: 1227306 | B42: 0 | C42: 0 | D42: 0 | E42: 452 | F42: 45 | G42: 277 | H42: 123 | I42: 0 | J42: 0 | K42: 0 | L42: 0 | M42: 510 | N42: 400 | O42: 0 | P42: 0 | Q42: 0 | R42: 0
A43: 1227359 | B43: 0 | C43: 0 | D43: 0 | E43: 0 | F43: 0 | G43: 0 | H43: 86 | I43: 0 | J43: 0 | K43: 0 | L43: 0 | M43: 0 | N43: 0 | O43: 0 | P43: 0 | Q43: 0 | R43: 0
A44: 1229088 | B44: 0 | C44: 0 | D44: 0 | E44: 0 | F44: 0 | G44: 0 | H44: 0 | I44: 0 | J44: 0 | K44: 0 | L44: 0 | M44: 0 | N44: 500 | O44: 0 | P44: 0 | Q44: 0 | R44: 0
A45: 1231090 | B45: 0 | C45: 0 | D45: 0 | E45: 0 | F45: 0 | G45: 0 | H45: 0 | I45: 0 | J45: 0 | K45: 0 | L45: 0 | M45: 0 | N45: 0 | O45: 0 | P45: 200 | Q45: 0 | R45: 0
A46: 1229776 | B46: 0 | C46: 0 | D46: 0 | E46: 0 | F46: 0 | G46: 0 | H46: 0 | I46: 0 | J46: 0 | K46: 0 | L46: 0 | M46: 0 | N46: 0 | O46: 0 | P46: 200 | Q46: 0 | R46: 0
A47: 1231797 | B47: 0 | C47: 0 | D47: 0 | E47: 0 | F47: 0 | G47: 0 | H47: 0 | I47: 0 | J47: 0 | K47: 0 | L47: 0 | M47: 0 | N47: 113 | O47: 0 | P47: 0 | Q47: 0 | R47: 0
A48: 1232528 | B48: 0 | C48: 0 | D48: 0 | E48: 0 | F48: 0 | G48: 0 | H48: 0 | I48: 0 | J48: 0 | K48: 0 | L48: 163 | M48: 686 | N48: 539 | O48: 649 | P48: 0 | Q48: 0 | R48: 0
A49: 1233587 | B49: 0 | C49: 0 | D49: 0 | E49: 0 | F49: 0 | G49: 0 | H49: 0 | I49: 0 | J49: 0 | K49: 0 | L49: 0 | M49: 0 | N49: 10 | O49: 0 | P49: 0 | Q49: 0 | R49: 0
A50: 1232846 | B50: 0 | C50: 0 | D50: 0 | E50: 0 | F50: 0 | G50: 0 | H50: 0 | I50: 0 | J50: 0 | K50: 0 | L50: 0 | M50: 0 | N50: 176 | O50: 0 | P50: 0 | Q50: 0 | R50: 0
A51: 1232693 | B51: 0 | C51: 0 | D51: 0 | E51: 0 | F51: 0 | G51: 0 | H51: 0 | I51: 0 | J51: 0 | K51: 0 | L51: 54 | M51: 0 | N51: 0 | O51: 0 | P51: 0 | Q51: 0 | R51: 0
A52: 1233025 | B52: 0 | C52: 0 | D52: 0 | E52: 0 | F52: 0 | G52: 0 | H52: 0 | I52: 0 | J52: 0 | K52: 0 | L52: 54 | M52: 0 | N52: 0 | O52: 0 | P52: 0 | Q52: 0 | R52: 0
... A54: 1235958 | B54: 0 | C54: 0 | D54: 0 | E54: 0 | F54: 0 | G54: 0 | H54: 12 | I54: 0 | J54: 0 | K54: 0 | L54: 0 | M54: 0 | N54: 0 | O54: 0 | P54: 0 | Q54: 0 | R54: 0
A55: 1235845 | B55: 0 | C55: 0 | D55: 0 | E55: 0 | F55: 0 | G55: 461 | I55: 0 | J55: 0 | K55: 0 | L55: 0 | M55: 0 | N55: 0 | O55: 0 | P55: 0 | Q55: 0 | R55: 0
A56: 1236600 | B56: 0 | C56: 0 | D56: 0 | E56: 0 | F56: 0 | G56: 0 | H56: 30 | I56: 419 | J56: 0 | K56: 0 | L56: 299 | M56: 0 | N56: 0 | O56: 0 | P56: 0 | Q56: 0 | R56: 0
A57: 1236601 | B57: 0 | C57: 0 | D57: 0 | E57: 0 | F57: 0 | G57: 0 | H57: 0 | I57: 0 | J57: 0 | K57: 0 | L57: 74 | M57: 0 | N57: 0 | O57: 0 | P57: 0 | Q57: 0 | R57: 0
A58: 1236930 | B58: 0 | C58: 0 | D58: 0 | E58: 0 | F58: 0 | G58: 249 | H58: 336 | I58: 45 | J58: 0 | K58: 0 | L58: 116 | M58: 0 | N58: 300 | O58: 200 | P58: 0 | Q58: 0 | R58: 0
A59: 1237468 | B59: 0 | C59: 0 | D59: 0 | E59: 0 | F59: 0 | G59: 0 | H59: 0 | I59: 0 | J59: 0 | K59: 0 | L59: 0 | M59: 0 | N59: 87 | O59: 0 | P59: 0 | Q59: 0 | R59: 0
A60: 1237457 | B60: 0 | C60: 0 | D60: 0 | E60: 0 | F60: 18 | G60: 0 | H60: 0 | I60: 0 | J60: 0 | K60: 0 | L60: 0 | M60: 0 | N60: 0 | O60: 0 | P60: 0 | Q60: 0 | R60: 0
A61: 1234905 | B61: 275 | C61: 0 | D61: 0 | E61: 395 | F61: 381 | G61: 0 | H61: 163 | I61: 383 | J61: 0 | K61: 0 | L61: 600 | M61: 200 | N61: 0 | O61: 200 | P61: 400 | Q61: 0 | R61: 0
A62: 1238480 | B62: 1184 | C62: 0 | D62: 0 | E62: 1526 | F62: 1653 | G62: 686 | H62: 869 | I62: 685 | J62: 0 | K62: 0 | L62: 873 | M62: 757 | N62: 700 | O62: 1396 | P62: 1663 | Q62: 0 | R62: 0
A63: 1238453 | B63: 0 | C63: 0 | D63: 0 | E63: 0 | F63: 0 | G63: 0 | H63: 0 | I63: 0 | J63: 0 | K63: 0 | L63: 107 | M63: 293 | N63: 0 | O63: 0 | P63: 0 | Q63: 0 | R63: 0
A64: 1232775 | B64: 0 | C64: 0 | D64: 0 | E64: 0 | F64: 0 | G64: 0 | H64: 0 | I64: 216 | J64: 0 | K64: 0 | L64: 0 | M64: 0 | N64: 0 | O64: 0 | P64: 0 | Q64: 0 | R64: 0
A65: 1240029 | B65: 358 | C65: 0 | D65: 0 | E65: 492 | F65: 377 | G65: 0 | H65: 0 | I65: 0 | J65: 0 | K65: 0 | L65: 0 | M65: 0 | N65: 0 | O65: 0 | P65: 281 | Q65: 0 | R65: 0
A66: 1240032 | B66: 358 | C66: 0 | D66: 0 | E66: 492 | F66: 377 | G66: 0 | H66: 0 | I66: 0 | J66: 0 | K66: 0 | L66: 0 | M66: 0 | N66: 0 | O66: 0 | P66: 281 | Q66: 0 | R66: 0
A67: 1240180 | B67: 0 | C67: 0 | D67: 0 | E67: 0 | F67: 0 | G67: 0 | H67: 0 | I67: 114 | J67: 0 | K67: 0 | L67: 236 | M67: 0 | N67: 0 | O67: 0 | P67: 0 | Q67: 0 | R67: 0
... A73: 1232922 | B73: 0 | C73: 0 | D73: 0 | E73: 0 | F73: 0 | G73: 0 | H73: 0 | I73: 0 | J73: 0 | K73: 0 | L73: 0 | M73: 0 | N73: 176 | O73: 0 | P73: 0 | Q73: 0 | R73: 0

Sheet 0105
A1: 품번 | B1: 01/05(월) | C1: 01/06(화) | D1: 01/07(수) | E1: 01/08(목) | F1: 01/09(금) | G1: 01/10(토) | H1: 01/11(일) | I1: 01/12(월) | J1: 01/13(화) | K1: 01/14(수) | L1: 01/15(목) | M1: 01/16(금) | N1: 01/17(토) | O1: 01/18(일)
A2: 1221154 | B2: 0 | C2: 0 | D2: 0 | E2: 0 | F2: 0 | G2: 0 | H2: 0 | I2: 0 | J2: 0 | K2: 50 | L2: 0 | M2: 0 | N2: 0 | O2: 0
A3: 1234614 | B3: 396 | C3: 0 | D3: 0 | E3: 0 | F3: 0 | G3: 0 | H3: 0 | I3: 0 | J3: 0 | K3: 352 | L3: 50 | M3: 0 | N3: 0 | O3: 0
A4: 1226384 | B4: 0 | C4: 0 | D4: 0 | E4: 0 | F4: 0 | G4: 0 | H4: 0 | I4: 360 | J4: 100 | K4: 400 | L4: 0 | M4: 0 | N4: 0 | O4: 0
A5: 1226388 | B5: 0 | C5: 0 | D5: 0 | E5: 0 | F5: 0 | G5: 0 | H5: 0 | I5: 360 | J5: 100 | K5: 400 | L5: 0 | M5: 0 | N5: 0 | O5: 0
A6: 1229673 | B6: 200 | C6: 200 | D6: 200 | E6: 200 | F6: 242 | G6: 0 | H6: 0 | I6: 250 | J6: 250 | K6: 250 | L6: 250 | M6: 200 | N6: 0 | O6: 0
A7: 1230854 | B7: 0 | C7: 0 | D7: 0 | E7: 0 | F7: 0 | G7: 0 | H7: 0 | I7: 200 | J7: 0 | K7: 0 | L7: 0 | M7: 0 | N7: 0 | O7: 0
A8: 1233632 | B8: 0 | C8: 0 | D8: 0 | E8: 346 | F8: 330 | G8: 0 | H8: 0 | I8: 406 | J8: 0 | K8: 0 | L8: 0 | M8: 0 | N8: 0 | O8: 0
A9: 1232693 | B9: 141 | C9: 0 | D9: 0 | E9: 0 | F9: 0 | G9: 0 | H9: 0 | I9: 0 | J9: 0 | K9: 0 | L9: 0 | M9: 0 | N9: 0 | O9: 0
A10: 1233025 | B10: 141 | C10: 0 | D10: 0 | E10: 0 | F10: 0 | G10: 0 | H10: 0 | I10: 0 | J10: 0 | K10: 0 | L10: 0 | M10: 0 | N10: 0 | O10: 0
A11: 1237088 | B11: 764 | C11: 1022 | D11: 694 | E11: 1286 | F11: 1570 | G11: 0 | H11: 0 | I11: 1276 | J11: 906 | K11: 1006 | L11: 942 | M11: 1496 | N11: 0 | O11: 0
A12: 1237748 | B12: 0 | C12: 0 | D12: 0 | E12: 260 | F12: 0 | G12: 0 | H12: 0 | I12: 0 | J12: 0 | K12: 0 | L12: 0 | M12: 0 | N12: 0 | O12: 0
A13: 1231898 | B13: 0 | C13: 500 | D13: 0 | E13: 0 | F13: 0 | G13: 0 | H13: 0 | I13: 0 | J13: 0 | K13: 0 | L13: 0 | M13: 0 | N13: 0 | O13: 0
... A24: 1240308 | B24: 250 | C24: 0 | D24: 500 | E24: 250 | F24: 0 | G24: 0 | H24: 0 | I24: 0 | J24: 200 | K24: 0 | L24: 350 | M24: 200 | N24: 0 | O24: 0
A29: 품번 | B29: 01/05(월) | C29: 01/06(화) | D29: 01/07(수) | E29: 01/08(목) | F29: 01/09(금) | G29: 01/10(토) | H29: 01/11(일) | I29: 01/12(월) | J29: 01/13(화) | K29: 01/14(수) | L29: 01/15(목) | M29: 01/16(금) | N29: 01/17(토) | O29: 01/18(일)
A30: 1237608 | B30: 0 | C30: 0 | D30: 0 | E30: 0 | F30: 0 | G30: 0 | H30: 0 | I30: 0 | J30: 350 | K30: 250 | L30: 0 | M30: 0 | N30: 0 | O30: 0
A31: 1232846 | B31: 0 | C31: 0 | D31: 0 | E31: 0 | F31: 0 | G31: 0 | H31: 0 | I31: 0 | J31: 327 | K31: 352 | L31: 21 | M31: 0 | N31: 0 | O31: 0
A32: 1232895 | B32: 0 | C32: 0 | D32: 0 | E32: 0 | F32: 0 | G32: 0 | H32: 0 | I32: 0 | J32: 327 | K32: 352 | L32: 21 | M32: 0 | N32: 0 | O32: 0
A33: 1233384 | B33: 0 | C33: 0 | D33: 0 | E33: 0 | F33: 0 | G33: 0 | H33: 0 | I33: 0 | J33: 327 | K33: 352 | L33: 21 | M33: 0 | N33: 0 | O33: 0
A34: 1236110 | B34: 0 | C34: 0 | D34: 0 | E34: 0 | F34: 0 | G34: 0 | H34: 0 | I34: 0 | J34: 0 | K34: 0 | L34: 300 | M34: 0 | N34: 0 | O34: 0
A35: 1236387 | B35: 0 | C35: 0 | D35: 265 | E35: 395 | F35: 0 | G35: 0 | H35: 0 | I35: 0 | J35: 0 | K35: 0 | L35: 0 | M35: 0 | N35: 0 | O35: 0
A36: 1232775 | B36: 575 | C36: 616 | D36: 277 | E36: 311 | F36: 14 | G36: 0 | H36: 0 | I36: 0 | J36: 288 | K36: 243 | L36: 309 | M36: 309 | N36: 0 | O36: 0
A37: 1238605 | B37: 0 | C37: 0 | D37: 0 | E37: 0 | F37: 189 | G37: 0 | H37: 0 | I37: 238 | J37: 6 | K37: 0 | L37: 0 | M37: 0 | N37: 0 | O37: 0
A42: 품번 | B42: 01/05(월) | C42: 01/06(화) | D42: 01/07(수) | E42: 01/08(목) | F42: 01/09(금) | G42: 01/10(토) | H42: 01/11(일) | I42: 01/12(월) | J42: 01/13(화) | K42: 01/14(수) | L42: 01/15(목) | M42: 01/16(금) | N42: 01/17(토) | O42: 01/18(일)
A43: 1221967 | B43: 0 | C43: 0 | D43: 0 | E43: 0 | F43: 0 | G43: 0 | H43: 0 | I43: 0 | J43: 0 | K43: 176 | L43: 0 | M43: 0 | N43: 0 | O43: 0
A44: 1227306 | B44: 452 | C44: 45 | D44: 277 | E44: 123 | F44: 0 | G44: 0 | H44: 0 | I44: 0 | J44: 510 | K44: 400 | L44: 0 | M44: 0 | N44: 0 | O44: 0
A45: 1227359 | B45: 0 | C45: 0 | D45: 0 | E45: 86 | F45: 0 | G45: 0 | H45: 0 | I45: 0 | J45: 0 | K45: 0 | L45: 0 | M45: 0 | N45: 0 | O45: 0
A46: 1229088 | B46: 0 | C46: 0 | D46: 0 | E46: 0 | F46: 0 | G46: 0 | H46: 0 | I46: 0 | J46: 0 | K46: 500 | L46: 0 | M46: 0 | N46: 0 | O46: 0
A47: 1231090 | B47: 0 | C47: 0 | D47: 0 | E47: 0 | F47: 0 | G47: 0 | H47: 0 | I47: 0 | J47: 0 | K47: 0 | L47: 0 | M47: 200 | N47: 0 | O47: 0
A48: 1229776 | B48: 0 | C48: 0 | D48: 0 | E48: 0 | F48: 0 | G48: 0 | H48: 0 | I48: 0 | J48: 0 | K48: 0 | L48: 0 | M48: 200 | N48: 0 | O48: 0
A49: 1231797 | B49: 0 | C49: 0 | D49: 0 | E49: 0 | F49: 0 | G49: 0 | H49: 0 | I49: 0 | J49: 0 | K49: 113 | L49: 0 | M49: 0 | N49: 0 | O49: 0
A50: 1232528 | B50: 0 | C50: 0 | D50: 0 | E50: 0 | F50: 0 | G50: 0 | H50: 0 | I50: 163 | J50: 686 | K50: 539 | L50: 649 | M50: 0 | N50: 0 | O50: 0
A51: 1233587 | B51: 0 | C51: 0 | D51: 0 | E51: 0 | F51: 0 | G51: 0 | H51: 0 | I51: 0 | J51: 0 | K51: 10 | L51: 0 | M51: 0 | N51: 0 | O51: 0
A52: 1232846 | B52: 0 | C52: 0 | D52: 0 | E52: 0 | F52: 0 | G52: 0 | H52: 0 | I52: 0 | J52: 0 | K52: 176 | L52: 0 | M52: 0 | N52: 0 | O52: 0
A53: 1232693 | B53: 0 | C53: 0 | D53: 0 | E53: 0 | F53: 0 | G53: 0 | H53: 0 | I53: 54 | J53: 0 | K53: 0 | L53: 0 | M53: 0 | N53: 0 | O53: 0
A54: 1233025 | B54: 0 | C54: 0 | D54: 0 | E54: 0 | F54: 0 | G54: 0 | H54: 0 | I54: 54 | J54: 0 | K54: 0 | L54: 0 | M54: 0 | N54: 0 | O54: 0
... A77: 1232922 | B77: 0 | C77: 0 | D77: 0 | E77: 0 | F77: 0 | G77: 0 | H77: 0 | I77: 0 | J77: 0 | K77: 176 | L77: 0 | M77: 0 | N77: 0 | O77: 0

Sheet 0106
A1: 품번 | B1: 01/06(화) | C1: 01/07(수) | D1: 01/08(목) | E1: 01/09(금) | F1: 01/10(토) | G1: 01/11(일) | H1: 01/12(월) | I1: 01/13(화) | J1: 01/14(수) | K1: 01/15(목) | L1: 01/16(금) | M1: 01/17(토) | N1: 01/18(일) | O1: 01/19(월) | P1: 01/20(화) | Q1: 01/21(수) | R1: 01/22(목) | S1: 01/23(금) | T1: 01/24(토) | U1: 01/25(일)
A2: 1221154 | B2: 0 | C2: 0 | D2: 0 | E2: 0 | F2: 0 | G2: 0 | H2: 0 | I2: 0 | J2: 50 | K2: 0 | L2: 0 | M2: 0 | N2: 0 | O2: 0 | P2: 0 | Q2: 0 | R2: 0 | S2: 0 | T2: 0 | U2: 0 | V2: =SUM(B2:U2) -> 50
A3: 1234614 | B3: 0 | C3: 0 | D3: 0 | E3: 0 | F3: 0 | G3: 0 | H3: 0 | I3: 0 | J3: 352 | K3: 50 | L3: 0 | M3: 0 | N3: 0 | O3: 0 | P3: 0 | Q3: 354 | R3: 516 | S3: 0 | T3: 0 | U3: 0 | V3: =SUM(B3:U3) -> 1272
A4: 1226384 | B4: 0 | C4: 0 | D4: 0 | E4: 0 | F4: 0 | G4: 0 | H4: 360 | I4: 100 | J4: 400 | K4: 0 | L4: 0 | M4: 0 | N4: 0 | O4: 0 | P4: 0 | Q4: 0 | R4: 0 | S4: 0 | T4: 0 | U4: 0 | V4: =SUM(B4:U4) -> 860
A5: 1226388 | B5: 0 | C5: 0 | D5: 0 | E5: 0 | F5: 0 | G5: 0 | H5: 360 | I5: 100 | J5: 400 | K5: 0 | L5: 0 | M5: 0 | N5: 0 | O5: 0 | P5: 0 | Q5: 0 | R5: 0 | S5: 0 | T5: 0 | U5: 0 | V5: =SUM(B5:U5) -> 860
A6: 1229673 | B6: 200 | C6: 200 | D6: 200 | E6: 242 | F6: 0 | G6: 0 | H6: 250 | I6: 250 | J6: 250 | K6: 250 | L6: 200 | M6: 0 | N6: 0 | O6: 300 | P6: 200 | Q6: 200 | R6: 200 | S6: 300 | T6: 0 | U6: 0 | V6: =SUM(B6:U6) -> 3242
A7: 1230854 | B7: 0 | C7: 0 | D7: 0 | E7: 0 | F7: 0 | G7: 0 | H7: 200 | I7: 0 | J7: 0 | K7: 0 | L7: 0 | M7: 0 | N7: 0 | O7: 0 | P7: 0 | Q7: 0 | R7: 0 | S7: 0 | T7: 0 | U7: 0 | V7: =SUM(B7:U7) -> 200
A8: 1233632 | B8: 0 | C8: 0 | D8: 346 | E8: 330 | F8: 0 | G8: 0 | H8: 406 | I8: 0 | J8: 0 | K8: 0 | L8: 0 | M8: 0 | N8: 0 | O8: 0 | P8: 248 | Q8: 153 | R8: 0 | S8: 0 | T8: 0 | U8: 0 | V8: =SUM(B8:U8) -> 1483
A9: 1237088 | B9: 1022 | C9: 694 | D9: 1286 | E9: 1570 | F9: 0 | G9: 0 | H9: 1276 | I9: 906 | J9: 1006 | K9: 942 | L9: 1496 | M9: 0 | N9: 0 | O9: 1388 | P9: 724 | Q9: 928 | R9: 524 | S9: 1129 | T9: 0 | U9: 0 | V9: =SUM(B9:U9) -> 14891
A10: 1237748 | B10: 0 | C10: 0 | D10: 260 | E10: 0 | F10: 0 | G10: 0 | H10: 0 | I10: 0 | J10: 0 | K10: 0 | L10: 0 | M10: 0 | N10: 0 | O10: 0 | P10: 0 | Q10: 0 | R10: 0 | S10: 0 | T10: 0 | U10: 0 | V10: =SUM(B10:U10) -> 260
A11: 1231898 | B11: 500 | C11: 0 | D11: 0 | E11: 0 | F11: 0 | G11: 0 | H11: 0 | I11: 0 | J11: 0 | K11: 0 | L11: 0 | M11: 0 | N11: 0 | O11: 0 | P11: 0 | Q11: 0 | R11: 0 | S11: 0 | T11: 0 | U11: 0 | V11: =SUM(B11:U11) -> 500
A12: 1237586 | B12: 500 | C12: 0 | D12: 0 | E12: 0 | F12: 0 | G12: 0 | H12: 0 | I12: 0 | J12: 0 | K12: 0 | L12: 0 | M12: 0 | N12: 0 | O12: 0 | P12: 0 | Q12: 0 | R12: 0 | S12: 0 | T12: 0 | U12: 0 | V12: =SUM(B12:U12) -> 500
A13: 1236091 | B13: 100 | C13: 0 | D13: 0 | E13: 0 | F13: 0 | G13: 0 | H13: 0 | I13: 0 | J13: 200 | K13: 0 | L13: 0 | M13: 0 | N13: 0 | O13: 0 | P13: 0 | Q13: 0 | R13: 0 | S13: 0 | T13: 0 | U13: 0 | V13: =SUM(B13:U13) -> 300
... A22: 1240308 | B22: 0 | C22: 500 | D22: 250 | E22: 0 | F22: 0 | G22: 0 | H22: 0 | I22: 200 | J22: 0 | K22: 350 | L22: 200 | M22: 0 | N22: 0 | O22: 0 | P22: 450 | Q22: 300 | R22: 0 | S22: 0 | T22: 0 | U22: 0 | V22: =SUM(B22:U22) -> 2250
A26: 품번 | B26: 01/06(화) | C26: 01/07(수) | D26: 01/08(목) | E26: 01/09(금) | F26: 01/10(토) | G26: 01/11(일) | H26: 01/12(월) | I26: 01/13(화) | J26: 01/14(수) | K26: 01/15(목) | L26: 01/16(금) | M26: 01/17(토) | N26: 01/18(일) | O26: 01/19(월) | P26: 01/20(화) | Q26: 01/21(수) | R26: 01/22(목) | S26: 01/23(금) | T26: 01/24(토) | U26: 01/25(일)
A27: 1237608 | B27: 0 | C27: 0 | D27: 0 | E27: 0 | F27: 0 | G27: 0 | H27: 0 | I27: 350 | J27: 250 | K27: 0 | L27: 0 | M27: 0 | N27: 0 | O27: 0 | P27: 0 | Q27: 0 | R27: 0 | S27: 0 | T27: 0 | U27: 0
A28: 1233384 | B28: 0 | C28: 0 | D28: 0 | E28: 0 | F28: 0 | G28: 0 | H28: 0 | I28: 327 | J28: 352 | K28: 21 | L28: 0 | M28: 0 | N28: 0 | O28: 0 | P28: 72 | Q28: 352 | R28: 449 | S28: 7 | T28: 0 | U28: 0
A29: 1232895 | B29: 0 | C29: 0 | D29: 0 | E29: 0 | F29: 0 | G29: 0 | H29: 0 | I29: 327 | J29: 352 | K29: 21 | L29: 0 | M29: 0 | N29: 0 | O29: 0 | P29: 72 | Q29: 352 | R29: 449 | S29: 7 | T29: 0 | U29: 0
A30: 1232846 | B30: 0 | C30: 0 | D30: 0 | E30: 0 | F30: 0 | G30: 0 | H30: 0 | I30: 327 | J30: 352 | K30: 21 | L30: 0 | M30: 0 | N30: 0 | O30: 0 | P30: 72 | Q30: 352 | R30: 449 | S30: 7 | T30: 0 | U30: 0
A31: 1233165 | B31: 0 | C31: 0 | D31: 0 | E31: 0 | F31: 0 | G31: 0 | H31: 0 | I31: 0 | J31: 0 | K31: 0 | L31: 0 | M31: 0 | N31: 0 | O31: 0 | P31: 0 | Q31: 0 | R31: 0 | S31: 250 | T31: 0 | U31: 0
A32: 1236110 | B32: 0 | C32: 0 | D32: 0 | E32: 0 | F32: 0 | G32: 0 | H32: 0 | I32: 0 | J32: 0 | K32: 300 | L32: 0 | M32: 0 | N32: 0 | O32: 0 | P32: 0 | Q32: 0 | R32: 0 | S32: 0 | T32: 0 | U32: 0
A33: 1236387 | B33: 0 | C33: 265 | D33: 395 | E33: 0 | F33: 0 | G33: 0 | H33: 0 | I33: 0 | J33: 0 | K33: 0 | L33: 0 | M33: 0 | N33: 0 | O33: 411 | P33: 325 | Q33: 0 | R33: 0 | S33: 0 | T33: 0 | U33: 0
A34: 1232775 | B34: 616 | C34: 277 | D34: 311 | E34: 14 | F34: 0 | G34: 0 | H34: 0 | I34: 288 | J34: 243 | K34: 309 | L34: 309 | M34: 0 | N34: 0 | O34: 298 | P34: 8 | Q34: 0 | R34: 0 | S34: 0 | T34: 0 | U34: 0
A35: 1238605 | B35: 0 | C35: 0 | D35: 0 | E35: 189 | F35: 0 | G35: 0 | H35: 238 | I35: 6 | J35: 0 | K35: 0 | L35: 0 | M35: 0 | N35: 0 | O35: 0 | P35: 42 | Q35: 187 | R35: 182 | S35: 4 | T35: 0 | U35: 0
A38: 품번 | B38: 01/06(화) | C38: 01/07(수) | D38: 01/08(목) | E38: 01/09(금) | F38: 01/10(토) | G38: 01/11(일) | H38: 01/12(월) | I38: 01/13(화) | J38: 01/14(수) | K38: 01/15(목) | L38: 01/16(금) | M38: 01/17(토) | N38: 01/18(일) | O38: 01/19(월) | P38: 01/20(화) | Q38: 01/21(수) | R38: 01/22(목) | S38: 01/23(금) | T38: 01/24(토) | U38: 01/25(일)
A39: 1230692 | B39: 0 | C39: 0 | D39: 0 | E39: 0 | F39: 0 | G39: 0 | H39: 0 | I39: 0 | J39: 0 | K39: 0 | L39: 0 | M39: 0 | N39: 0 | O39: 0 | P39: 0 | Q39: 100 | R39: 0 | S39: 0 | T39: 0 | U39: 0
A40: 1221967 | B40: 0 | C40: 0 | D40: 0 | E40: 0 | F40: 0 | G40: 0 | H40: 0 | I40: 0 | J40: 176 | K40: 0 | L40: 0 | M40: 0 | N40: 0 | O40: 0 | P40: 0 | Q40: 0 | R40: 0 | S40: 0 | T40: 0 | U40: 0
A41: 1227306 | B41: 45 | C41: 277 | D41: 123 | E41: 0 | F41: 0 | G41: 0 | H41: 0 | I41: 200 | J41: 400 | K41: 310 | L41: 0 | M41: 0 | N41: 0 | O41: 0 | P41: 0 | Q41: 0 | R41: 200 | S41: 400 | T41: 0 | U41: 0
A42: 1227359 | B42: 0 | C42: 0 | D42: 86 | E42: 0 | F42: 0 | G42: 0 | H42: 0 | I42: 0 | J42: 0 | K42: 0 | L42: 0 | M42: 0 | N42: 0 | O42: 0 | P42: 0 | Q42: 0 | R42: 0 | S42: 0 | T42: 0 | U42: 0
A43: 1229088 | B43: 0 | C43: 0 | D43: 0 | E43: 0 | F43: 0 | G43: 0 | H43: 0 | I43: 250 | J43: 250 | K43: 0 | L43: 0 | M43: 0 | N43: 0 | O43: 0 | P43: 0 | Q43: 0 | R43: 0 | S43: 0 | T43: 0 | U43: 0
A44: 1231090 | B44: 0 | C44: 0 | D44: 0 | E44: 0 | F44: 0 | G44: 0 | H44: 0 | I44: 0 | J44: 0 | K44: 0 | L44: 200 | M44: 0 | N44: 0 | O44: 100 | P44: 0 | Q44: 0 | R44: 0 | S44: 0 | T44: 0 | U44: 0
A45: 1229776 | B45: 0 | C45: 0 | D45: 0 | E45: 0 | F45: 0 | G45: 0 | H45: 0 | I45: 0 | J45: 0 | K45: 0 | L45: 200 | M45: 0 | N45: 0 | O45: 100 | P45: 0 | Q45: 0 | R45: 0 | S45: 0 | T45: 0 | U45: 0
A46: 1231797 | B46: 0 | C46: 0 | D46: 0 | E46: 0 | F46: 0 | G46: 0 | H46: 0 | I46: 0 | J46: 113 | K46: 0 | L46: 0 | M46: 0 | N46: 0 | O46: 0 | P46: 0 | Q46: 0 | R46: 0 | S46: 0 | T46: 0 | U46: 0
A47: 1225464 | B47: 0 | C47: 0 | D47: 0 | E47: 0 | F47: 0 | G47: 0 | H47: 0 | I47: 0 | J47: 0 | K47: 0 | L47: 0 | M47: 0 | N47: 0 | O47: 0 | P47: 0 | Q47: 0 | R47: 0 | S47: 28 | T47: 0 | U47: 0
A48: 1234222 | B48: 0 | C48: 0 | D48: 0 | E48: 0 | F48: 0 | G48: 0 | H48: 0 | I48: 0 | J48: 0 | K48: 0 | L48: 0 | M48: 0 | N48: 0 | O48: 0 | P48: 120 | Q48: 126 | R48: 0 | S48: 0 | T48: 0 | U48: 0
A49: 1232528 | B49: 0 | C49: 0 | D49: 0 | E49: 0 | F49: 0 | G49: 0 | H49: 163 | I49: 686 | J49: 539 | K49: 649 | L49: 0 | M49: 0 | N49: 0 | O49: 0 | P49: 0 | Q49: 0 | R49: 0 | S49: 147 | T49: 0 | U49: 0
A50: 1233587 | B50: 0 | C50: 0 | D50: 0 | E50: 0 | F50: 0 | G50: 0 | H50: 0 | I50: 0 | J50: 10 | K50: 0 | L50: 0 | M50: 0 | N50: 0 | O50: 0 | P50: 0 | Q50: 0 | R50: 0 | S50: 0 | T50: 0 | U50: 0
... A86: 1233580 | B86: 0 | C86: 0 | D86: 0 | E86: 0 | F86: 0 | G86: 0 | H86: 0 | I86: 0 | J86: 0 | K86: 0 | L86: 0 | M86: 0 | N86: 0 | O86: 130 | P86: 0 | Q86: 0 | R86: 0 | S86: 0 | T86: 0 | U86: 0

Sheet 0107
A1: 품번 | B1: 01/07(수) | C1: 01/08(목) | D1: 01/09(금) | E1: 01/10(토) | F1: 01/11(일) | G1: 01/12(월) | H1: 01/13(화) | I1: 01/14(수) | J1: 01/15(목) | K1: 01/16(금) | L1: 01/17(토) | M1: 01/18(일) | N1: 01/19(월) | O1: 01/20(화) | P1: 01/21(수) | Q1: 01/22(목) | R1: 01/23(금) | S1: 01/24(토) | T1: 01/25(일)
A2: 1221154 | B2: 0 | C2: 0 | D2: 0 | E2: 0 | F2: 0 | G2: 0 | H2: 0 | I2: 50 | J2: 0 | K2: 0 | L2: 0 | M2: 0 | N2: 0 | O2: 0 | P2: 0 | Q2: 0 | R2: 0 | S2: 0 | T2: 0
A3: 1234614 | B3: 0 | C3: 0 | D3: 0 | E3: 0 | F3: 0 | G3: 0 | H3: 0 | I3: 352 | J3: 50 | K3: 0 | L3: 0 | M3: 0 | N3: 0 | O3: 0 | P3: 354 | Q3: 516 | R3: 0 | S3: 0 | T3: 0
A4: 1226384 | B4: 0 | C4: 0 | D4: 0 | E4: 0 | F4: 0 | G4: 360 | H4: 100 | I4: 400 | J4: 0 | K4: 0 | L4: 0 | M4: 0 | N4: 0 | O4: 0 | P4: 0 | Q4: 0 | R4: 0 | S4: 0 | T4: 0
A5: 1226388 | B5: 0 | C5: 0 | D5: 0 | E5: 0 | F5: 0 | G5: 360 | H5: 100 | I5: 400 | J5: 0 | K5: 0 | L5: 0 | M5: 0 | N5: 0 | O5: 0 | P5: 0 | Q5: 0 | R5: 0 | S5: 0 | T5: 0
A6: 1229673 | B6: 200 | C6: 200 | D6: 242 | E6: 0 | F6: 0 | G6: 250 | H6: 250 | I6: 250 | J6: 250 | K6: 200 | L6: 0 | M6: 0 | N6: 300 | O6: 200 | P6: 200 | Q6: 200 | R6: 300 | S6: 0 | T6: 0
A7: 1230854 | B7: 0 | C7: 0 | D7: 0 | E7: 0 | F7: 0 | G7: 200 | H7: 0 | I7: 0 | J7: 0 | K7: 0 | L7: 0 | M7: 0 | N7: 0 | O7: 0 | P7: 0 | Q7: 0 | R7: 0 | S7: 0 | T7: 0
A8: 1233632 | B8: 0 | C8: 346 | D8: 330 | E8: 0 | F8: 0 | G8: 406 | H8: 0 | I8: 0 | J8: 0 | K8: 0 | L8: 0 | M8: 0 | N8: 0 | O8: 0 | P8: 0 | Q8: 0 | R8: 0 | S8: 0 | T8: 0
A9: 1237088 | B9: 694 | C9: 1286 | D9: 1570 | E9: 0 | F9: 0 | G9: 1276 | H9: 906 | I9: 1006 | J9: 942 | K9: 1496 | L9: 0 | M9: 0 | N9: 1388 | O9: 724 | P9: 928 | Q9: 524 | R9: 1129 | S9: 0 | T9: 0
A10: 1237748 | B10: 0 | C10: 260 | D10: 0 | E10: 0 | F10: 0 | G10: 0 | H10: 0 | I10: 0 | J10: 0 | K10: 0 | L10: 0 | M10: 0 | N10: 0 | O10: 0 | P10: 0 | Q10: 0 | R10: 0 | S10: 0 | T10: 0
A11: 1236091 | B11: 0 | C11: 0 | D11: 0 | E11: 0 | F11: 0 | G11: 0 | H11: 0 | I11: 200 | J11: 0 | K11: 0 | L11: 0 | M11: 0 | N11: 0 | O11: 0 | P11: 0 | Q11: 0 | R11: 0 | S11: 0 | T11: 0
A12: 1238128 | B12: 0 | C12: 404 | D12: 377 | E12: 0 | F12: 0 | G12: 480 | H12: 480 | I12: 378 | J12: 912 | K12: 960 | L12: 0 | M12: 0 | N12: 546 | O12: 480 | P12: 50 | Q12: 294 | R12: 378 | S12: 0 | T12: 0
A13: 1236962 | B13: 200 | C13: 400 | D13: 400 | E13: 0 | F13: 0 | G13: 250 | H13: 250 | I13: 0 | J13: 250 | K13: 250 | L13: 0 | M13: 0 | N13: 200 | O13: 400 | P13: 200 | Q13: 200 | R13: 300 | S13: 0 | T13: 0
... A19: 1240308 | B19: 500 | C19: 250 | D19: 0 | E19: 0 | F19: 0 | G19: 0 | H19: 200 | I19: 0 | J19: 350 | K19: 200 | L19: 0 | M19: 0 | N19: 0 | O19: 450 | P19: 300 | Q19: 0 | R19: 0 | S19: 0 | T19: 0
A22: 품번 | B22: 01/07(수) | C22: 01/08(목) | D22: 01/09(금) | E22: 01/10(토) | F22: 01/11(일) | G22: 01/12(월) | H22: 01/13(화) | I22: 01/14(수) | J22: 01/15(목) | K22: 01/16(금) | L22: 01/17(토) | M22: 01/18(일) | N22: 01/19(월) | O22: 01/20(화) | P22: 01/21(수) | Q22: 01/22(목) | R22: 01/23(금) | S22: 01/24(토) | T22: 01/25(일)
A23: 1237608 | B23: 0 | C23: 0 | D23: 0 | E23: 0 | F23: 0 | G23: 0 | H23: 350 | I23: 250 | J23: 0 | K23: 0 | L23: 0 | M23: 0 | N23: 0 | O23: 0 | P23: 0 | Q23: 0 | R23: 0 | S23: 0 | T23: 0
A24: 1232846 | B24: 0 | C24: 0 | D24: 0 | E24: 0 | F24: 0 | G24: 0 | H24: 327 | I24: 352 | J24: 21 | K24: 0 | L24: 0 | M24: 0 | N24: 0 | O24: 403 | P24: 352 | Q24: 449 | R24: 7 | S24: 0 | T24: 0
A25: 1232895 | B25: 0 | C25: 0 | D25: 0 | E25: 0 | F25: 0 | G25: 0 | H25: 327 | I25: 352 | J25: 21 | K25: 0 | L25: 0 | M25: 0 | N25: 0 | O25: 403 | P25: 352 | Q25: 449 | R25: 7 | S25: 0 | T25: 0
A26: 1233384 | B26: 0 | C26: 0 | D26: 0 | E26: 0 | F26: 0 | G26: 0 | H26: 327 | I26: 352 | J26: 21 | K26: 0 | L26: 0 | M26: 0 | N26: 0 | O26: 403 | P26: 352 | Q26: 449 | R26: 7 | S26: 0 | T26: 0
A27: 1233165 | B27: 0 | C27: 0 | D27: 0 | E27: 0 | F27: 0 | G27: 0 | H27: 0 | I27: 0 | J27: 0 | K27: 0 | L27: 0 | M27: 0 | N27: 0 | O27: 0 | P27: 0 | Q27: 0 | R27: 250 | S27: 0 | T27: 0
A28: 1236387 | B28: 265 | C28: 395 | D28: 0 | E28: 0 | F28: 0 | G28: 0 | H28: 0 | I28: 0 | J28: 0 | K28: 0 | L28: 0 | M28: 0 | N28: 411 | O28: 325 | P28: 0 | Q28: 0 | R28: 0 | S28: 0 | T28: 0
A29: 1232775 | B29: 277 | C29: 311 | D29: 14 | E29: 0 | F29: 0 | G29: 0 | H29: 288 | I29: 243 | J29: 309 | K29: 309 | L29: 0 | M29: 0 | N29: 298 | O29: 8 | P29: 0 | Q29: 0 | R29: 0 | S29: 0 | T29: 0
A30: 1238605 | B30: 0 | C30: 0 | D30: 189 | E30: 0 | F30: 0 | G30: 238 | H30: 6 | I30: 0 | J30: 0 | K30: 0 | L30: 0 | M30: 0 | N30: 0 | O30: 42 | P30: 187 | Q30: 182 | R30: 4 | S30: 0 | T30: 0
A35: 품번 | B35: 01/07(수) | C35: 01/08(목) | D35: 01/09(금) | E35: 01/10(토) | F35: 01/11(일) | G35: 01/12(월) | H35: 01/13(화) | I35: 01/14(수) | J35: 01/15(목) | K35: 01/16(금) | L35: 01/17(토) | M35: 01/18(일) | N35: 01/19(월) | O35: 01/20(화) | P35: 01/21(수) | Q35: 01/22(목) | R35: 01/23(금) | S35: 01/24(토) | T35: 01/25(일)
A36: 1230692 | B36: 0 | C36: 0 | D36: 0 | E36: 0 | F36: 0 | G36: 0 | H36: 0 | I36: 0 | J36: 0 | K36: 0 | L36: 0 | M36: 0 | N36: 0 | O36: 0 | P36: 0 | Q36: 100 | R36: 0 | S36: 0 | T36: 0
A37: 1221967 | B37: 0 | C37: 0 | D37: 0 | E37: 0 | F37: 0 | G37: 0 | H37: 0 | I37: 176 | J37: 0 | K37: 0 | L37: 0 | M37: 0 | N37: 0 | O37: 0 | P37: 0 | Q37: 0 | R37: 0 | S37: 0 | T37: 0
A38: 1227306 | B38: 277 | C38: 123 | D38: 0 | E38: 0 | F38: 0 | G38: 0 | H38: 0 | I38: 0 | J38: 0 | K38: 0 | L38: 0 | M38: 0 | N38: 150 | O38: 500 | P38: 400 | Q38: 110 | R38: 0 | S38: 0 | T38: 0
A39: 1227359 | B39: 0 | C39: 86 | D39: 0 | E39: 0 | F39: 0 | G39: 0 | H39: 0 | I39: 0 | J39: 0 | K39: 0 | L39: 0 | M39: 0 | N39: 0 | O39: 0 | P39: 0 | Q39: 0 | R39: 0 | S39: 0 | T39: 0
A40: 1229088 | B40: 0 | C40: 0 | D40: 0 | E40: 0 | F40: 0 | G40: 0 | H40: 492 | I40: 0 | J40: 0 | K40: 0 | L40: 0 | M40: 0 | N40: 0 | O40: 0 | P40: 0 | Q40: 0 | R40: 0 | S40: 0 | T40: 0
A41: 1231090 | B41: 0 | C41: 0 | D41: 0 | E41: 0 | F41: 0 | G41: 0 | H41: 0 | I41: 0 | J41: 0 | K41: 0 | L41: 0 | M41: 0 | N41: 200 | O41: 0 | P41: 0 | Q41: 0 | R41: 0 | S41: 0 | T41: 0
A42: 1229776 | B42: 0 | C42: 0 | D42: 0 | E42: 0 | F42: 0 | G42: 0 | H42: 0 | I42: 0 | J42: 0 | K42: 0 | L42: 0 | M42: 0 | N42: 200 | O42: 0 | P42: 0 | Q42: 0 | R42: 0 | S42: 0 | T42: 0
A43: 1231797 | B43: 0 | C43: 0 | D43: 0 | E43: 0 | F43: 0 | G43: 0 | H43: 113 | I43: 0 | J43: 0 | K43: 0 | L43: 0 | M43: 0 | N43: 0 | O43: 0 | P43: 0 | Q43: 0 | R43: 0 | S43: 0 | T43: 0
A44: 1225464 | B44: 0 | C44: 0 | D44: 0 | E44: 0 | F44: 0 | G44: 0 | H44: 0 | I44: 0 | J44: 0 | K44: 0 | L44: 0 | M44: 0 | N44: 0 | O44: 0 | P44: 0 | Q44: 0 | R44: 28 | S44: 0 | T44: 0
A45: 1234222 | B45: 0 | C45: 0 | D45: 0 | E45: 0 | F45: 0 | G45: 0 | H45: 0 | I45: 0 | J45: 0 | K45: 0 | L45: 0 | M45: 0 | N45: 0 | O45: 220 | P45: 258 | Q45: 0 | R45: 0 | S45: 0 | T45: 0
A46: 1232528 | B46: 0 | C46: 0 | D46: 0 | E46: 0 | F46: 0 | G46: 161 | H46: 686 | I46: 539 | J46: 651 | K46: 0 | L46: 0 | M46: 0 | N46: 0 | O46: 0 | P46: 0 | Q46: 0 | R46: 147 | S46: 0 | T46: 0
A47: 1233587 | B47: 0 | C47: 0 | D47: 0 | E47: 0 | F47: 0 | G47: 0 | H47: 0 | I47: 10 | J47: 0 | K47: 0 | L47: 0 | M47: 0 | N47: 0 | O47: 0 | P47: 0 | Q47: 0 | R47: 0 | S47: 0 | T47: 0
... A80: 1233580 | B80: 0 | C80: 0 | D80: 0 | E80: 0 | F80: 0 | G80: 0 | H80: 0 | I80: 0 | J80: 0 | K80: 0 | L80: 0 | M80: 0 | N80: 130 | O80: 0 | P80: 0 | Q80: 0 | R80: 0 | S80: 0 | T80: 0

Sheet 0107 W12
A1: 차이 | C1: =+C2-C3 -> 0 | D1: =+D2-D3 -> 0 | E1: =+E2-E3 -> 0 | F1: =+F2-F3 -> 0 | G1: =+G2-G3 -> 0 | H1: =+H2-H3 -> 0 | I1: =+I2-I3 -> 0 | J1: =+J2-J3 -> 0 | ... L1: =+L2-L3 -> 0
A2: 영판 | C2: 44885 | D2: 48523 | E2: 47685 | F2: 19838 | G2: 33925 | H2: 33056 | I2: 47301 | J2: 41621 | K2: 42446 | L2: 49771 | M2: 0 | N2: 0
A3: 합계 | C3: =C4+C5 -> 44885 | D3: =D4+D5 -> 48523 | E3: =E4+E5 -> 47685 | F3: =F4+F5 -> 19838 | G3: =G4+G5 -> 33925 | H3: =H4+H5 -> 33056 | I3: =I4+I5 -> 47301 | J3: =J4+J5 -> 41621 | ... L3: =L4+L5 -> 49771
A4: 인천 | C4: =SUM(C9:C46) -> 28544 | D4: =SUM(D9:D46) -> 22850 | E4: =SUM(E9:E46) -> 28486 | F4: =SUM(F9:F46) -> 13100 | G4: =SUM(G9:G46) -> 21520 | H4: =SUM(H9:H46) -> 21430 | I4: =SUM(I9:I46) -> 23026 | J4: =SUM(J9:J46) -> 27392 | ... L4: =SUM(L9:L46) -> 35072
A5: 유구 | C5: =SUM(C70:C131) -> 16341 | D5: =SUM(D70:D131) -> 25673 | E5: =SUM(E70:E131) -> 19199 | F5: =SUM(F70:F131) -> 6738 | G5: =SUM(G70:G131) -> 12405 | H5: =SUM(H70:H131) -> 11626 | I5: =SUM(I70:I131) -> 24275 | J5: =SUM(J70:J131) -> 14229 | ... L5: =SUM(L70:L131) -> 14699
B7: 품번 | C7: 05W | D7: 06W | E7: 07W | F7: 08W | G7: 09W | H7: 10W | I7: 11W | J7: 12W | K7: 13W | L7: 14W
C8: 01/26 ~ 02/01 | D8: 02/02 ~ 02/08 | E8: 02/09 ~ 02/15 | F8: 02/16 ~ 02/22 | G8: 02/23 ~ 03/01 | H8: 03/02 ~ 03/08 | I8: 03/09 ~ 03/15 | J8: 03/16 ~ 03/22 | K8: 03/23 ~ 03/29 | L8: 03/30 ~ 04/05
B9: 1226384 | C9: 0 | D9: 1160 | E9: 200 | F9: 0 | G9: 300 | H9: 300 | I9: 0 | J9: 0 | K9: 400 | L9: 200 | N9: =SUM(D9:L9) -> 2560 | O9: =IFERROR(VLOOKUP(B9,'[1]26.02W (1월생판)'!$G$7:$AP$298,36,0),0) -> 2560 | P9: =+N9-O9 -> 0 | R9: =SUM(D9:L9) -> 2560
B10: 1226388 | C10: 0 | D10: 1160 | E10: 200 | F10: 0 | G10: 300 | H10: 300 | I10: 0 | J10: 0 | K10: 400 | L10: 200 | N10: =SUM(D10:L10) -> 2560 | O10: =IFERROR(VLOOKUP(B10,'[1]26.02W (1월생판)'!$G$7:$AP$298,36,0),0) -> 2560 | P10: =+N10-O10 -> 0 | R10: =SUM(D10:L10) -> 2560
B11: 1227431 | C11: 0 | D11: 0 | E11: 96 | F11: 0 | G11: 0 | H11: 0 | I11: 0 | J11: 0 | K11: 0 | L11: 0 | N11: =SUM(D11:L11) -> 96 | O11: =IFERROR(VLOOKUP(B11,'[1]26.02W (1월생판)'!$G$7:$AP$298,36,0),0) -> 96 | P11: =+N11-O11 -> 0 | R11: =SUM(D11:L11) -> 96
B12: 1227433 | C12: 0 | D12: 0 | E12: 96 | F12: 0 | G12: 0 | H12: 0 | I12: 0 | J12: 0 | K12: 0 | L12: 0 | N12: =SUM(D12:L12) -> 96 | O12: =IFERROR(VLOOKUP(B12,'[1]26.02W (1월생판)'!$G$7:$AP$298,36,0),0) -> 96 | P12: =+N12-O12 -> 0 | R12: =SUM(D12:L12) -> 96
B13: 1229673 | C13: 800 | D13: 900 | E13: 900 | F13: 400 | G13: 600 | H13: 900 | I13: 1000 | J13: 1000 | K13: 900 | L13: 1300 | N13: =SUM(D13:L13) -> 7900 | O13: =IFERROR(VLOOKUP(B13,'[1]26.02W (1월생판)'!$G$7:$AP$298,36,0),0) -> 8700 | P13: =+N13-O13 -> -800 | R13: =SUM(D13:L13) -> 7900
B14: 1230692 | C14: 688 | D14: 1000 | E14: 1000 | F14: 0 | G14: 1000 | H14: 700 | I14: 600 | J14: 700 | K14: 600 | L14: 1400 | N14: =SUM(D14:L14) -> 7000 | O14: =IFERROR(VLOOKUP(B14,'[1]26.02W (1월생판)'!$G$7:$AP$298,36,0),0) -> 7988 | P14: =+N14-O14 -> -988 | Q14: 유구 | R14: =SUM(D14:L14) -> 7000
B15: 1230696 | C15: 24 | D15: 200 | E15: 200 | F15: 200 | G15: 0 | H15: 0 | I15: 200 | J15: 200 | K15: 0 | L15: 0 | N15: =SUM(D15:L15) -> 1000 | O15: =IFERROR(VLOOKUP(B15,'[1]26.02W (1월생판)'!$G$7:$AP$298,36,0),0) -> 1024 | P15: =+N15-O15 -> -24 | R15: =SUM(D15:L15) -> 1000
B16: 1230854 | C16: 0 | D16: 0 | E16: 200 | F16: 0 | G16: 0 | H16: 0 | I16: 0 | J16: 200 | K16: 0 | L16: 0 | N16: =SUM(D16:L16) -> 400 | O16: =IFERROR(VLOOKUP(B16,'[1]26.02W (1월생판)'!$G$7:$AP$298,36,0),0) -> 400 | P16: =+N16-O16 -> 0 | R16: =SUM(D16:L16) -> 400
B17: 1231202 | C17: 0 | D17: 0 | E17: 0 | F17: 0 | G17: 0 | H17: 150 | I17: 0 | J17: 0 | K17: 0 | L17: 0 | N17: =SUM(D17:L17) -> 150 | O17: =IFERROR(VLOOKUP(B17,'[1]26.02W (1월생판)'!$G$7:$AP$298,36,0),0) -> 150 | P17: =+N17-O17 -> 0 | R17: =SUM(D17:L17) -> 150
B18: 1231898 | C18: 2240 | D18: 1792 | E18: 2240 | F18: 1912 | G18: 1344 | H18: 1344 | I18: 1792 | J18: 1792 | K18: 1792 | L18: 2240 | N18: =SUM(D18:L18) -> 16248 | O18: =IFERROR(VLOOKUP(B18,'[1]26.02W (1월생판)'!$G$7:$AP$298,36,0),0) -> 18488 | P18: =+N18-O18 -> -2240 | R18: =SUM(D18:L18) -> 16248
B19: 1232693 | C19: 1396 | D19: 0 | E19: 1397 | F19: 0 | G19: 0 | H19: 1407 | I19: 0 | J19: 0 | K19: 1407 | L19: 2793 | N19: =SUM(D19:L19) -> 7004 | O19: =IFERROR(VLOOKUP(B19,'[1]26.02W (1월생판)'!$G$7:$AP$298,36,0),0) -> 8456 | P19: =+N19-O19 -> -1452 | Q19: 유구 | R19: =SUM(D19:L19) -> 7004
B20: 1233025 | C20: 1396 | D20: 0 | E20: 1397 | F20: 0 | G20: 0 | H20: 1407 | I20: 0 | J20: 0 | K20: 1407 | L20: 2793 | N20: =SUM(D20:L20) -> 7004 | O20: =IFERROR(VLOOKUP(B20,'[1]26.02W (1월생판)'!$G$7:$AP$298,36,0),0) -> 8456 | P20: =+N20-O20 -> -1452 | Q20: 유구 | R20: =SUM(D20:L20) -> 7004
B21: 1233492 | C21: 0 | D21: 0 | E21: 0 | F21: 0 | G21: 0 | H21: 0 | I21: 0 | J21: 500 | K21: 0 | L21: 300 | N21: =SUM(D21:L21) -> 800 | O21: =IFERROR(VLOOKUP(B21,'[1]26.02W (1월생판)'!$G$7:$AP$298,36,0),0) -> 800 | P21: =+N21-O21 -> 0 | R21: =SUM(D21:L21) -> 800
B22: 1233498 | C22: 0 | D22: 0 | E22: 0 | F22: 0 | G22: 0 | H22: 0 | I22: 0 | J22: 500 | K22: 0 | L22: 300 | N22: =SUM(D22:L22) -> 800 | O22: =IFERROR(VLOOKUP(B22,'[1]26.02W (1월생판)'!$G$7:$AP$298,36,0),0) -> 800 | P22: =+N22-O22 -> 0 | R22: =SUM(D22:L22) -> 800
B23: 1233623 | C23: 0 | D23: 0 | E23: 0 | F23: 0 | G23: 0 | H23: 0 | I23: 0 | J23: 500 | K23: 0 | L23: 300 | N23: =SUM(D23:L23) -> 800 | O23: =IFERROR(VLOOKUP(B23,'[1]26.02W (1월생판)'!$G$7:$AP$298,36,0),0) -> 800 | P23: =+N23-O23 -> 0 | R23: =SUM(D23:L23) -> 800
B24: 1233632 | C24: 401 | D24: 0 | E24: 0 | F24: 0 | G24: 0 | H24: 0 | I24: 0 | J24: 0 | K24: 0 | L24: 0 | N24: =SUM(D24:L24) -> 0 | O24: =IFERROR(VLOOKUP(B24,'[1]26.02W (1월생판)'!$G$7:$AP$298,36,0),0) -> 401 | P24: =+N24-O24 -> -401 | R24: =SUM(D24:L24) -> 0
B25: 1233761 | C25: 0 | D25: 200 | E25: 350 | F25: 0 | G25: 200 | H25: 0 | I25: 200 | J25: 0 | K25: 250 | L25: 200 | N25: =SUM(D25:L25) -> 1400 | O25: =IFERROR(VLOOKUP(B25,'[1]26.02W (1월생판)'!$G$7:$AP$298,36,0),0) -> 1400 | P25: =+N25-O25 -> 0 | R25: =SUM(D25:L25) -> 1400
B26: 1233877 | C26: 0 | D26: 0 | E26: 0 | F26: 0 | G26: 0 | H26: 120 | I26: 0 | J26: 0 | K26: 0 | L26: 0 | N26: =SUM(D26:L26) -> 120 | O26: =IFERROR(VLOOKUP(B26,'[1]26.02W (1월생판)'!$G$7:$AP$298,36,0),0) -> 120 | P26: =+N26-O26 -> 0 | R26: =SUM(D26:L26) -> 120
B27: 1234614 | C27: 0 | D27: 0 | E27: 0 | F27: 0 | G27: 0 | H27: 0 | I27: 400 | J27: 400 | K27: 0 | L27: 300 | N27: =SUM(D27:L27) -> 1100 | O27: =IFERROR(VLOOKUP(B27,'[1]26.02W (1월생판)'!$G$7:$AP$298,36,0),0) -> 1100 | P27: =+N27-O27 -> 0 | R27: =SUM(D27:L27) -> 1100
B28: 1235003 | C28: 2068 | D28: 900 | E28: 1350 | F28: 550 | G28: 650 | H28: 600 | I28: 1300 | J28: 1350 | K28: 950 | L28: 1150 | N28: =SUM(D28:L28) -> 8800 | O28: =IFERROR(VLOOKUP(B28,'[1]26.02W (1월생판)'!$G$7:$AP$298,36,0),0) -> 10868 | P28: =+N28-O28 -> -2068 | R28: =SUM(D28:L28) -> 8800
B29: 1235058 | C29: 320 | D29: 150 | E29: 200 | F29: 100 | G29: 100 | H29: 0 | I29: 250 | J29: 250 | K29: 250 | L29: 150 | N29: =SUM(D29:L29) -> 1450 | O29: =IFERROR(VLOOKUP(B29,'[1]26.02W (1월생판)'!$G$7:$AP$298,36,0),0) -> 1770 | P29: =+N29-O29 -> -320 | R29: =SUM(D29:L29) -> 1450
B30: 1235623 | C30: 0 | D30: 936 | E30: 936 | F30: 0 | G30: 0 | H30: 0 | I30: 0 | J30: 2808 | K30: 0 | L30: 0 | N30: =SUM(D30:L30) -> 4680 | O30: =IFERROR(VLOOKUP(B30,'[1]26.02W (1월생판)'!$G$7:$AP$298,36,0),0) -> 4680 | P30: =+N30-O30 -> 0 | R30: =SUM(D30:L30) -> 4680
B31: 1236091 | C31: 0 | D31: 200 | E31: 250 | F31: 0 | G31: 200 | H31: 0 | I31: 300 | J31: 350 | K31: 0 | L31: 0 | N31: =SUM(D31:L31) -> 1300 | O31: =IFERROR(VLOOKUP(B31,'[1]26.02W (1월생판)'!$G$7:$AP$298,36,0),0) -> 1300 | P31: =+N31-O31 -> 0 | R31: =SUM(D31:L31) -> 1300
B32: 1236488 | C32: 112 | D32: 800 | E32: 800 | F32: 500 | G32: 800 | H32: 1200 | I32: 1300 | J32: 1200 | K32: 1300 | L32: 900 | N32: =SUM(D32:L32) -> 8800 | O32: =IFERROR(VLOOKUP(B32,'[1]26.02W (1월생판)'!$G$7:$AP$298,36,0),0) -> 8912 | P32: =+N32-O32 -> -112 | R32: =SUM(D32:L32) -> 8800
... B41: 1239988 | C41: 1600 | D41: 750 | E41: 742 | F41: 300 | G41: 450 | H41: 400 | I41: 600 | J41: 1200 | K41: 1000 | L41: 800 | N41: =SUM(D41:L41) -> 6242 | O41: =IFERROR(VLOOKUP(B41,'[1]26.02W (1월생판)'!$G$7:$AP$298,36,0),0) -> 7842 | P41: =+N41-O41 -> -1600 | R41: =SUM(D41:L41) -> 6242
B42: 1240180 | C42: 1504 | D42: 286 | E42: 746 | F42: 738 | G42: 0 | H42: 1312 | I42: 1684 | J42: 2050 | K42: 1584 | L42: 1000 | N42: =SUM(D42:L42) -> 9400 | O42: =IFERROR(VLOOKUP(B42,'[1]26.02W (1월생판)'!$G$7:$AP$298,36,0),0) -> 12674 | P42: =+N42-O42 -> -3274 | Q42: 유구 | R42: =SUM(D42:L42) -> 9400
B43: 1240184 | C43: 1504 | D43: 286 | E43: 596 | F43: 438 | G43: 0 | H43: 1312 | I43: 1534 | J43: 1750 | K43: 1584 | L43: 900 | N43: =SUM(D43:L43) -> 8400 | O43: =IFERROR(VLOOKUP(B43,'[1]26.02W (1월생판)'!$G$7:$AP$298,36,0),0) -> 11674 | P43: =+N43-O43 -> -3274 | Q43: 유구 | R43: =SUM(D43:L43) -> 8400
B44: 1240308 | C44: 750 | D44: 750 | E44: 850 | F44: 200 | G44: 600 | H44: 350 | I44: 750 | J44: 650 | K44: 550 | L44: 450 | N44: =SUM(D44:L44) -> 5150 | O44: =IFERROR(VLOOKUP(B44,'[1]26.02W (1월생판)'!$G$7:$AP$298,36,0),0) -> 5900 | P44: =+N44-O44 -> -750 | R44: =SUM(D44:L44) -> 5150
B45: 1241134 | C45: 0 | D45: 0 | E45: 0 | F45: 0 | G45: 0 | H45: 0 | I45: 0 | J45: 0 | K45: 0 | L45: 1900 | N45: =SUM(D45:L45) -> 1900 | O45: =IFERROR(VLOOKUP(B45,'[1]26.02W (1월생판)'!$G$7:$AP$298,36,0),0) -> 1900 | P45: =+N45-O45 -> 0 | R45: =SUM(D45:L45) -> 1900
B46: 1241601 | C46: 0 | D46: 4900 | E46: 5000 | F46: 2400 | G46: 4400 | H46: 3800 | I46: 4100 | J46: 3100 | K46: 4000 | L46: 4700 | N46: =SUM(D46:L46) -> 36400 | O46: =IFERROR(VLOOKUP(B46,'[1]26.02W (1월생판)'!$G$7:$AP$298,36,0),0) -> 36400 | P46: =+N46-O46 -> 0 | R46: =SUM(D46:L46) -> 36400
B47: 3104649 | C47: 24 | D47: 0 | E47: 0 | F47: 0 | G47: 0 | H47: 24 | I47: 0 | J47: 0 | K47: 24 | L47: 0 | N47: =SUM(C47:L47) -> 72 | O47: =IFERROR(VLOOKUP(B47,'[1]26.02W (1월생판)'!$G$7:$AP$298,36,0),0) -> 0 | P47: =+N47-O47 -> 72 | R47: =SUM(D47:L47) -> 48
B48: 3105058 | C48: 0 | D48: 0 | E48: 0 | F48: 0 | G48: 0 | H48: 24 | I48: 48 | J48: 72 | K48: 48 | L48: 72 | N48: =SUM(C48:L48) -> 264 | O48: =IFERROR(VLOOKUP(B48,'[1]26.02W (1월생판)'!$G$7:$AP$298,36,0),0) -> 0 | P48: =+N48-O48 -> 264 | R48: =SUM(D48:L48) -> 264
B49: 3106127 | C49: 0 | D49: 24 | E49: 0 | F49: 0 | G49: 0 | H49: 0 | I49: 12 | J49: 0 | K49: 0 | L49: 0 | N49: =SUM(C49:L49) -> 36 | O49: =IFERROR(VLOOKUP(B49,'[1]26.02W (1월생판)'!$G$7:$AP$298,36,0),0) -> 0 | P49: =+N49-O49 -> 36 | R49: =SUM(D49:L49) -> 36
B50: 3107879 | C50: 0 | D50: 354 | E50: 239 | F50: 239 | G50: 239 | H50: 239 | I50: 239 | J50: 239 | K50: 239 | L50: 239 | N50: =SUM(C50:L50) -> 2266 | O50: =IFERROR(VLOOKUP(B50,'[1]26.02W (1월생판)'!$G$7:$AP$298,36,0),0) -> 0 | P50: =+N50-O50 -> 2266 | R50: =SUM(D50:L50) -> 2266
B51: 3107881 | C51: 84 | D51: 367 | E51: 441 | F51: 441 | G51: 441 | H51: 441 | I51: 441 | J51: 441 | K51: 441 | L51: 441 | N51: =SUM(C51:L51) -> 3979 | O51: =IFERROR(VLOOKUP(B51,'[1]26.02W (1월생판)'!$G$7:$AP$298,36,0),0) -> 0 | P51: =+N51-O51 -> 3979 | R51: =SUM(D51:L51) -> 3895
B52: 3110110 | C52: 0 | D52: 24 | E52: 0 | F52: 0 | G52: 0 | H52: 0 | I52: 0 | J52: 0 | K52: 0 | L52: 0 | N52: =SUM(C52:L52) -> 24 | O52: =IFERROR(VLOOKUP(B52,'[1]26.02W (1월생판)'!$G$7:$AP$298,36,0),0) -> 0 | P52: =+N52-O52 -> 24 | R52: =SUM(D52:L52) -> 24
B53: 3110242 | C53: 316 | D53: 0 | E53: 0 | F53: 0 | G53: 0 | H53: 35 | I53: 94 | J53: 94 | K53: 94 | L53: 94 | N53: =SUM(C53:L53) -> 727 | O53: =IFERROR(VLOOKUP(B53,'[1]26.02W (1월생판)'!$G$7:$AP$298,36,0),0) -> 0 | P53: =+N53-O53 -> 727 | R53: =SUM(D53:L53) -> 411
B54: 3110248 | C54: 10 | D54: 0 | E54: 0 | F54: 0 | G54: 0 | H54: 17 | I54: 19 | J54: 19 | K54: 19 | L54: 19 | N54: =SUM(C54:L54) -> 103 | O54: =IFERROR(VLOOKUP(B54,'[1]26.02W (1월생판)'!$G$7:$AP$298,36,0),0) -> 0 | P54: =+N54-O54 -> 103 | R54: =SUM(D54:L54) -> 93
B55: 3111280 | C55: 0 | D55: 5 | E55: 0 | F55: 0 | G55: 0 | H55: 0 | I55: 0 | J55: 0 | K55: 0 | L55: 0 | N55: =SUM(C55:L55) -> 5 | O55: =IFERROR(VLOOKUP(B55,'[1]26.02W (1월생판)'!$G$7:$AP$298,36,0),0) -> 0 | P55: =+N55-O55 -> 5 | R55: =SUM(D55:L55) -> 5
B56: 3112438 | C56: 0 | D56: 4226 | E56: 989 | F56: 989 | G56: 989 | H56: 989 | I56: 989 | J56: 989 | K56: 989 | L56: 989 | N56: =SUM(C56:L56) -> 12138 | O56: =IFERROR(VLOOKUP(B56,'[1]26.02W (1월생판)'!$G$7:$AP$298,36,0),0) -> 0 | P56: =+N56-O56 -> 12138 | R56: =SUM(D56:L56) -> 12138
B57: 3112440 | C57: 0 | D57: 826 | E57: 243 | F57: 243 | G57: 243 | H57: 243 | I57: 243 | J57: 243 | K57: 243 | L57: 243 | N57: =SUM(C57:L57) -> 2770 | O57: =IFERROR(VLOOKUP(B57,'[1]26.02W (1월생판)'!$G$7:$AP$298,36,0),0) -> 0 | P57: =+N57-O57 -> 2770 | R57: =SUM(D57:L57) -> 2770
B58: 3114652 | C58: 0 | D58: 8 | E58: 1 | F58: 1 | G58: 1 | H58: 1 | I58: 1 | J58: 1 | K58: 1 | L58: 1 | N58: =SUM(C58:L58) -> 16 | O58: =IFERROR(VLOOKUP(B58,'[1]26.02W (1월생판)'!$G$7:$AP$298,36,0),0) -> 0 | P58: =+N58-O58 -> 16 | R58: =SUM(D58:L58) -> 16
... B65: 3125033 | C65: 0 | D65: 0 | E65: 0 | F65: 0 | G65: 24 | H65: 48 | I65: 24 | J65: 48 | K65: 24 | L65: 48 | N65: =SUM(C65:L65) -> 216 | O65: =IFERROR(VLOOKUP(B65,'[1]26.02W (1월생판)'!$G$7:$AP$298,36,0),0) -> 0 | P65: =+N65-O65 -> 216 | R65: =SUM(D65:L65) -> 216
R66: =SUM(D66:L66) -> 0
R67: =SUM(D67:L67) -> 0
B68: 품번 | C68: 05W | D68: 06W | E68: 07W | F68: 08W | G68: 09W | H68: 10W | I68: 11W | J68: 12W | K68: 13W | L68: 14W | R68: =SUM(D68:L68) -> 0
C69: 01/26 ~ 02/01 | D69: 02/02 ~ 02/08 | E69: 02/09 ~ 02/15 | F69: 02/16 ~ 02/22 | G69: 02/23 ~ 03/01 | H69: 03/02 ~ 03/08 | I69: 03/09 ~ 03/15 | J69: 03/16 ~ 03/22 | K69: 03/23 ~ 03/29 | L69: 03/30 ~ 04/05 | R69: =SUM(D69:L69) -> 0
B70: 1216452 | C70: 518 | D70: 0 | E70: 0 | F70: 0 | G70: 0 | H70: 0 | I70: 0 | J70: 0 | K70: 0 | L70: 144 | N70: =SUM(D70:L70) -> 144 | O70: =IFERROR(VLOOKUP(B70,'[1]26.02W (1월생판)'!$G$7:$AP$298,36,0),0) -> 662 | P70: =+N70-O70 -> -518 | R70: =SUM(D70:L70) -> 144
B71: 1220847 | C71: 0 | D71: 2556 | E71: 0 | F71: 130 | G71: 0 | H71: 0 | I71: 1086 | J71: 0 | K71: 0 | L71: 0 | N71: =SUM(D71:L71) -> 3772 | O71: =IFERROR(VLOOKUP(B71,'[1]26.02W (1월생판)'!$G$7:$AP$298,36,0),0) -> 3772 | P71: =+N71-O71 -> 0 | R71: =SUM(D71:L71) -> 3772
B72: 1221967 | C72: 0 | D72: 20 | E72: 50 | F72: 0 | G72: 0 | H72: 0 | I72: 20 | J72: 0 | K72: 329 | L72: 0 | N72: =SUM(D72:L72) -> 419 | O72: =IFERROR(VLOOKUP(B72,'[1]26.02W (1월생판)'!$G$7:$AP$298,36,0),0) -> 419 | P72: =+N72-O72 -> 0 | R72: =SUM(D72:L72) -> 419
B73: 1225464 | C73: 0 | D73: 756 | E73: 0 | F73: 0 | G73: 0 | H73: 0 | I73: 780 | J73: 0 | K73: 0 | L73: 0 | N73: =SUM(D73:L73) -> 1536 | O73: =IFERROR(VLOOKUP(B73,'[1]26.02W (1월생판)'!$G$7:$AP$298,36,0),0) -> 1536 | P73: =+N73-O73 -> 0 | R73: =SUM(D73:L73) -> 1536
B74: 1227306 | C74: 400 | D74: 0 | E74: 0 | F74: 0 | G74: 0 | H74: 220 | I74: 0 | J74: 700 | K74: 250 | L74: 200 | N74: =SUM(D74:L74) -> 1370 | O74: =IFERROR(VLOOKUP(B74,'[1]26.02W (1월생판)'!$G$7:$AP$298,36,0),0) -> 1770 | P74: =+N74-O74 -> -400 | R74: =SUM(D74:L74) -> 1370
B75: 1227359 | C75: 0 | D75: 0 | E75: 0 | F75: 20 | G75: 0 | H75: 0 | I75: 0 | J75: 0 | K75: 0 | L75: 0 | N75: =SUM(D75:L75) -> 20 | O75: =IFERROR(VLOOKUP(B75,'[1]26.02W (1월생판)'!$G$7:$AP$298,36,0),0) -> 20 | P75: =+N75-O75 -> 0 | R75: =SUM(D75:L75) -> 20
B76: 1229050 | C76: 165 | D76: 0 | E76: 0 | F76: 0 | G76: 185 | H76: 0 | I76: 0 | J76: 0 | K76: 200 | L76: 0 | N76: =SUM(D76:L76) -> 385 | O76: =IFERROR(VLOOKUP(B76,'[1]26.02W (1월생판)'!$G$7:$AP$298,36,0),0) -> 550 | P76: =+N76-O76 -> -165 | R76: =SUM(D76:L76) -> 385
B77: 1229088 | C77: 0 | D77: 158 | E77: 300 | F77: 350 | G77: 0 | H77: 0 | I77: 350 | J77: 250 | K77: 0 | L77: 0 | N77: =SUM(D77:L77) -> 1408 | O77: =IFERROR(VLOOKUP(B77,'[1]26.02W (1월생판)'!$G$7:$AP$298,36,0),0) -> 1408 | P77: =+N77-O77 -> 0 | R77: =SUM(D77:L77) -> 1408
B78: 1229776 | C78: 0 | D78: 0 | E78: 0 | F78: 0 | G78: 0 | H78: 0 | I78: 0 | J78: 0 | K78: 100 | L78: 0 | N78: =SUM(D78:L78) -> 100 | O78: =IFERROR(VLOOKUP(B78,'[1]26.02W (1월생판)'!$G$7:$AP$298,36,0),0) -> 100 | P78: =+N78-O78 -> 0 | R78: =SUM(D78:L78) -> 100
B79: 1230685 | C79: 150 | D79: 0 | E79: 300 | F79: 0 | G79: 150 | H79: 0 | I79: 200 | J79: 250 | K79: 0 | L79: 0 | N79: =SUM(D79:L79) -> 900 | O79: =IFERROR(VLOOKUP(B79,'[1]26.02W (1월생판)'!$G$7:$AP$298,36,0),0) -> 1050 | P79: =+N79-O79 -> -150 | R79: =SUM(D79:L79) -> 900
B80: 1230692 | C80: 0 | D80: 0 | E80: 150 | F80: 0 | G80: 0 | H80: 0 | I80: 150 | J80: 0 | K80: 0 | L80: 0 | N80: =SUM(D80:L80) -> 300 | O80: =IFERROR(VLOOKUP(B80,'[1]26.02W (1월생판)'!$G$7:$AP$298,36,0),0) -> 7988 | P80: =+N80-O80 -> -7688 | Q80: 인천 | R80: =SUM(D80:L80) -> 300
B81: 1230791 | C81: 0 | D81: 0 | E81: 23 | F81: 0 | G81: 0 | H81: 0 | I81: 140 | J81: 26 | K81: 0 | L81: 0 | N81: =SUM(D81:L81) -> 189 | O81: =IFERROR(VLOOKUP(B81,'[1]26.02W (1월생판)'!$G$7:$AP$298,36,0),0) -> 189 | P81: =+N81-O81 -> 0 | R81: =SUM(D81:L81) -> 189
B82: 1231090 | C82: 833 | D82: 1442 | E82: 0 | F82: 0 | G82: 0 | H82: 0 | I82: 300 | J82: 0 | K82: 1032 | L82: 0 | N82: =SUM(D82:L82) -> 2774 | O82: =IFERROR(VLOOKUP(B82,'[1]26.02W (1월생판)'!$G$7:$AP$298,36,0),0) -> 3607 | P82: =+N82-O82 -> -833 | R82: =SUM(D82:L82) -> 2774
B83: 1231578 | C83: 0 | D83: 200 | E83: 400 | F83: 0 | G83: 200 | H83: 0 | I83: 300 | J83: 200 | K83: 200 | L83: 0 | N83: =SUM(D83:L83) -> 1500 | O83: =IFERROR(VLOOKUP(B83,'[1]26.02W (1월생판)'!$G$7:$AP$298,36,0),0) -> 1500 | P83: =+N83-O83 -> 0 | R83: =SUM(D83:L83) -> 1500
B84: 1231797 | C84: 0 | D84: 0 | E84: 136 | F84: 0 | G84: 0 | H84: 0 | I84: 0 | J84: 139 | K84: 0 | L84: 0 | N84: =SUM(D84:L84) -> 275 | O84: =IFERROR(VLOOKUP(B84,'[1]26.02W (1월생판)'!$G$7:$AP$298,36,0),0) -> 275 | P84: =+N84-O84 -> 0 | R84: =SUM(D84:L84) -> 275
B85: 1232066 | C85: 300 | D85: 0 | E85: 0 | F85: 0 | G85: 282 | H85: 0 | I85: 0 | J85: 0 | K85: 300 | L85: 0 | N85: =SUM(D85:L85) -> 582 | O85: =IFERROR(VLOOKUP(B85,'[1]26.02W (1월생판)'!$G$7:$AP$298,36,0),0) -> 882 | P85: =+N85-O85 -> -300 | R85: =SUM(D85:L85) -> 582
B86: 1232528 | C86: 3024 | D86: 5160 | E86: 63 | F86: 0 | G86: 0 | H86: 4158 | I86: 6080 | J86: 0 | K86: 0 | L86: 0 | N86: =SUM(D86:L86) -> 15461 | O86: =IFERROR(VLOOKUP(B86,'[1]26.02W (1월생판)'!$G$7:$AP$298,36,0),0) -> 18485 | P86: =+N86-O86 -> -3024 | R86: =SUM(D86:L86) -> 15461
B87: 1232553 | C87: 0 | D87: 0 | E87: 0 | F87: 108 | G87: 0 | H87: 0 | I87: 0 | J87: 108 | K87: 0 | L87: 0 | N87: =SUM(D87:L87) -> 216 | O87: =IFERROR(VLOOKUP(B87,'[1]26.02W (1월생판)'!$G$7:$AP$298,36,0),0) -> 216 | P87: =+N87-O87 -> 0 | R87: =SUM(D87:L87) -> 216
B88: 1232693 | C88: 0 | D88: 0 | E88: 0 | F88: 0 | G88: 0 | H88: 0 | I88: 56 | J88: 0 | K88: 0 | L88: 0 | N88: =SUM(D88:L88) -> 56 | O88: =IFERROR(VLOOKUP(B88,'[1]26.02W (1월생판)'!$G$7:$AP$298,36,0),0) -> 8456 | P88: =+N88-O88 -> -8400 | Q88: 인천 | R88: =SUM(D88:L88) -> 56
B89: 1232775 | C89: 1643 | D89: 1011 | E89: 1210 | F89: 300 | G89: 677 | H89: 748 | I89: 1571 | J89: 1970 | K89: 1581 | L89: 1450 | N89: =SUM(D89:L89) -> 10518 | O89: =IFERROR(VLOOKUP(B89,'[1]26.02W (1월생판)'!$G$7:$AP$298,36,0),0) -> 12161 | P89: =+N89-O89 -> -1643 | R89: =SUM(D89:L89) -> 10518
B90: 1232846 | C90: 267 | D90: 1265 | E90: 875 | F90: 340 | G90: 616 | H90: 0 | I90: 288 | J90: 476 | K90: 216 | L90: 400 | N90: =SUM(D90:L90) -> 4476 | O90: =IFERROR(VLOOKUP(B90,'[1]26.02W (1월생판)'!$G$7:$AP$298,36,0),0) -> 4743 | P90: =+N90-O90 -> -267 | R90: =SUM(D90:L90) -> 4476
B91: 1232894 | C91: 192 | D91: 576 | E91: 0 | F91: 0 | G91: 216 | H91: 0 | I91: 288 | J91: 0 | K91: 216 | L91: 0 | N91: =SUM(D91:L91) -> 1296 | O91: =IFERROR(VLOOKUP(B91,'[1]26.02W (1월생판)'!$G$7:$AP$298,36,0),0) -> 1488 | P91: =+N91-O91 -> -192 | R91: =SUM(D91:L91) -> 1296
B92: 1232895 | C92: 75 | D92: 689 | E92: 875 | F92: 340 | G92: 400 | H92: 0 | I92: 0 | J92: 476 | K92: 0 | L92: 400 | N92: =SUM(D92:L92) -> 3180 | O92: =IFERROR(VLOOKUP(B92,'[1]26.02W (1월생판)'!$G$7:$AP$298,36,0),0) -> 3255 | P92: =+N92-O92 -> -75 | R92: =SUM(D92:L92) -> 3180
B93: 1232922 | C93: 0 | D93: 0 | E93: 275 | F93: 40 | G93: 0 | H93: 0 | I93: 0 | J93: 276 | K93: 0 | L93: 0 | N93: =SUM(D93:L93) -> 591 | O93: =IFERROR(VLOOKUP(B93,'[1]26.02W (1월생판)'!$G$7:$AP$298,36,0),0) -> 591 | P93: =+N93-O93 -> 0 | R93: =SUM(D93:L93) -> 591
B94: 1232982 | C94: 325 | D94: 0 | E94: 0 | F94: 0 | G94: 0 | H94: 0 | I94: 0 | J94: 0 | K94: 0 | L94: 0 | N94: =SUM(D94:L94) -> 0 | O94: =IFERROR(VLOOKUP(B94,'[1]26.02W (1월생판)'!$G$7:$AP$298,36,0),0) -> 325 | P94: =+N94-O94 -> -325 | R94: =SUM(D94:L94) -> 0
B95: 1233025 | C95: 0 | D95: 0 | E95: 0 | F95: 0 | G95: 0 | H95: 0 | I95: 56 | J95: 0 | K95: 0 | L95: 0 | N95: =SUM(D95:L95) -> 56 | O95: =IFERROR(VLOOKUP(B95,'[1]26.02W (1월생판)'!$G$7:$AP$298,36,0),0) -> 8456 | P95: =+N95-O95 -> -8400 | Q95: 인천 | R95: =SUM(D95:L95) -> 56
B96: 1233165 | C96: 0 | D96: 0 | E96: 0 | F96: 0 | G96: 0 | H96: 0 | I96: 0 | J96: 250 | K96: 0 | L96: 0 | N96: =SUM(D96:L96) -> 250 | O96: =IFERROR(VLOOKUP(B96,'[1]26.02W (1월생판)'!$G$7:$AP$298,36,0),0) -> 250 | P96: =+N96-O96 -> 0 | R96: =SUM(D96:L96) -> 250
B97: 1233383 | C97: 0 | D97: 0 | E97: 150 | F97: 0 | G97: 0 | H97: 0 | I97: 0 | J97: 154 | K97: 0 | L97: 0 | N97: =SUM(D97:L97) -> 304 | O97: =IFERROR(VLOOKUP(B97,'[1]26.02W (1월생판)'!$G$7:$AP$298,36,0),0) -> 304 | P97: =+N97-O97 -> 0 | R97: =SUM(D97:L97) -> 304
B98: 1233384 | C98: 0 | D98: 689 | E98: 600 | F98: 300 | G98: 400 | H98: 0 | I98: 0 | J98: 200 | K98: 0 | L98: 400 | N98: =SUM(D98:L98) -> 2589 | O98: =IFERROR(VLOOKUP(B98,'[1]26.02W (1월생판)'!$G$7:$AP$298,36,0),0) -> 2589 | P98: =+N98-O98 -> 0 | R98: =SUM(D98:L98) -> 2589
B99: 1233385 | C99: 192 | D99: 0 | E99: 0 | F99: 0 | G99: 216 | H99: 0 | I99: 0 | J99: 0 | K99: 216 | L99: 0 | N99: =SUM(D99:L99) -> 432 | O99: =IFERROR(VLOOKUP(B99,'[1]26.02W (1월생판)'!$G$7:$AP$298,36,0),0) -> 624 | P99: =+N99-O99 -> -192 | R99: =SUM(D99:L99) -> 432
B100: 1233387 | C100: 75 | D100: 576 | E100: 0 | F100: 0 | G100: 0 | H100: 0 | I100: 288 | J100: 0 | K100: 0 | L100: 0 | N100: =SUM(D100:L100) -> 864 | O100: =IFERROR(VLOOKUP(B100,'[1]26.02W (1월생판)'!$G$7:$AP$298,36,0),0) -> 939 | P100: =+N100-O100 -> -75 | R100: =SUM(D100:L100) -> 864
B101: 1233587 | C101: 0 | D101: 0 | E101: 0 | F101: 10 | G101: 0 | H101: 0 | I101: 0 | J101: 0 | K101: 0 | L101: 0 | N101: =SUM(D101:L101) -> 10 | O101: =IFERROR(VLOOKUP(B101,'[1]26.02W (1월생판)'!$G$7:$AP$298,36,0),0) -> 10 | P101: =+N101-O101 -> 0 | R101: =SUM(D101:L101) -> 10
B102: 1234110 | C102: 0 | D102: 0 | E102: 0 | F102: 0 | G102: 0 | H102: 0 | I102: 0 | J102: 50 | K102: 0 | L102: 0 | N102: =SUM(D102:L102) -> 50 | O102: =IFERROR(VLOOKUP(B102,'[1]26.02W (1월생판)'!$G$7:$AP$298,36,0),0) -> 50 | P102: =+N102-O102 -> 0 | R102: =SUM(D102:L102) -> 50
B103: 1234111 | C103: 0 | D103: 0 | E103: 0 | F103: 0 | G103: 0 | H103: 0 | I103: 0 | J103: 50 | K103: 0 | L103: 0 | N103: =SUM(D103:L103) -> 50 | O103: =IFERROR(VLOOKUP(B103,'[1]26.02W (1월생판)'!$G$7:$AP$298,36,0),0) -> 50 | P103: =+N103-O103 -> 0 | R103: =SUM(D103:L103) -> 50
B104: 1234217 | C104: 0 | D104: 0 | E104: 0 | F104: 0 | G104: 0 | H104: 0 | I104: 0 | J104: 50 | K104: 0 | L104: 0 | N104: =SUM(D104:L104) -> 50 | O104: =IFERROR(VLOOKUP(B104,'[1]26.02W (1월생판)'!$G$7:$AP$298,36,0),0) -> 50 | P104: =+N104-O104 -> 0 | R104: =SUM(D104:L104) -> 50
B105: 1234222 | C105: 252 | D105: 0 | E105: 868 | F105: 0 | G105: 0 | H105: 0 | I105: 0 | J105: 0 | K105: 777 | L105: 0 | N105: =SUM(D105:L105) -> 1645 | O105: =IFERROR(VLOOKUP(B105,'[1]26.02W (1월생판)'!$G$7:$AP$298,36,0),0) -> 1897 | P105: =+N105-O105 -> -252 | R105: =SUM(D105:L105) -> 1645
B106: 1234905 | C106: 0 | D106: 530 | E106: 700 | F106: 150 | G106: 0 | H106: 150 | I106: 800 | J106: 1041 | K106: 650 | L106: 500 | N106: =SUM(D106:L106) -> 4521 | O106: =IFERROR(VLOOKUP(B106,'[1]26.02W (1월생판)'!$G$7:$AP$298,36,0),0) -> 4521 | P106: =+N106-O106 -> 0 | R106: =SUM(D106:L106) -> 4521
B107: 1235097 | C107: 440 | D107: 0 | E107: 0 | F107: 0 | G107: 0 | H107: 0 | I107: 200 | J107: 200 | K107: 200 | L107: 400 | N107: =SUM(D107:L107) -> 1000 | O107: =IFERROR(VLOOKUP(B107,'[1]26.02W (1월생판)'!$G$7:$AP$298,36,0),0) -> 1440 | P107: =+N107-O107 -> -440 | R107: =SUM(D107:L107) -> 1000
... B124: 1240032 | C124: 0 | D124: 747 | E124: 300 | F124: 100 | G124: 450 | H124: 100 | I124: 400 | J124: 300 | K124: 250 | L124: 350 | N124: =SUM(D124:L124) -> 2997 | O124: =IFERROR(VLOOKUP(B124,'[1]26.02W (1월생판)'!$G$7:$AP$298,36,0),0) -> 2997 | P124: =+N124-O124 -> 0 | R124: =SUM(D124:L124) -> 2997
B125: 1240180 | C125: 220 | D125: 100 | E125: 300 | F125: 0 | G125: 350 | H125: 0 | I125: 200 | J125: 400 | K125: 200 | L125: 0 | N125: =SUM(D125:L125) -> 1550 | O125: =IFERROR(VLOOKUP(B125,'[1]26.02W (1월생판)'!$G$7:$AP$298,36,0),0) -> 12674 | P125: =+N125-O125 -> -11124 | Q125: 인천 | R125: =SUM(D125:L125) -> 1550
B126: 1240184 | C126: 220 | D126: 100 | E126: 300 | F126: 0 | G126: 350 | H126: 0 | I126: 200 | J126: 400 | K126: 200 | L126: 0 | N126: =SUM(D126:L126) -> 1550 | O126: =IFERROR(VLOOKUP(B126,'[1]26.02W (1월생판)'!$G$7:$AP$298,36,0),0) -> 11674 | P126: =+N126-O126 -> -10124 | Q126: 인천 | R126: =SUM(D126:L126) -> 1550
B127: 1241343 | C127: 0 | D127: 0 | E127: 0 | F127: 0 | G127: 20 | H127: 0 | I127: 0 | J127: 0 | K127: 0 | L127: 0 | N127: =SUM(D127:L127) -> 20 | O127: =IFERROR(VLOOKUP(B127,'[1]26.02W (1월생판)'!$G$7:$AP$298,36,0),0) -> 20 | P127: =+N127-O127 -> 0 | R127: =SUM(D127:L127) -> 20
B128: 1241347 | C128: 0 | D128: 0 | E128: 0 | F128: 0 | G128: 20 | H128: 0 | I128: 0 | J128: 0 | K128: 0 | L128: 0 | N128: =SUM(D128:L128) -> 20 | O128: =IFERROR(VLOOKUP(B128,'[1]26.02W (1월생판)'!$G$7:$AP$298,36,0),0) -> 20 | P128: =+N128-O128 -> 0 | R128: =SUM(D128:L128) -> 20
B129: 1241387 | C129: 0 | D129: 0 | E129: 0 | F129: 0 | G129: 151 | H129: 0 | I129: 0 | J129: 0 | K129: 0 | L129: 0 | N129: =SUM(D129:L129) -> 151 | O129: =IFERROR(VLOOKUP(B129,'[1]26.02W (1월생판)'!$G$7:$AP$298,36,0),0) -> 151 | P129: =+N129-O129 -> 0 | R129: =SUM(D129:L129) -> 151
B130: 1241474 | C130: 0 | D130: 0 | E130: 0 | F130: 0 | G130: 37 | H130: 0 | I130: 0 | J130: 0 | K130: 0 | L130: 0 | N130: =SUM(D130:L130) -> 37 | O130: =IFERROR(VLOOKUP(B130,'[1]26.02W (1월생판)'!$G$7:$AP$298,36,0),0) -> 37 | P130: =+N130-O130 -> 0 | R130: =SUM(D130:L130) -> 37
B131: 1241480 | C131: 0 | D131: 0 | E131: 0 | F131: 0 | G131: 26 | H131: 0 | I131: 0 | J131: 0 | K131: 0 | L131: 0 | N131: =SUM(D131:L131) -> 26 | O131: =IFERROR(VLOOKUP(B131,'[1]26.02W (1월생판)'!$G$7:$AP$298,36,0),0) -> 26 | P131: =+N131-O131 -> 0 | R131: =SUM(D131:L131) -> 26
...

Sheet 0108
A1: 품번 | B1: 01/08(목) | C1: 01/09(금) | D1: 01/10(토) | E1: 01/11(일) | F1: 01/12(월) | G1: 01/13(화) | H1: 01/14(수) | I1: 01/15(목) | J1: 01/16(금) | K1: 01/17(토) | L1: 01/18(일) | M1: 01/19(월) | N1: 01/20(화) | O1: 01/21(수) | P1: 01/22(목) | Q1: 01/23(금) | R1: 01/24(토) | S1: 01/25(일)
A2: 1221154 | B2: 0 | C2: 0 | D2: 0 | E2: 0 | F2: 0 | G2: 0 | H2: 50 | I2: 0 | J2: 0 | K2: 0 | L2: 0 | M2: 0 | N2: 0 | O2: 0 | P2: 0 | Q2: 0 | R2: 0 | S2: 0
A3: 1234614 | B3: 0 | C3: 0 | D3: 0 | E3: 0 | F3: 0 | G3: 0 | H3: 352 | I3: 50 | J3: 0 | K3: 0 | L3: 0 | M3: 0 | N3: 0 | O3: 354 | P3: 516 | Q3: 0 | R3: 0 | S3: 0
A4: 1226384 | B4: 0 | C4: 0 | D4: 0 | E4: 0 | F4: 360 | G4: 100 | H4: 400 | I4: 0 | J4: 0 | K4: 0 | L4: 0 | M4: 0 | N4: 0 | O4: 0 | P4: 0 | Q4: 0 | R4: 0 | S4: 0
A5: 1226388 | B5: 0 | C5: 0 | D5: 0 | E5: 0 | F5: 360 | G5: 100 | H5: 400 | I5: 0 | J5: 0 | K5: 0 | L5: 0 | M5: 0 | N5: 0 | O5: 0 | P5: 0 | Q5: 0 | R5: 0 | S5: 0
A6: 1229673 | B6: 200 | C6: 242 | D6: 0 | E6: 0 | F6: 250 | G6: 250 | H6: 250 | I6: 250 | J6: 200 | K6: 0 | L6: 0 | M6: 300 | N6: 200 | O6: 200 | P6: 200 | Q6: 300 | R6: 0 | S6: 0
A7: 1230854 | B7: 0 | C7: 0 | D7: 0 | E7: 0 | F7: 200 | G7: 0 | H7: 0 | I7: 0 | J7: 0 | K7: 0 | L7: 0 | M7: 0 | N7: 0 | O7: 0 | P7: 0 | Q7: 0 | R7: 0 | S7: 0
A8: 1233632 | B8: 346 | C8: 330 | D8: 0 | E8: 0 | F8: 406 | G8: 0 | H8: 0 | I8: 0 | J8: 0 | K8: 0 | L8: 0 | M8: 0 | N8: 0 | O8: 0 | P8: 0 | Q8: 0 | R8: 0 | S8: 0
A9: 1237088 | B9: 1286 | C9: 1570 | D9: 0 | E9: 0 | F9: 1276 | G9: 906 | H9: 1006 | I9: 942 | J9: 1496 | K9: 0 | L9: 0 | M9: 1388 | N9: 724 | O9: 928 | P9: 524 | Q9: 1129 | R9: 0 | S9: 0
A10: 1237748 | B10: 260 | C10: 0 | D10: 0 | E10: 0 | F10: 0 | G10: 0 | H10: 0 | I10: 0 | J10: 0 | K10: 0 | L10: 0 | M10: 0 | N10: 0 | O10: 0 | P10: 0 | Q10: 0 | R10: 0 | S10: 0
A11: 1236091 | B11: 0 | C11: 0 | D11: 0 | E11: 0 | F11: 0 | G11: 0 | H11: 200 | I11: 0 | J11: 0 | K11: 0 | L11: 0 | M11: 0 | N11: 0 | O11: 0 | P11: 0 | Q11: 0 | R11: 0 | S11: 0
A12: 1238128 | B12: 404 | C12: 377 | D12: 0 | E12: 0 | F12: 480 | G12: 480 | H12: 378 | I12: 912 | J12: 960 | K12: 0 | L12: 0 | M12: 546 | N12: 480 | O12: 378 | P12: 480 | Q12: 378 | R12: 0 | S12: 0
A13: 1236962 | B13: 400 | C13: 400 | D13: 0 | E13: 0 | F13: 250 | G13: 250 | H13: 0 | I13: 250 | J13: 250 | K13: 0 | L13: 0 | M13: 200 | N13: 400 | O13: 200 | P13: 200 | Q13: 300 | R13: 0 | S13: 0
... A19: 1240308 | B19: 250 | C19: 0 | D19: 0 | E19: 0 | F19: 0 | G19: 200 | H19: 0 | I19: 350 | J19: 200 | K19: 0 | L19: 0 | M19: 0 | N19: 450 | O19: 300 | P19: 0 | Q19: 0 | R19: 0 | S19: 0
A22: 품번 | B22: 01/08(목) | C22: 01/09(금) | D22: 01/10(토) | E22: 01/11(일) | F22: 01/12(월) | G22: 01/13(화) | H22: 01/14(수) | I22: 01/15(목) | J22: 01/16(금) | K22: 01/17(토) | L22: 01/18(일) | M22: 01/19(월) | N22: 01/20(화) | O22: 01/21(수) | P22: 01/22(목) | Q22: 01/23(금) | R22: 01/24(토) | S22: 01/25(일)
A23: 1237608 | B23: 0 | C23: 0 | D23: 0 | E23: 0 | F23: 0 | G23: 350 | H23: 250 | I23: 0 | J23: 0 | K23: 0 | L23: 0 | M23: 0 | N23: 0 | O23: 0 | P23: 0 | Q23: 0 | R23: 0 | S23: 0
A24: 1232846 | B24: 0 | C24: 0 | D24: 0 | E24: 0 | F24: 0 | G24: 327 | H24: 352 | I24: 21 | J24: 0 | K24: 0 | L24: 0 | M24: 0 | N24: 403 | O24: 352 | P24: 449 | Q24: 7 | R24: 0 | S24: 0
A25: 1232895 | B25: 0 | C25: 0 | D25: 0 | E25: 0 | F25: 0 | G25: 327 | H25: 352 | I25: 21 | J25: 0 | K25: 0 | L25: 0 | M25: 0 | N25: 403 | O25: 352 | P25: 449 | Q25: 7 | R25: 0 | S25: 0
A26: 1233384 | B26: 0 | C26: 0 | D26: 0 | E26: 0 | F26: 0 | G26: 327 | H26: 352 | I26: 21 | J26: 0 | K26: 0 | L26: 0 | M26: 0 | N26: 403 | O26: 352 | P26: 449 | Q26: 7 | R26: 0 | S26: 0
A27: 1233165 | B27: 0 | C27: 0 | D27: 0 | E27: 0 | F27: 0 | G27: 0 | H27: 0 | I27: 0 | J27: 0 | K27: 0 | L27: 0 | M27: 0 | N27: 0 | O27: 0 | P27: 0 | Q27: 250 | R27: 0 | S27: 0
A28: 1236387 | B28: 395 | C28: 0 | D28: 0 | E28: 0 | F28: 0 | G28: 0 | H28: 0 | I28: 0 | J28: 0 | K28: 0 | L28: 0 | M28: 411 | N28: 325 | O28: 0 | P28: 0 | Q28: 0 | R28: 0 | S28: 0
A29: 1232775 | B29: 311 | C29: 14 | D29: 0 | E29: 0 | F29: 0 | G29: 288 | H29: 243 | I29: 309 | J29: 309 | K29: 0 | L29: 0 | M29: 298 | N29: 8 | O29: 0 | P29: 0 | Q29: 0 | R29: 0 | S29: 0
A30: 1238605 | B30: 0 | C30: 189 | D30: 0 | E30: 0 | F30: 238 | G30: 6 | H30: 0 | I30: 0 | J30: 0 | K30: 0 | L30: 0 | M30: 0 | N30: 42 | O30: 187 | P30: 182 | Q30: 4 | R30: 0 | S30: 0
A34: 품번 | B34: 01/08(목) | C34: 01/09(금) | D34: 01/10(토) | E34: 01/11(일) | F34: 01/12(월) | G34: 01/13(화) | H34: 01/14(수) | I34: 01/15(목) | J34: 01/16(금) | K34: 01/17(토) | L34: 01/18(일) | M34: 01/19(월) | N34: 01/20(화) | O34: 01/21(수) | P34: 01/22(목) | Q34: 01/23(금) | R34: 01/24(토) | S34: 01/25(일)
A35: 1230692 | B35: 0 | C35: 0 | D35: 0 | E35: 0 | F35: 0 | G35: 0 | H35: 0 | I35: 0 | J35: 0 | K35: 0 | L35: 0 | M35: 0 | N35: 0 | O35: 0 | P35: 100 | Q35: 0 | R35: 0 | S35: 0
A36: 1221967 | B36: 0 | C36: 0 | D36: 0 | E36: 0 | F36: 0 | G36: 0 | H36: 176 | I36: 0 | J36: 0 | K36: 0 | L36: 0 | M36: 0 | N36: 0 | O36: 0 | P36: 0 | Q36: 0 | R36: 0 | S36: 0
A37: 1227306 | B37: 123 | C37: 0 | D37: 0 | E37: 0 | F37: 0 | G37: 0 | H37: 0 | I37: 0 | J37: 0 | K37: 0 | L37: 0 | M37: 150 | N37: 500 | O37: 600 | P37: 0 | Q37: 0 | R37: 0 | S37: 0
A38: 1227359 | B38: 86 | C38: 0 | D38: 0 | E38: 0 | F38: 0 | G38: 0 | H38: 0 | I38: 0 | J38: 0 | K38: 0 | L38: 0 | M38: 0 | N38: 0 | O38: 0 | P38: 0 | Q38: 0 | R38: 0 | S38: 0
A39: 1229088 | B39: 0 | C39: 0 | D39: 0 | E39: 0 | F39: 0 | G39: 490 | H39: 0 | I39: 0 | J39: 0 | K39: 0 | L39: 0 | M39: 0 | N39: 0 | O39: 0 | P39: 0 | Q39: 0 | R39: 0 | S39: 0
A40: 1231090 | B40: 0 | C40: 0 | D40: 0 | E40: 0 | F40: 0 | G40: 0 | H40: 0 | I40: 0 | J40: 0 | K40: 0 | L40: 0 | M40: 200 | N40: 0 | O40: 0 | P40: 0 | Q40: 0 | R40: 0 | S40: 0
A41: 1229776 | B41: 0 | C41: 0 | D41: 0 | E41: 0 | F41: 0 | G41: 0 | H41: 0 | I41: 0 | J41: 0 | K41: 0 | L41: 0 | M41: 200 | N41: 0 | O41: 0 | P41: 0 | Q41: 0 | R41: 0 | S41: 0
A42: 1231797 | B42: 0 | C42: 0 | D42: 0 | E42: 0 | F42: 0 | G42: 113 | H42: 0 | I42: 0 | J42: 0 | K42: 0 | L42: 0 | M42: 0 | N42: 0 | O42: 0 | P42: 0 | Q42: 0 | R42: 0 | S42: 0
A43: 1225464 | B43: 0 | C43: 0 | D43: 0 | E43: 0 | F43: 0 | G43: 0 | H43: 0 | I43: 0 | J43: 0 | K43: 0 | L43: 0 | M43: 0 | N43: 0 | O43: 0 | P43: 0 | Q43: 28 | R43: 0 | S43: 0
A44: 1234222 | B44: 0 | C44: 0 | D44: 0 | E44: 0 | F44: 0 | G44: 0 | H44: 0 | I44: 0 | J44: 0 | K44: 0 | L44: 0 | M44: 0 | N44: 220 | O44: 258 | P44: 0 | Q44: 0 | R44: 0 | S44: 0
A45: 1232528 | B45: 0 | C45: 0 | D45: 0 | E45: 0 | F45: 161 | G45: 686 | H45: 539 | I45: 651 | J45: 0 | K45: 0 | L45: 0 | M45: 0 | N45: 0 | O45: 0 | P45: 0 | Q45: 147 | R45: 0 | S45: 0
A46: 1233587 | B46: 0 | C46: 0 | D46: 0 | E46: 0 | F46: 0 | G46: 0 | H46: 10 | I46: 0 | J46: 0 | K46: 0 | L46: 0 | M46: 0 | N46: 0 | O46: 0 | P46: 0 | Q46: 0 | R46: 0 | S46: 0
... A79: 1233580 | B79: 0 | C79: 0 | D79: 0 | E79: 0 | F79: 0 | G79: 0 | H79: 0 | I79: 0 | J79: 0 | K79: 0 | L79: 0 | M79: 130 | N79: 0 | O79: 0 | P79: 0 | Q79: 0 | R79: 0 | S79: 0

Sheet 0109
A1: 품번 | B1: 01/09(금) | C1: 01/10(토) | D1: 01/11(일) | E1: 01/12(월) | F1: 01/13(화) | G1: 01/14(수) | H1: 01/15(목) | I1: 01/16(금) | J1: 01/17(토) | K1: 01/18(일) | L1: 01/19(월) | M1: 01/20(화) | N1: 01/21(수) | O1: 01/22(목) | P1: 01/23(금) | Q1: 01/24(토) | R1: 01/25(일)
A2: 1221154 | B2: 0 | C2: 0 | D2: 0 | E2: 0 | F2: 0 | G2: 50 | H2: 0 | I2: 0 | J2: 0 | K2: 0 | L2: 0 | M2: 0 | N2: 0 | O2: 0 | P2: 0 | Q2: 0 | R2: 0
A3: 1234614 | B3: 0 | C3: 0 | D3: 0 | E3: 0 | F3: 0 | G3: 352 | H3: 50 | I3: 0 | J3: 0 | K3: 0 | L3: 0 | M3: 0 | N3: 354 | O3: 516 | P3: 0 | Q3: 0 | R3: 0
A4: 1226384 | B4: 0 | C4: 0 | D4: 0 | E4: 360 | F4: 100 | G4: 400 | H4: 0 | I4: 0 | J4: 0 | K4: 0 | L4: 0 | M4: 0 | N4: 0 | O4: 0 | P4: 0 | Q4: 0 | R4: 0
A5: 1226388 | B5: 0 | C5: 0 | D5: 0 | E5: 360 | F5: 100 | G5: 400 | H5: 0 | I5: 0 | J5: 0 | K5: 0 | L5: 0 | M5: 0 | N5: 0 | O5: 0 | P5: 0 | Q5: 0 | R5: 0
A6: 1229673 | B6: 242 | C6: 0 | D6: 0 | E6: 250 | F6: 250 | G6: 250 | H6: 250 | I6: 200 | J6: 0 | K6: 0 | L6: 300 | M6: 200 | N6: 200 | O6: 200 | P6: 300 | Q6: 0 | R6: 0
A7: 1230854 | B7: 0 | C7: 0 | D7: 0 | E7: 200 | F7: 0 | G7: 0 | H7: 0 | I7: 0 | J7: 0 | K7: 0 | L7: 0 | M7: 0 | N7: 0 | O7: 0 | P7: 0 | Q7: 0 | R7: 0
A8: 1233632 | B8: 330 | C8: 0 | D8: 0 | E8: 406 | F8: 0 | G8: 0 | H8: 0 | I8: 0 | J8: 0 | K8: 0 | L8: 0 | M8: 0 | N8: 0 | O8: 0 | P8: 0 | Q8: 0 | R8: 0
A9: 1237088 | B9: 1570 | C9: 0 | D9: 0 | E9: 1276 | F9: 906 | G9: 1006 | H9: 942 | I9: 1496 | J9: 0 | K9: 0 | L9: 1388 | M9: 724 | N9: 928 | O9: 524 | P9: 1129 | Q9: 0 | R9: 0
A10: 1236091 | B10: 0 | C10: 0 | D10: 0 | E10: 0 | F10: 0 | G10: 200 | H10: 0 | I10: 0 | J10: 0 | K10: 0 | L10: 0 | M10: 0 | N10: 0 | O10: 0 | P10: 0 | Q10: 0 | R10: 0
A11: 1238128 | B11: 377 | C11: 0 | D11: 0 | E11: 480 | F11: 480 | G11: 378 | H11: 912 | I11: 960 | J11: 0 | K11: 0 | L11: 546 | M11: 480 | N11: 378 | O11: 480 | P11: 378 | Q11: 0 | R11: 0
A12: 1236962 | B12: 400 | C12: 0 | D12: 0 | E12: 250 | F12: 250 | G12: 0 | H12: 250 | I12: 250 | J12: 0 | K12: 0 | L12: 200 | M12: 400 | N12: 200 | O12: 200 | P12: 300 | Q12: 0 | R12: 0
A13: 1233761 | B13: 0 | C13: 0 | D13: 0 | E13: 0 | F13: 0 | G13: 0 | H13: 250 | I13: 0 | J13: 0 | K13: 0 | L13: 0 | M13: 0 | N13: 0 | O13: 150 | P13: 0 | Q13: 0 | R13: 0
... A18: 1240308 | B18: 0 | C18: 0 | D18: 0 | E18: 0 | F18: 200 | G18: 0 | H18: 350 | I18: 200 | J18: 0 | K18: 0 | L18: 0 | M18: 450 | N18: 300 | O18: 0 | P18: 0 | Q18: 0 | R18: 0
A22: 품번 | B22: 01/09(금) | C22: 01/10(토) | D22: 01/11(일) | E22: 01/12(월) | F22: 01/13(화) | G22: 01/14(수) | H22: 01/15(목) | I22: 01/16(금) | J22: 01/17(토) | K22: 01/18(일) | L22: 01/19(월) | M22: 01/20(화) | N22: 01/21(수) | O22: 01/22(목) | P22: 01/23(금) | Q22: 01/24(토) | R22: 01/25(일)
A23: 1237608 | B23: 0 | C23: 0 | D23: 0 | E23: 0 | F23: 350 | G23: 250 | H23: 0 | I23: 0 | J23: 0 | K23: 0 | L23: 0 | M23: 0 | N23: 0 | O23: 0 | P23: 0 | Q23: 0 | R23: 0
A24: 1232846 | B24: 0 | C24: 0 | D24: 0 | E24: 0 | F24: 327 | G24: 352 | H24: 21 | I24: 0 | J24: 0 | K24: 0 | L24: 0 | M24: 403 | N24: 352 | O24: 449 | P24: 7 | Q24: 0 | R24: 0
A25: 1232895 | B25: 0 | C25: 0 | D25: 0 | E25: 0 | F25: 327 | G25: 352 | H25: 21 | I25: 0 | J25: 0 | K25: 0 | L25: 0 | M25: 403 | N25: 352 | O25: 449 | P25: 7 | Q25: 0 | R25: 0
A26: 1233384 | B26: 0 | C26: 0 | D26: 0 | E26: 0 | F26: 327 | G26: 352 | H26: 21 | I26: 0 | J26: 0 | K26: 0 | L26: 0 | M26: 403 | N26: 352 | O26: 449 | P26: 7 | Q26: 0 | R26: 0
A27: 1233165 | B27: 0 | C27: 0 | D27: 0 | E27: 0 | F27: 0 | G27: 0 | H27: 0 | I27: 0 | J27: 0 | K27: 0 | L27: 0 | M27: 0 | N27: 0 | O27: 0 | P27: 250 | Q27: 0 | R27: 0
A28: 1236387 | B28: 0 | C28: 0 | D28: 0 | E28: 0 | F28: 0 | G28: 0 | H28: 0 | I28: 0 | J28: 0 | K28: 0 | L28: 411 | M28: 325 | N28: 0 | O28: 0 | P28: 0 | Q28: 0 | R28: 0
A29: 1232775 | B29: 14 | C29: 0 | D29: 0 | E29: 0 | F29: 288 | G29: 243 | H29: 309 | I29: 309 | J29: 0 | K29: 0 | L29: 298 | M29: 8 | N29: 0 | O29: 0 | P29: 0 | Q29: 0 | R29: 0
A30: 1238605 | B30: 189 | C30: 0 | D30: 0 | E30: 238 | F30: 6 | G30: 0 | H30: 0 | I30: 0 | J30: 0 | K30: 0 | L30: 0 | M30: 42 | N30: 187 | O30: 182 | P30: 4 | Q30: 0 | R30: 0
A34: 품번 | B34: 01/09(금) | C34: 01/10(토) | D34: 01/11(일) | E34: 01/12(월) | F34: 01/13(화) | G34: 01/14(수) | H34: 01/15(목) | I34: 01/16(금) | J34: 01/17(토) | K34: 01/18(일) | L34: 01/19(월) | M34: 01/20(화) | N34: 01/21(수) | O34: 01/22(목) | P34: 01/23(금) | Q34: 01/24(토) | R34: 01/25(일)
A35: 1230692 | B35: 0 | C35: 0 | D35: 0 | E35: 0 | F35: 0 | G35: 0 | H35: 0 | I35: 0 | J35: 0 | K35: 0 | L35: 0 | M35: 0 | N35: 0 | O35: 100 | P35: 0 | Q35: 0 | R35: 0
A36: 1221967 | B36: 0 | C36: 0 | D36: 0 | E36: 0 | F36: 0 | G36: 176 | H36: 0 | I36: 0 | J36: 0 | K36: 0 | L36: 0 | M36: 0 | N36: 0 | O36: 0 | P36: 0 | Q36: 0 | R36: 0
A37: 1227306 | B37: 0 | C37: 0 | D37: 0 | E37: 0 | F37: 0 | G37: 0 | H37: 0 | I37: 0 | J37: 0 | K37: 0 | L37: 150 | M37: 500 | N37: 600 | O37: 0 | P37: 0 | Q37: 0 | R37: 0
A38: 1229088 | B38: 0 | C38: 0 | D38: 0 | E38: 0 | F38: 490 | G38: 0 | H38: 0 | I38: 0 | J38: 0 | K38: 0 | L38: 0 | M38: 0 | N38: 0 | O38: 0 | P38: 0 | Q38: 0 | R38: 0
A39: 1231090 | B39: 0 | C39: 0 | D39: 0 | E39: 0 | F39: 0 | G39: 0 | H39: 0 | I39: 0 | J39: 0 | K39: 0 | L39: 200 | M39: 0 | N39: 0 | O39: 0 | P39: 0 | Q39: 0 | R39: 0
A40: 1229776 | B40: 0 | C40: 0 | D40: 0 | E40: 0 | F40: 0 | G40: 0 | H40: 0 | I40: 0 | J40: 0 | K40: 0 | L40: 200 | M40: 0 | N40: 0 | O40: 0 | P40: 0 | Q40: 0 | R40: 0
A41: 1231797 | B41: 0 | C41: 0 | D41: 0 | E41: 0 | F41: 113 | G41: 0 | H41: 0 | I41: 0 | J41: 0 | K41: 0 | L41: 0 | M41: 0 | N41: 0 | O41: 0 | P41: 0 | Q41: 0 | R41: 0
A42: 1225464 | B42: 0 | C42: 0 | D42: 0 | E42: 0 | F42: 0 | G42: 0 | H42: 0 | I42: 0 | J42: 0 | K42: 0 | L42: 0 | M42: 0 | N42: 0 | O42: 0 | P42: 28 | Q42: 0 | R42: 0
A43: 1234222 | B43: 0 | C43: 0 | D43: 0 | E43: 0 | F43: 0 | G43: 0 | H43: 0 | I43: 0 | J43: 0 | K43: 0 | L43: 0 | M43: 220 | N43: 258 | O43: 0 | P43: 0 | Q43: 0 | R43: 0
A44: 1232528 | B44: 0 | C44: 0 | D44: 0 | E44: 161 | F44: 686 | G44: 539 | H44: 651 | I44: 0 | J44: 0 | K44: 0 | L44: 0 | M44: 0 | N44: 0 | O44: 0 | P44: 147 | Q44: 0 | R44: 0
A45: 1233587 | B45: 0 | C45: 0 | D45: 0 | E45: 0 | F45: 0 | G45: 10 | H45: 0 | I45: 0 | J45: 0 | K45: 0 | L45: 0 | M45: 0 | N45: 0 | O45: 0 | P45: 0 | Q45: 0 | R45: 0
A46: 1232846 | B46: 0 | C46: 0 | D46: 0 | E46: 0 | F46: 0 | G46: 0 | H46: 34 | I46: 142 | J46: 0 | K46: 0 | L46: 0 | M46: 0 | N46: 0 | O46: 0 | P46: 0 | Q46: 0 | R46: 0
... A77: 1233580 | B77: 0 | C77: 0 | D77: 0 | E77: 0 | F77: 0 | G77: 0 | H77: 0 | I77: 0 | J77: 0 | K77: 0 | L77: 130 | M77: 0 | N77: 0 | O77: 0 | P77: 0 | Q77: 0 | R77: 0

Sheet 0112
A1: 품번 | B1: 01/12(월) | C1: 01/13(화) | D1: 01/14(수) | E1: 01/15(목) | F1: 01/16(금) | G1: 01/17(토) | H1: 01/18(일) | I1: 01/19(월) | J1: 01/20(화) | K1: 01/21(수) | L1: 01/22(목) | M1: 01/23(금) | N1: 01/24(토) | O1: 01/25(일)
A2: 1221154 | B2: 0 | C2: 0 | D2: 50 | E2: 0 | F2: 0 | G2: 0 | H2: 0 | I2: 0 | J2: 0 | K2: 0 | L2: 0 | M2: 0 | N2: 0 | O2: 0
A3: 1234614 | B3: 0 | C3: 0 | D3: 352 | E3: 50 | F3: 0 | G3: 0 | H3: 0 | I3: 0 | J3: 0 | K3: 354 | L3: 516 | M3: 0 | N3: 0 | O3: 0
A4: 1226384 | B4: 360 | C4: 100 | D4: 400 | E4: 0 | F4: 0 | G4: 0 | H4: 0 | I4: 0 | J4: 0 | K4: 0 | L4: 0 | M4: 0 | N4: 0 | O4: 0
A5: 1226388 | B5: 360 | C5: 100 | D5: 400 | E5: 0 | F5: 0 | G5: 0 | H5: 0 | I5: 0 | J5: 0 | K5: 0 | L5: 0 | M5: 0 | N5: 0 | O5: 0
A6: 1229673 | B6: 250 | C6: 0 | D6: 0 | E6: 0 | F6: 0 | G6: 0 | H6: 0 | I6: 400 | J6: 400 | K6: 400 | L6: 400 | M6: 400 | N6: 0 | O6: 0
A7: 1230854 | B7: 200 | C7: 0 | D7: 0 | E7: 0 | F7: 0 | G7: 0 | H7: 0 | I7: 0 | J7: 0 | K7: 0 | L7: 0 | M7: 0 | N7: 0 | O7: 0
A8: 1233632 | B8: 406 | C8: 0 | D8: 0 | E8: 0 | F8: 0 | G8: 0 | H8: 0 | I8: 0 | J8: 0 | K8: 0 | L8: 0 | M8: 0 | N8: 0 | O8: 0
A9: 1237088 | B9: 1276 | C9: 1106 | D9: 1206 | E9: 1142 | F9: 1656 | G9: 0 | H9: 0 | I9: 1308 | J9: 564 | K9: 770 | L9: 350 | M9: 1043 | N9: 0 | O9: 0
A10: 1236091 | B10: 0 | C10: 0 | D10: 200 | E10: 0 | F10: 0 | G10: 0 | H10: 0 | I10: 0 | J10: 0 | K10: 0 | L10: 0 | M10: 0 | N10: 0 | O10: 0
A11: 1238128 | B11: 480 | C11: 480 | D11: 378 | E11: 912 | F11: 960 | G11: 0 | H11: 0 | I11: 546 | J11: 480 | K11: 378 | L11: 480 | M11: 378 | N11: 0 | O11: 0
A12: 1236962 | B12: 250 | C12: 250 | D12: 0 | E12: 250 | F12: 250 | G12: 0 | H12: 0 | I12: 200 | J12: 400 | K12: 200 | L12: 200 | M12: 300 | N12: 0 | O12: 0
A13: 1233761 | B13: 0 | C13: 0 | D13: 0 | E13: 250 | F13: 0 | G13: 0 | H13: 0 | I13: 0 | J13: 0 | K13: 0 | L13: 150 | M13: 0 | N13: 0 | O13: 0
... A18: 1240308 | B18: 0 | C18: 200 | D18: 0 | E18: 350 | F18: 200 | G18: 0 | H18: 0 | I18: 0 | J18: 450 | K18: 300 | L18: 0 | M18: 0 | N18: 0 | O18: 0
A22: 품번 | B22: 01/12(월) | C22: 01/13(화) | D22: 01/14(수) | E22: 01/15(목) | F22: 01/16(금) | G22: 01/17(토) | H22: 01/18(일) | I22: 01/19(월) | J22: 01/20(화) | K22: 01/21(수) | L22: 01/22(목) | M22: 01/23(금) | N22: 01/24(토) | O22: 01/25(일)
A23: 1237608 | B23: 0 | C23: 350 | D23: 250 | E23: 0 | F23: 0 | G23: 0 | H23: 0 | I23: 0 | J23: 0 | K23: 0 | L23: 0 | M23: 0 | N23: 0 | O23: 0
A24: 1232846 | B24: 0 | C24: 327 | D24: 352 | E24: 21 | F24: 0 | G24: 0 | H24: 0 | I24: 0 | J24: 403 | K24: 352 | L24: 449 | M24: 7 | N24: 0 | O24: 0
A25: 1232895 | B25: 0 | C25: 327 | D25: 352 | E25: 21 | F25: 0 | G25: 0 | H25: 0 | I25: 0 | J25: 403 | K25: 352 | L25: 449 | M25: 7 | N25: 0 | O25: 0
A26: 1233384 | B26: 0 | C26: 327 | D26: 352 | E26: 21 | F26: 0 | G26: 0 | H26: 0 | I26: 0 | J26: 403 | K26: 352 | L26: 449 | M26: 7 | N26: 0 | O26: 0
A27: 1233165 | B27: 0 | C27: 0 | D27: 0 | E27: 0 | F27: 0 | G27: 0 | H27: 0 | I27: 0 | J27: 0 | K27: 0 | L27: 0 | M27: 250 | N27: 0 | O27: 0
A28: 1236387 | B28: 0 | C28: 0 | D28: 0 | E28: 0 | F28: 0 | G28: 0 | H28: 0 | I28: 411 | J28: 325 | K28: 0 | L28: 0 | M28: 0 | N28: 0 | O28: 0
A29: 1232775 | B29: 0 | C29: 288 | D29: 243 | E29: 309 | F29: 309 | G29: 0 | H29: 0 | I29: 298 | J29: 8 | K29: 0 | L29: 0 | M29: 0 | N29: 0 | O29: 0
A30: 1238605 | B30: 238 | C30: 6 | D30: 0 | E30: 0 | F30: 0 | G30: 0 | H30: 0 | I30: 0 | J30: 42 | K30: 187 | L30: 182 | M30: 4 | N30: 0 | O30: 0
A35: 품번 | B35: 01/12(월) | C35: 01/13(화) | D35: 01/14(수) | E35: 01/15(목) | F35: 01/16(금) | G35: 01/17(토) | H35: 01/18(일) | I35: 01/19(월) | J35: 01/20(화) | K35: 01/21(수) | L35: 01/22(목) | M35: 01/23(금) | N35: 01/24(토) | O35: 01/25(일)
A36: 1230692 | B36: 0 | C36: 0 | D36: 0 | E36: 0 | F36: 0 | G36: 0 | H36: 0 | I36: 0 | J36: 0 | K36: 0 | L36: 100 | M36: 0 | N36: 0 | O36: 0
A37: 1221967 | B37: 0 | C37: 0 | D37: 176 | E37: 0 | F37: 0 | G37: 0 | H37: 0 | I37: 0 | J37: 0 | K37: 0 | L37: 0 | M37: 0 | N37: 0 | O37: 0
A38: 1227306 | B38: 0 | C38: 0 | D38: 0 | E38: 0 | F38: 0 | G38: 0 | H38: 0 | I38: 150 | J38: 500 | K38: 600 | L38: 0 | M38: 0 | N38: 0 | O38: 0
A39: 1229088 | B39: 0 | C39: 490 | D39: 0 | E39: 0 | F39: 0 | G39: 0 | H39: 0 | I39: 0 | J39: 0 | K39: 0 | L39: 0 | M39: 0 | N39: 0 | O39: 0
A40: 1231090 | B40: 0 | C40: 0 | D40: 0 | E40: 0 | F40: 0 | G40: 0 | H40: 0 | I40: 200 | J40: 0 | K40: 0 | L40: 0 | M40: 0 | N40: 0 | O40: 0
A41: 1229776 | B41: 0 | C41: 0 | D41: 0 | E41: 0 | F41: 0 | G41: 0 | H41: 0 | I41: 200 | J41: 0 | K41: 0 | L41: 0 | M41: 0 | N41: 0 | O41: 0
A42: 1231797 | B42: 0 | C42: 113 | D42: 0 | E42: 0 | F42: 0 | G42: 0 | H42: 0 | I42: 0 | J42: 0 | K42: 0 | L42: 0 | M42: 0 | N42: 0 | O42: 0
A43: 1225464 | B43: 0 | C43: 0 | D43: 0 | E43: 0 | F43: 0 | G43: 0 | H43: 0 | I43: 0 | J43: 0 | K43: 0 | L43: 0 | M43: 28 | N43: 0 | O43: 0
A44: 1234222 | B44: 0 | C44: 0 | D44: 0 | E44: 0 | F44: 0 | G44: 0 | H44: 0 | I44: 0 | J44: 220 | K44: 258 | L44: 0 | M44: 0 | N44: 0 | O44: 0
A45: 1232528 | B45: 161 | C45: 686 | D45: 539 | E45: 651 | F45: 0 | G45: 0 | H45: 0 | I45: 0 | J45: 0 | K45: 0 | L45: 0 | M45: 147 | N45: 0 | O45: 0
A46: 1233587 | B46: 0 | C46: 0 | D46: 10 | E46: 0 | F46: 0 | G46: 0 | H46: 0 | I46: 0 | J46: 0 | K46: 0 | L46: 0 | M46: 0 | N46: 0 | O46: 0
A47: 1232846 | B47: 0 | C47: 0 | D47: 0 | E47: 34 | F47: 142 | G47: 0 | H47: 0 | I47: 0 | J47: 0 | K47: 0 | L47: 0 | M47: 0 | N47: 0 | O47: 0
... A77: 1233580 | B77: 0 | C77: 0 | D77: 0 | E77: 0 | F77: 0 | G77: 0 | H77: 0 | I77: 130 | J77: 0 | K77: 0 | L77: 0 | M77: 0 | N77: 0 | O77: 0

Sheet 0113
A1: 품번 | B1: 01/13(화) | C1: 01/14(수) | D1: 01/15(목) | E1: 01/16(금) | F1: 01/17(토) | G1: 01/18(일) | H1: 01/19(월) | I1: 01/20(화) | J1: 01/21(수) | K1: 01/22(목) | L1: 01/23(금) | M1: 01/24(토) | N1: 01/25(일) | O1: 01/26(월) | P1: 01/27(화) | Q1: 01/28(수) | R1: 01/29(목) | S1: 01/30(금) | T1: 01/31(토) | U1: 02/01(일)
A2: 1221154 | B2: 0 | C2: 50 | D2: 0 | E2: 0 | F2: 0 | G2: 0 | H2: 0 | I2: 0 | J2: 0 | K2: 0 | L2: 0 | M2: 0 | N2: 0 | O2: 0 | P2: 0 | Q2: 0 | R2: 0 | S2: 0 | T2: 0 | U2: 0
A3: 1234614 | B3: 0 | C3: 352 | D3: 50 | E3: 0 | F3: 0 | G3: 0 | H3: 508 | I3: 362 | J3: 0 | K3: 0 | L3: 0 | M3: 0 | N3: 0 | O3: 0 | P3: 0 | Q3: 0 | R3: 0 | S3: 0 | T3: 0 | U3: 0
A4: 1226384 | B4: 100 | C4: 400 | D4: 0 | E4: 0 | F4: 0 | G4: 0 | H4: 0 | I4: 0 | J4: 0 | K4: 0 | L4: 0 | M4: 0 | N4: 0 | O4: 0 | P4: 0 | Q4: 0 | R4: 0 | S4: 0 | T4: 0 | U4: 0
A5: 1226388 | B5: 100 | C5: 400 | D5: 0 | E5: 0 | F5: 0 | G5: 0 | H5: 0 | I5: 0 | J5: 0 | K5: 0 | L5: 0 | M5: 0 | N5: 0 | O5: 0 | P5: 0 | Q5: 0 | R5: 0 | S5: 0 | T5: 0 | U5: 0
A6: 1229673 | B6: 0 | C6: 0 | D6: 0 | E6: 0 | F6: 0 | G6: 0 | H6: 400 | I6: 400 | J6: 400 | K6: 400 | L6: 400 | M6: 0 | N6: 0 | O6: 0 | P6: 200 | Q6: 0 | R6: 300 | S6: 300 | T6: 0 | U6: 0
A7: 1233632 | B7: 0 | C7: 0 | D7: 0 | E7: 0 | F7: 0 | G7: 0 | H7: 0 | I7: 0 | J7: 0 | K7: 0 | L7: 0 | M7: 0 | N7: 0 | O7: 0 | P7: 0 | Q7: 64 | R7: 337 | S7: 0 | T7: 0 | U7: 0
A8: 1237088 | B8: 1106 | C8: 1206 | D8: 1142 | E8: 1656 | F8: 0 | G8: 0 | H8: 1026 | I8: 554 | J8: 794 | K8: 330 | L8: 1039 | M8: 0 | N8: 0 | O8: 0 | P8: 430 | Q8: 788 | R8: 1168 | S8: 1638 | T8: 0 | U8: 0
A9: 1236091 | B9: 0 | C9: 200 | D9: 0 | E9: 0 | F9: 0 | G9: 0 | H9: 0 | I9: 0 | J9: 0 | K9: 0 | L9: 0 | M9: 0 | N9: 0 | O9: 0 | P9: 0 | Q9: 0 | R9: 0 | S9: 0 | T9: 0 | U9: 0
A10: 1238128 | B10: 480 | C10: 378 | D10: 912 | E10: 960 | F10: 0 | G10: 0 | H10: 546 | I10: 480 | J10: 76 | K10: 144 | L10: 480 | M10: 0 | N10: 0 | O10: 60 | P10: 0 | Q10: 0 | R10: 280 | S10: 480 | T10: 0 | U10: 0
A11: 1236962 | B11: 250 | C11: 0 | D11: 250 | E11: 250 | F11: 0 | G11: 0 | H11: 200 | I11: 400 | J11: 200 | K11: 200 | L11: 300 | M11: 0 | N11: 0 | O11: 0 | P11: 500 | Q11: 300 | R11: 300 | S11: 290 | T11: 0 | U11: 0
A12: 1233761 | B12: 0 | C12: 0 | D12: 250 | E12: 0 | F12: 0 | G12: 0 | H12: 0 | I12: 0 | J12: 0 | K12: 150 | L12: 0 | M12: 0 | N12: 0 | O12: 0 | P12: 0 | Q12: 0 | R12: 0 | S12: 0 | T12: 0 | U12: 0
A13: 1239651 | B13: 250 | C13: 0 | D13: 0 | E13: 0 | F13: 0 | G13: 0 | H13: 205 | I13: 0 | J13: 0 | K13: 300 | L13: 0 | M13: 0 | N13: 0 | O13: 0 | P13: 0 | Q13: 0 | R13: 400 | S13: 0 | T13: 0 | U13: 0
... A17: 1240308 | B17: 200 | C17: 0 | D17: 350 | E17: 200 | F17: 0 | G17: 0 | H17: 0 | I17: 450 | J17: 300 | K17: 0 | L17: 0 | M17: 0 | N17: 0 | O17: 468 | P17: 282 | Q17: 0 | R17: 0 | S17: 0 | T17: 0 | U17: 0
A21: 품번 | B21: 01/13(화) | C21: 01/14(수) | D21: 01/15(목) | E21: 01/16(금) | F21: 01/17(토) | G21: 01/18(일) | H21: 01/19(월) | I21: 01/20(화) | J21: 01/21(수) | K21: 01/22(목) | L21: 01/23(금) | M21: 01/24(토) | N21: 01/25(일) | O21: 01/26(월) | P21: 01/27(화) | Q21: 01/28(수) | R21: 01/29(목) | S21: 01/30(금) | T21: 01/31(토) | U21: 02/01(일)
A22: 1237608 | B22: 350 | C22: 250 | D22: 0 | E22: 0 | F22: 0 | G22: 0 | H22: 0 | I22: 0 | J22: 0 | K22: 0 | L22: 0 | M22: 0 | N22: 0 | O22: 0 | P22: 0 | Q22: 0 | R22: 0 | S22: 0 | T22: 0 | U22: 0
A23: 1232846 | B23: 327 | C23: 352 | D23: 21 | E23: 0 | F23: 0 | G23: 0 | H23: 0 | I23: 403 | J23: 352 | K23: 449 | L23: 2 | M23: 0 | N23: 0 | O23: 0 | P23: 0 | Q23: 0 | R23: 0 | S23: 0 | T23: 0 | U23: 0
A24: 1232895 | B24: 327 | C24: 352 | D24: 21 | E24: 0 | F24: 0 | G24: 0 | H24: 0 | I24: 403 | J24: 352 | K24: 449 | L24: 2 | M24: 0 | N24: 0 | O24: 0 | P24: 0 | Q24: 0 | R24: 0 | S24: 0 | T24: 0 | U24: 0
A25: 1233384 | B25: 327 | C25: 352 | D25: 21 | E25: 0 | F25: 0 | G25: 0 | H25: 0 | I25: 403 | J25: 352 | K25: 449 | L25: 2 | M25: 0 | N25: 0 | O25: 0 | P25: 0 | Q25: 0 | R25: 0 | S25: 0 | T25: 0 | U25: 0
A26: 1233165 | B26: 0 | C26: 0 | D26: 0 | E26: 0 | F26: 0 | G26: 0 | H26: 0 | I26: 0 | J26: 0 | K26: 0 | L26: 250 | M26: 0 | N26: 0 | O26: 0 | P26: 0 | Q26: 0 | R26: 0 | S26: 0 | T26: 0 | U26: 0
A27: 1236387 | B27: 0 | C27: 0 | D27: 0 | E27: 0 | F27: 0 | G27: 0 | H27: 411 | I27: 325 | J27: 0 | K27: 0 | L27: 0 | M27: 0 | N27: 0 | O27: 426 | P27: 71 | Q27: 0 | R27: 0 | S27: 0 | T27: 0 | U27: 0
A28: 1232775 | B28: 288 | C28: 243 | D28: 309 | E28: 309 | F28: 0 | G28: 0 | H28: 298 | I28: 8 | J28: 0 | K28: 0 | L28: 0 | M28: 0 | N28: 0 | O28: 0 | P28: 251 | Q28: 132 | R28: 618 | S28: 544 | T28: 0 | U28: 0
A29: 1238605 | B29: 6 | C29: 0 | D29: 0 | E29: 0 | F29: 0 | G29: 0 | H29: 0 | I29: 42 | J29: 187 | K29: 182 | L29: 2 | M29: 0 | N29: 0 | O29: 0 | P29: 0 | Q29: 0 | R29: 0 | S29: 0 | T29: 0 | U29: 0
A30: 1230685 | B30: 0 | C30: 0 | D30: 0 | E30: 0 | F30: 0 | G30: 0 | H30: 0 | I30: 0 | J30: 0 | K30: 0 | L30: 0 | M30: 0 | N30: 0 | O30: 0 | P30: 0 | Q30: 28 | R30: 122 | S30: 0 | T30: 0 | U30: 0
A33: 품번 | B33: 01/13(화) | C33: 01/14(수) | D33: 01/15(목) | E33: 01/16(금) | F33: 01/17(토) | G33: 01/18(일) | H33: 01/19(월) | I33: 01/20(화) | J33: 01/21(수) | K33: 01/22(목) | L33: 01/23(금) | M33: 01/24(토) | N33: 01/25(일) | O33: 01/26(월) | P33: 01/27(화) | Q33: 01/28(수) | R33: 01/29(목) | S33: 01/30(금) | T33: 01/31(토) | U33: 02/01(일)
A34: 1230692 | B34: 0 | C34: 0 | D34: 0 | E34: 0 | F34: 0 | G34: 0 | H34: 0 | I34: 250 | J34: 0 | K34: 0 | L34: 0 | M34: 0 | N34: 0 | O34: 0 | P34: 0 | Q34: 0 | R34: 0 | S34: 150 | T34: 0 | U34: 0
A35: 1221967 | B35: 0 | C35: 176 | D35: 0 | E35: 0 | F35: 0 | G35: 0 | H35: 0 | I35: 0 | J35: 401 | K35: 382 | L35: 0 | M35: 0 | N35: 0 | O35: 0 | P35: 0 | Q35: 0 | R35: 0 | S35: 0 | T35: 0 | U35: 0
A36: 1227306 | B36: 0 | C36: 0 | D36: 0 | E36: 0 | F36: 0 | G36: 0 | H36: 150 | I36: 500 | J36: 600 | K36: 0 | L36: 0 | M36: 0 | N36: 0 | O36: 0 | P36: 0 | Q36: 0 | R36: 0 | S36: 0 | T36: 0 | U36: 0
A37: 1229088 | B37: 490 | C37: 0 | D37: 0 | E37: 0 | F37: 0 | G37: 0 | H37: 0 | I37: 0 | J37: 0 | K37: 0 | L37: 0 | M37: 0 | N37: 0 | O37: 0 | P37: 0 | Q37: 0 | R37: 0 | S37: 0 | T37: 0 | U37: 0
A38: 1231090 | B38: 0 | C38: 0 | D38: 0 | E38: 0 | F38: 0 | G38: 0 | H38: 0 | I38: 200 | J38: 0 | K38: 0 | L38: 0 | M38: 0 | N38: 0 | O38: 0 | P38: 0 | Q38: 575 | R38: 580 | S38: 580 | T38: 0 | U38: 0
A39: 1229776 | B39: 0 | C39: 0 | D39: 0 | E39: 0 | F39: 0 | G39: 0 | H39: 0 | I39: 200 | J39: 0 | K39: 0 | L39: 0 | M39: 0 | N39: 0 | O39: 0 | P39: 0 | Q39: 0 | R39: 0 | S39: 0 | T39: 0 | U39: 0
A40: 1231797 | B40: 113 | C40: 0 | D40: 0 | E40: 0 | F40: 0 | G40: 0 | H40: 0 | I40: 0 | J40: 0 | K40: 0 | L40: 0 | M40: 0 | N40: 0 | O40: 0 | P40: 0 | Q40: 0 | R40: 0 | S40: 0 | T40: 0 | U40: 0
A41: 1225464 | B41: 0 | C41: 0 | D41: 0 | E41: 0 | F41: 0 | G41: 0 | H41: 0 | I41: 0 | J41: 0 | K41: 0 | L41: 28 | M41: 0 | N41: 0 | O41: 0 | P41: 0 | Q41: 0 | R41: 0 | S41: 0 | T41: 0 | U41: 0
A42: 1234222 | B42: 0 | C42: 0 | D42: 0 | E42: 0 | F42: 0 | G42: 0 | H42: 0 | I42: 220 | J42: 258 | K42: 0 | L42: 0 | M42: 0 | N42: 0 | O42: 0 | P42: 0 | Q42: 0 | R42: 0 | S42: 0 | T42: 0 | U42: 0
A43: 1232528 | B43: 686 | C43: 539 | D43: 651 | E43: 0 | F43: 0 | G43: 0 | H43: 0 | I43: 0 | J43: 0 | K43: 0 | L43: 147 | M43: 0 | N43: 0 | O43: 0 | P43: 0 | Q43: 0 | R43: 124 | S43: 678 | T43: 0 | U43: 0
A44: 1233587 | B44: 0 | C44: 10 | D44: 0 | E44: 0 | F44: 0 | G44: 0 | H44: 0 | I44: 0 | J44: 0 | K44: 0 | L44: 0 | M44: 0 | N44: 0 | O44: 0 | P44: 0 | Q44: 0 | R44: 0 | S44: 0 | T44: 0 | U44: 0
A45: 1232846 | B45: 0 | C45: 0 | D45: 34 | E45: 142 | F45: 0 | G45: 0 | H45: 0 | I45: 0 | J45: 0 | K45: 0 | L45: 0 | M45: 0 | N45: 0 | O45: 0 | P45: 0 | Q45: 0 | R45: 265 | S45: 0 | T45: 0 | U45: 0
... A75: 1233387 | B75: 0 | C75: 0 | D75: 0 | E75: 0 | F75: 0 | G75: 0 | H75: 0 | I75: 0 | J75: 0 | K75: 0 | L75: 0 | M75: 0 | N75: 0 | O75: 0 | P75: 0 | Q75: 0 | R75: 1 | S75: 0 | T75: 0 | U75: 0

Sheet 0114
A1: 품번 | B1: 01/14(수) | C1: 01/15(목) | D1: 01/16(금) | E1: 01/17(토) | F1: 01/18(일) | G1: 01/19(월) | H1: 01/20(화) | I1: 01/21(수) | J1: 01/22(목) | K1: 01/23(금) | L1: 01/24(토) | M1: 01/25(일) | N1: 01/26(월) | O1: 01/27(화) | P1: 01/28(수) | Q1: 01/29(목) | R1: 01/30(금) | S1: 01/31(토) | T1: 02/01(일)
A2: 1221154 | B2: 50 | C2: 0 | D2: 0 | E2: 0 | F2: 0 | G2: 0 | H2: 0 | I2: 0 | J2: 0 | K2: 0 | L2: 0 | M2: 0 | N2: 0 | O2: 0 | P2: 0 | Q2: 0 | R2: 0 | S2: 0 | T2: 0
A3: 1234614 | B3: 352 | C3: 50 | D3: 0 | E3: 0 | F3: 0 | G3: 508 | H3: 362 | I3: 0 | J3: 0 | K3: 0 | L3: 0 | M3: 0 | N3: 0 | O3: 0 | P3: 0 | Q3: 0 | R3: 0 | S3: 0 | T3: 0
A4: 1226384 | B4: 400 | C4: 0 | D4: 0 | E4: 0 | F4: 0 | G4: 0 | H4: 0 | I4: 0 | J4: 0 | K4: 0 | L4: 0 | M4: 0 | N4: 0 | O4: 0 | P4: 0 | Q4: 0 | R4: 0 | S4: 0 | T4: 0
A5: 1226388 | B5: 400 | C5: 0 | D5: 0 | E5: 0 | F5: 0 | G5: 0 | H5: 0 | I5: 0 | J5: 0 | K5: 0 | L5: 0 | M5: 0 | N5: 0 | O5: 0 | P5: 0 | Q5: 0 | R5: 0 | S5: 0 | T5: 0
A6: 1229673 | B6: 0 | C6: 0 | D6: 0 | E6: 0 | F6: 0 | G6: 400 | H6: 400 | I6: 400 | J6: 400 | K6: 400 | L6: 0 | M6: 0 | N6: 0 | O6: 200 | P6: 0 | Q6: 300 | R6: 300 | S6: 0 | T6: 0
A7: 1233632 | B7: 0 | C7: 0 | D7: 0 | E7: 0 | F7: 0 | G7: 0 | H7: 0 | I7: 0 | J7: 0 | K7: 0 | L7: 0 | M7: 0 | N7: 0 | O7: 0 | P7: 64 | Q7: 337 | R7: 0 | S7: 0 | T7: 0
A8: 1237088 | B8: 1206 | C8: 1142 | D8: 1656 | E8: 0 | F8: 0 | G8: 1026 | H8: 554 | I8: 794 | J8: 330 | K8: 1039 | L8: 0 | M8: 0 | N8: 332 | O8: 330 | P8: 788 | Q8: 1168 | R8: 1638 | S8: 0 | T8: 0
A9: 1236091 | B9: 200 | C9: 0 | D9: 0 | E9: 0 | F9: 0 | G9: 0 | H9: 0 | I9: 0 | J9: 0 | K9: 0 | L9: 0 | M9: 0 | N9: 0 | O9: 0 | P9: 0 | Q9: 0 | R9: 0 | S9: 0 | T9: 0
A10: 1238128 | B10: 378 | C10: 912 | D10: 960 | E10: 0 | F10: 0 | G10: 546 | H10: 480 | I10: 76 | J10: 144 | K10: 480 | L10: 0 | M10: 0 | N10: 60 | O10: 0 | P10: 0 | Q10: 280 | R10: 480 | S10: 0 | T10: 0
A11: 1236962 | B11: 0 | C11: 250 | D11: 250 | E11: 0 | F11: 0 | G11: 200 | H11: 400 | I11: 200 | J11: 200 | K11: 300 | L11: 0 | M11: 0 | N11: 0 | O11: 500 | P11: 300 | Q11: 300 | R11: 290 | S11: 0 | T11: 0
A12: 1233761 | B12: 0 | C12: 250 | D12: 0 | E12: 0 | F12: 0 | G12: 0 | H12: 0 | I12: 0 | J12: 150 | K12: 0 | L12: 0 | M12: 0 | N12: 0 | O12: 0 | P12: 0 | Q12: 0 | R12: 0 | S12: 0 | T12: 0
A13: 1239651 | B13: 0 | C13: 0 | D13: 0 | E13: 0 | F13: 0 | G13: 205 | H13: 0 | I13: 0 | J13: 300 | K13: 0 | L13: 0 | M13: 0 | N13: 0 | O13: 0 | P13: 0 | Q13: 400 | R13: 0 | S13: 0 | T13: 0
... A17: 1240308 | B17: 0 | C17: 350 | D17: 200 | E17: 0 | F17: 0 | G17: 0 | H17: 450 | I17: 300 | J17: 0 | K17: 0 | L17: 0 | M17: 0 | N17: 400 | O17: 350 | P17: 0 | Q17: 0 | R17: 0 | S17: 0 | T17: 0
A20: 품번 | B20: 01/14(수) | C20: 01/15(목) | D20: 01/16(금) | E20: 01/17(토) | F20: 01/18(일) | G20: 01/19(월) | H20: 01/20(화) | I20: 01/21(수) | J20: 01/22(목) | K20: 01/23(금) | L20: 01/24(토) | M20: 01/25(일) | N20: 01/26(월) | O20: 01/27(화) | P20: 01/28(수) | Q20: 01/29(목) | R20: 01/30(금) | S20: 01/31(토) | T20: 02/01(일)
A21: 1237608 | B21: 250 | C21: 0 | D21: 0 | E21: 0 | F21: 0 | G21: 0 | H21: 0 | I21: 0 | J21: 0 | K21: 0 | L21: 0 | M21: 0 | N21: 0 | O21: 0 | P21: 0 | Q21: 0 | R21: 0 | S21: 0 | T21: 0
A22: 1232846 | B22: 352 | C22: 21 | D22: 0 | E22: 0 | F22: 0 | G22: 0 | H22: 403 | I22: 352 | J22: 449 | K22: 2 | L22: 0 | M22: 0 | N22: 0 | O22: 0 | P22: 0 | Q22: 0 | R22: 0 | S22: 0 | T22: 0
A23: 1232895 | B23: 352 | C23: 21 | D23: 0 | E23: 0 | F23: 0 | G23: 0 | H23: 403 | I23: 352 | J23: 449 | K23: 2 | L23: 0 | M23: 0 | N23: 0 | O23: 0 | P23: 0 | Q23: 0 | R23: 0 | S23: 0 | T23: 0
A24: 1233384 | B24: 352 | C24: 21 | D24: 0 | E24: 0 | F24: 0 | G24: 0 | H24: 403 | I24: 352 | J24: 449 | K24: 2 | L24: 0 | M24: 0 | N24: 0 | O24: 0 | P24: 0 | Q24: 0 | R24: 0 | S24: 0 | T24: 0
A25: 1233165 | B25: 0 | C25: 0 | D25: 0 | E25: 0 | F25: 0 | G25: 0 | H25: 0 | I25: 0 | J25: 0 | K25: 250 | L25: 0 | M25: 0 | N25: 0 | O25: 0 | P25: 0 | Q25: 0 | R25: 0 | S25: 0 | T25: 0
A26: 1236387 | B26: 0 | C26: 0 | D26: 0 | E26: 0 | F26: 0 | G26: 411 | H26: 325 | I26: 0 | J26: 0 | K26: 0 | L26: 0 | M26: 0 | N26: 426 | O26: 71 | P26: 0 | Q26: 0 | R26: 0 | S26: 0 | T26: 0
A27: 1232775 | B27: 243 | C27: 309 | D27: 309 | E27: 0 | F27: 0 | G27: 298 | H27: 8 | I27: 0 | J27: 0 | K27: 0 | L27: 0 | M27: 0 | N27: 0 | O27: 251 | P27: 92 | Q27: 309 | R27: 276 | S27: 0 | T27: 0
A28: 1238605 | B28: 0 | C28: 0 | D28: 0 | E28: 0 | F28: 0 | G28: 0 | H28: 42 | I28: 187 | J28: 182 | K28: 2 | L28: 0 | M28: 0 | N28: 0 | O28: 0 | P28: 0 | Q28: 0 | R28: 0 | S28: 0 | T28: 0
A29: 1230685 | B29: 0 | C29: 0 | D29: 0 | E29: 0 | F29: 0 | G29: 0 | H29: 0 | I29: 0 | J29: 0 | K29: 0 | L29: 0 | M29: 0 | N29: 0 | O29: 0 | P29: 28 | Q29: 122 | R29: 0 | S29: 0 | T29: 0
A33: 품번 | B33: 01/14(수) | C33: 01/15(목) | D33: 01/16(금) | E33: 01/17(토) | F33: 01/18(일) | G33: 01/19(월) | H33: 01/20(화) | I33: 01/21(수) | J33: 01/22(목) | K33: 01/23(금) | L33: 01/24(토) | M33: 01/25(일) | N33: 01/26(월) | O33: 01/27(화) | P33: 01/28(수) | Q33: 01/29(목) | R33: 01/30(금) | S33: 01/31(토) | T33: 02/01(일)
A34: 1230692 | B34: 0 | C34: 0 | D34: 0 | E34: 0 | F34: 0 | G34: 0 | H34: 250 | I34: 0 | J34: 0 | K34: 0 | L34: 0 | M34: 0 | N34: 0 | O34: 0 | P34: 0 | Q34: 0 | R34: 0 | S34: 0 | T34: 0
A35: 1221967 | B35: 176 | C35: 0 | D35: 0 | E35: 0 | F35: 0 | G35: 0 | H35: 0 | I35: 0 | J35: 0 | K35: 0 | L35: 0 | M35: 0 | N35: 0 | O35: 0 | P35: 383 | Q35: 400 | R35: 0 | S35: 0 | T35: 0
A36: 1227306 | B36: 0 | C36: 0 | D36: 0 | E36: 0 | F36: 0 | G36: 118 | H36: 487 | I36: 378 | J36: 177 | K36: 0 | L36: 0 | M36: 0 | N36: 0 | O36: 0 | P36: 0 | Q36: 0 | R36: 0 | S36: 0 | T36: 0
A37: 1231090 | B37: 0 | C37: 0 | D37: 0 | E37: 0 | F37: 0 | G37: 0 | H37: 200 | I37: 0 | J37: 0 | K37: 0 | L37: 0 | M37: 0 | N37: 0 | O37: 0 | P37: 207 | Q37: 551 | R37: 382 | S37: 0 | T37: 0
A38: 1229776 | B38: 0 | C38: 0 | D38: 0 | E38: 0 | F38: 0 | G38: 0 | H38: 200 | I38: 0 | J38: 0 | K38: 0 | L38: 0 | M38: 0 | N38: 0 | O38: 0 | P38: 0 | Q38: 0 | R38: 0 | S38: 0 | T38: 0
A39: 1225464 | B39: 0 | C39: 0 | D39: 0 | E39: 0 | F39: 0 | G39: 0 | H39: 0 | I39: 0 | J39: 0 | K39: 0 | L39: 0 | M39: 0 | N39: 0 | O39: 28 | P39: 0 | Q39: 0 | R39: 0 | S39: 0 | T39: 0
A40: 1234222 | B40: 0 | C40: 0 | D40: 0 | E40: 0 | F40: 0 | G40: 0 | H40: 0 | I40: 0 | J40: 276 | K40: 202 | L40: 0 | M40: 0 | N40: 0 | O40: 0 | P40: 0 | Q40: 0 | R40: 0 | S40: 0 | T40: 0
A41: 1232528 | B41: 539 | C41: 651 | D41: 0 | E41: 0 | F41: 0 | G41: 0 | H41: 0 | I41: 0 | J41: 0 | K41: 0 | L41: 0 | M41: 0 | N41: 0 | O41: 0 | P41: 0 | Q41: 271 | R41: 678 | S41: 0 | T41: 0
A42: 1233587 | B42: 10 | C42: 0 | D42: 0 | E42: 0 | F42: 0 | G42: 0 | H42: 0 | I42: 0 | J42: 0 | K42: 0 | L42: 0 | M42: 0 | N42: 0 | O42: 0 | P42: 0 | Q42: 0 | R42: 0 | S42: 0 | T42: 0
A43: 1232846 | B43: 0 | C43: 34 | D43: 142 | E43: 0 | F43: 0 | G43: 0 | H43: 0 | I43: 0 | J43: 0 | K43: 0 | L43: 0 | M43: 0 | N43: 1 | O43: 0 | P43: 0 | Q43: 265 | R43: 0 | S43: 0 | T43: 0
A44: 1229050 | B44: 0 | C44: 0 | D44: 0 | E44: 0 | F44: 0 | G44: 0 | H44: 0 | I44: 0 | J44: 0 | K44: 0 | L44: 0 | M44: 0 | N44: 0 | O44: 75 | P44: 105 | Q44: 0 | R44: 0 | S44: 0 | T44: 0
A45: 1233383 | B45: 0 | C45: 0 | D45: 0 | E45: 0 | F45: 0 | G45: 0 | H45: 0 | I45: 113 | J45: 0 | K45: 0 | L45: 0 | M45: 0 | N45: 0 | O45: 0 | P45: 0 | Q45: 0 | R45: 0 | S45: 0 | T45: 0
... A73: 1233387 | B73: 0 | C73: 0 | D73: 0 | E73: 0 | F73: 0 | G73: 0 | H73: 0 | I73: 0 | J73: 0 | K73: 0 | L73: 0 | M73: 0 | N73: 1 | O73: 0 | P73: 0 | Q73: 1 | R73: 0 | S73: 0 | T73: 0

Sheet 0114 W12
B2: 품번 | C2: 06W | D2: 07W | E2: 08W | F2: 09W | G2: 10W | H2: 11W | I2: 12W | J2: 13W | K2: 14W | L2: 15W
C3: 02/02 ~ 02/08 | D3: 02/09 ~ 02/15 | E3: 02/16 ~ 02/22 | F3: 02/23 ~ 03/01 | G3: 03/02 ~ 03/08 | H3: 03/09 ~ 03/15 | I3: 03/16 ~ 03/22 | J3: 03/23 ~ 03/29 | K3: 03/30 ~ 04/05 | L3: 04/06 ~ 04/12 | N3: 46036 | O3: 46029
B4: 1226384 | C4: 1060 | D4: 0 | E4: 0 | F4: 0 | G4: 1060 | H4: 600 | I4: 300 | J4: 400 | K4: 200 | L4: 0 | N4: =SUM(C4:K4) -> 3620 | O4: =VLOOKUP(B4,'0107 W12'!B9:R131,17,0) -> 2560 | P4: =+N4-O4 -> 1060
B5: 1226388 | C5: 1060 | D5: 0 | E5: 0 | F5: 0 | G5: 1060 | H5: 600 | I5: 300 | J5: 400 | K5: 200 | L5: 0 | N5: =SUM(C5:K5) -> 3620 | O5: =VLOOKUP(B5,'0107 W12'!B10:R132,17,0) -> 2560 | P5: =+N5-O5 -> 1060
B6: 1227431 | C6: 0 | D6: 96 | E6: 0 | F6: 0 | G6: 0 | H6: 0 | I6: 0 | J6: 0 | K6: 0 | L6: 0 | N6: =SUM(C6:K6) -> 96 | O6: =VLOOKUP(B6,'0107 W12'!B11:R133,17,0) -> 96 | P6: =+N6-O6 -> 0
B7: 1227433 | C7: 0 | D7: 96 | E7: 0 | F7: 0 | G7: 0 | H7: 0 | I7: 0 | J7: 0 | K7: 0 | L7: 0 | N7: =SUM(C7:K7) -> 96 | O7: =VLOOKUP(B7,'0107 W12'!B12:R134,17,0) -> 96 | P7: =+N7-O7 -> 0
B8: 1229673 | C8: 950 | D8: 800 | E8: 600 | F8: 600 | G8: 900 | H8: 1000 | I8: 1000 | J8: 900 | K8: 1300 | L8: 700 | N8: =SUM(C8:K8) -> 8050 | O8: =VLOOKUP(B8,'0107 W12'!B13:R135,17,0) -> 7900 | P8: =+N8-O8 -> 150
B9: 1230692 | C9: 1000 | D9: 1000 | E9: 0 | F9: 1000 | G9: 700 | H9: 600 | I9: 700 | J9: 600 | K9: 1400 | L9: 800 | N9: =SUM(C9:K9) -> 7000 | O9: =VLOOKUP(B9,'0107 W12'!B14:R136,17,0) -> 7000 | P9: =+N9-O9 -> 0
B10: 1230696 | C10: 200 | D10: 200 | E10: 100 | F10: 0 | G10: 0 | H10: 200 | I10: 200 | J10: 0 | K10: 0 | L10: 200 | N10: =SUM(C10:K10) -> 900 | O10: =VLOOKUP(B10,'0107 W12'!B15:R137,17,0) -> 1000 | P10: =+N10-O10 -> -100
B11: 1230854 | C11: 0 | D11: 100 | E11: 0 | F11: 0 | G11: 0 | H11: 0 | I11: 200 | J11: 0 | K11: 0 | L11: 0 | N11: =SUM(C11:K11) -> 300 | O11: =VLOOKUP(B11,'0107 W12'!B16:R138,17,0) -> 400 | P11: =+N11-O11 -> -100
B12: 1231202 | C12: 0 | D12: 0 | E12: 0 | F12: 0 | G12: 150 | H12: 0 | I12: 0 | J12: 0 | K12: 0 | L12: 0 | N12: =SUM(C12:K12) -> 150 | O12: =VLOOKUP(B12,'0107 W12'!B17:R139,17,0) -> 150 | P12: =+N12-O12 -> 0
B13: 1231898 | C13: 2240 | D13: 2240 | E13: 1912 | F13: 1344 | G13: 1792 | H13: 1792 | I13: 1792 | J13: 1792 | K13: 2240 | L13: 1792 | N13: =SUM(C13:K13) -> 17144 | O13: =VLOOKUP(B13,'0107 W12'!B18:R140,17,0) -> 16248 | P13: =+N13-O13 -> 896
B14: 1233492 | C14: 0 | D14: 0 | E14: 0 | F14: 0 | G14: 0 | H14: 0 | I14: 500 | J14: 0 | K14: 300 | L14: 400 | N14: =SUM(C14:K14) -> 800 | O14: =VLOOKUP(B14,'0107 W12'!B19:R141,17,0) -> 800 | P14: =+N14-O14 -> 0
B15: 1233498 | C15: 0 | D15: 0 | E15: 0 | F15: 0 | G15: 0 | H15: 0 | I15: 500 | J15: 0 | K15: 300 | L15: 400 | N15: =SUM(C15:K15) -> 800 | O15: =VLOOKUP(B15,'0107 W12'!B20:R142,17,0) -> 800 | P15: =+N15-O15 -> 0
... B38: 1241601 | C38: 4900 | D38: 5000 | E38: 2400 | F38: 4400 | G38: 3800 | H38: 4100 | I38: 3100 | J38: 4000 | K38: 4700 | L38: 4100 | N38: =SUM(C38:K38) -> 36400 | O38: =VLOOKUP(B38,'0107 W12'!B43:R165,17,0) -> 36400 | P38: =+N38-O38 -> 0
B42: 품번 | C42: 06W | D42: 07W | E42: 08W | F42: 09W | G42: 10W | H42: 11W | I42: 12W | J42: 13W | K42: 14W | L42: 15W
C43: 02/02 ~ 02/08 | D43: 02/09 ~ 02/15 | E43: 02/16 ~ 02/22 | F43: 02/23 ~ 03/01 | G43: 03/02 ~ 03/08 | H43: 03/09 ~ 03/15 | I43: 03/16 ~ 03/22 | J43: 03/23 ~ 03/29 | K43: 03/30 ~ 04/05 | L43: 04/06 ~ 04/12
B44: 1216452 | C44: 0 | D44: 0 | E44: 0 | F44: 288 | G44: 0 | H44: 0 | I44: 0 | J44: 0 | K44: 144 | L44: 0 | N44: =SUM(C44:K44) -> 432 | O44: =VLOOKUP(B44,'0107 W12'!B49:R171,17,0) -> 144 | P44: =+N44-O44 -> 288
B45: 1220847 | C45: 3186 | D45: 0 | E45: 130 | F45: 0 | G45: 0 | H45: 1086 | I45: 0 | J45: 0 | K45: 0 | L45: 0 | N45: =SUM(C45:K45) -> 4402 | O45: =VLOOKUP(B45,'0107 W12'!B50:R172,17,0) -> 3772 | P45: =+N45-O45 -> 630
B46: 1221967 | C46: 20 | D46: 50 | E46: 0 | F46: 0 | G46: 0 | H46: 20 | I46: 0 | J46: 329 | K46: 0 | L46: 0 | N46: =SUM(C46:K46) -> 419 | O46: =VLOOKUP(B46,'0107 W12'!B51:R173,17,0) -> 419 | P46: =+N46-O46 -> 0
B47: 1225464 | C47: 756 | D47: 0 | E47: 0 | F47: 0 | G47: 0 | H47: 780 | I47: 0 | J47: 0 | K47: 0 | L47: 0 | N47: =SUM(C47:K47) -> 1536 | O47: =VLOOKUP(B47,'0107 W12'!B52:R174,17,0) -> 1536 | P47: =+N47-O47 -> 0
B48: 1227306 | C48: 0 | D48: 0 | E48: 0 | F48: 0 | G48: 0 | H48: 300 | I48: 700 | J48: 250 | K48: 200 | L48: 650 | N48: =SUM(C48:K48) -> 1450 | O48: =VLOOKUP(B48,'0107 W12'!B53:R175,17,0) -> 1370 | P48: =+N48-O48 -> 80
B49: 1227359 | C49: 0 | D49: 0 | E49: 20 | F49: 0 | G49: 0 | H49: 0 | I49: 0 | J49: 0 | K49: 0 | L49: 0 | N49: =SUM(C49:K49) -> 20 | O49: =VLOOKUP(B49,'0107 W12'!B54:R176,17,0) -> 20 | P49: =+N49-O49 -> 0
B50: 1229050 | C50: 0 | D50: 0 | E50: 0 | F50: 180 | G50: 0 | H50: 0 | I50: 0 | J50: 205 | K50: 0 | L50: 0 | N50: =SUM(C50:K50) -> 385 | O50: =VLOOKUP(B50,'0107 W12'!B55:R177,17,0) -> 385 | P50: =+N50-O50 -> 0
B51: 1229088 | C51: 160 | D51: 300 | E51: 350 | F51: 0 | G51: 0 | H51: 350 | I51: 250 | J51: 0 | K51: 0 | L51: 300 | N51: =SUM(C51:K51) -> 1410 | O51: =VLOOKUP(B51,'0107 W12'!B56:R178,17,0) -> 1408 | P51: =+N51-O51 -> 2
B52: 1229776 | C52: 0 | D52: 0 | E52: 0 | F52: 0 | G52: 0 | H52: 0 | I52: 0 | J52: 100 | K52: 0 | L52: 0 | N52: =SUM(C52:K52) -> 100 | O52: =VLOOKUP(B52,'0107 W12'!B57:R179,17,0) -> 100 | P52: =+N52-O52 -> 0
B53: 1230685 | C53: 0 | D53: 300 | E53: 0 | F53: 150 | G53: 0 | H53: 200 | I53: 250 | J53: 0 | K53: 0 | L53: 200 | N53: =SUM(C53:K53) -> 900 | O53: =VLOOKUP(B53,'0107 W12'!B58:R180,17,0) -> 900 | P53: =+N53-O53 -> 0
B54: 1230692 | C54: 0 | D54: 150 | E54: 0 | F54: 150 | G54: 0 | H54: 0 | I54: 0 | J54: 0 | K54: 0 | L54: 100 | N54: =SUM(C54:K54) -> 300 | O54: =VLOOKUP(B54,'0107 W12'!B59:R181,17,0) -> 300 | P54: =+N54-O54 -> 0
B55: 1230791 | C55: 0 | D55: 23 | E55: 0 | F55: 0 | G55: 0 | H55: 140 | I55: 26 | J55: 0 | K55: 0 | L55: 0 | N55: =SUM(C55:K55) -> 189 | O55: =VLOOKUP(B55,'0107 W12'!B60:R182,17,0) -> 189 | P55: =+N55-O55 -> 0
... B104: 1241480 | C104: 0 | D104: 0 | E104: 0 | F104: 26 | G104: 0 | H104: 0 | I104: 0 | J104: 0 | K104: 0 | L104: 0 | N104: =SUM(C104:K104) -> 26 | O104: =VLOOKUP(B104,'0107 W12'!B109:R231,17,0) -> 26 | P104: =+N104-O104 -> 0

Sheet 0115
A1: 품번 | B1: 01/15(목) | C1: 01/16(금) | D1: 01/17(토) | E1: 01/18(일) | F1: 01/19(월) | G1: 01/20(화) | H1: 01/21(수) | I1: 01/22(목) | J1: 01/23(금) | K1: 01/24(토) | L1: 01/25(일) | M1: 01/26(월) | N1: 01/27(화) | O1: 01/28(수) | P1: 01/29(목) | Q1: 01/30(금) | R1: 01/31(토) | S1: 02/01(일)
A2: 1234614 | B2: 50 | C2: 0 | D2: 0 | E2: 0 | F2: 508 | G2: 362 | H2: 0 | I2: 0 | J2: 0 | K2: 0 | L2: 0 | M2: 0 | N2: 0 | O2: 0 | P2: 0 | Q2: 0 | R2: 0 | S2: 0
A3: 1229673 | B3: 0 | C3: 0 | D3: 0 | E3: 0 | F3: 400 | G3: 400 | H3: 400 | I3: 400 | J3: 400 | K3: 0 | L3: 0 | M3: 0 | N3: 200 | O3: 0 | P3: 300 | Q3: 300 | R3: 0 | S3: 0
A4: 1233632 | B4: 0 | C4: 0 | D4: 0 | E4: 0 | F4: 0 | G4: 0 | H4: 0 | I4: 0 | J4: 0 | K4: 0 | L4: 0 | M4: 0 | N4: 0 | O4: 64 | P4: 337 | Q4: 0 | R4: 0 | S4: 0
A5: 1237088 | B5: 1142 | C5: 1656 | D5: 0 | E5: 0 | F5: 1026 | G5: 554 | H5: 794 | I5: 330 | J5: 1039 | K5: 0 | L5: 0 | M5: 332 | N5: 330 | O5: 788 | P5: 1168 | Q5: 1638 | R5: 0 | S5: 0
A6: 1238128 | B6: 912 | C6: 960 | D6: 0 | E6: 0 | F6: 546 | G6: 480 | H6: 76 | I6: 144 | J6: 480 | K6: 0 | L6: 0 | M6: 60 | N6: 0 | O6: 0 | P6: 280 | Q6: 480 | R6: 0 | S6: 0
A7: 1236962 | B7: 250 | C7: 250 | D7: 0 | E7: 0 | F7: 200 | G7: 400 | H7: 200 | I7: 200 | J7: 300 | K7: 0 | L7: 0 | M7: 0 | N7: 500 | O7: 300 | P7: 300 | Q7: 290 | R7: 0 | S7: 0
A8: 1233761 | B8: 250 | C8: 0 | D8: 0 | E8: 0 | F8: 0 | G8: 0 | H8: 0 | I8: 150 | J8: 0 | K8: 0 | L8: 0 | M8: 0 | N8: 0 | O8: 0 | P8: 0 | Q8: 0 | R8: 0 | S8: 0
A9: 1239651 | B9: 0 | C9: 0 | D9: 0 | E9: 0 | F9: 205 | G9: 0 | H9: 0 | I9: 300 | J9: 0 | K9: 0 | L9: 0 | M9: 0 | N9: 0 | O9: 0 | P9: 400 | Q9: 0 | R9: 0 | S9: 0
A10: 1239988 | B10: 454 | C10: 454 | D10: 0 | E10: 0 | F10: 454 | G10: 454 | H10: 356 | I10: 478 | J10: 454 | K10: 0 | L10: 0 | M10: 174 | N10: 120 | O10: 336 | P10: 454 | Q10: 454 | R10: 0 | S10: 0
A11: 1240180 | B11: 358 | C11: 358 | D11: 0 | E11: 0 | F11: 358 | G11: 358 | H11: 280 | I11: 358 | J11: 358 | K11: 0 | L11: 0 | M11: 666 | N11: 188 | O11: 212 | P11: 64 | Q11: 358 | R11: 0 | S11: 0
A12: 1240184 | B12: 358 | C12: 358 | D12: 0 | E12: 0 | F12: 358 | G12: 358 | H12: 280 | I12: 358 | J12: 308 | K12: 0 | L12: 0 | M12: 616 | N12: 188 | O12: 212 | P12: 64 | Q12: 358 | R12: 0 | S12: 0
A13: 1240308 | B13: 350 | C13: 200 | D13: 0 | E13: 0 | F13: 0 | G13: 450 | H13: 300 | I13: 0 | J13: 0 | K13: 0 | L13: 0 | M13: 400 | N13: 350 | O13: 0 | P13: 0 | Q13: 0 | R13: 0 | S13: 0
A17: 품번 | B17: 01/15(목) | C17: 01/16(금) | D17: 01/17(토) | E17: 01/18(일) | F17: 01/19(월) | G17: 01/20(화) | H17: 01/21(수) | I17: 01/22(목) | J17: 01/23(금) | K17: 01/24(토) | L17: 01/25(일) | M17: 01/26(월) | N17: 01/27(화) | O17: 01/28(수) | P17: 01/29(목) | Q17: 01/30(금) | R17: 01/31(토) | S17: 02/01(일)
A18: 1232846 | B18: 21 | C18: 0 | D18: 0 | E18: 0 | F18: 0 | G18: 403 | H18: 352 | I18: 449 | J18: 2 | K18: 0 | L18: 0 | M18: 0 | N18: 0 | O18: 0 | P18: 0 | Q18: 0 | R18: 0 | S18: 0
A19: 1232895 | B19: 21 | C19: 0 | D19: 0 | E19: 0 | F19: 0 | G19: 403 | H19: 352 | I19: 449 | J19: 2 | K19: 0 | L19: 0 | M19: 0 | N19: 0 | O19: 0 | P19: 0 | Q19: 0 | R19: 0 | S19: 0
A20: 1233384 | B20: 21 | C20: 0 | D20: 0 | E20: 0 | F20: 0 | G20: 403 | H20: 352 | I20: 449 | J20: 2 | K20: 0 | L20: 0 | M20: 0 | N20: 0 | O20: 0 | P20: 0 | Q20: 0 | R20: 0 | S20: 0
A21: 1233165 | B21: 0 | C21: 0 | D21: 0 | E21: 0 | F21: 0 | G21: 0 | H21: 0 | I21: 0 | J21: 250 | K21: 0 | L21: 0 | M21: 0 | N21: 0 | O21: 0 | P21: 0 | Q21: 0 | R21: 0 | S21: 0
A22: 1236387 | B22: 0 | C22: 0 | D22: 0 | E22: 0 | F22: 411 | G22: 325 | H22: 0 | I22: 0 | J22: 0 | K22: 0 | L22: 0 | M22: 426 | N22: 71 | O22: 0 | P22: 0 | Q22: 0 | R22: 0 | S22: 0
A23: 1232775 | B23: 309 | C23: 309 | D23: 0 | E23: 0 | F23: 298 | G23: 8 | H23: 0 | I23: 0 | J23: 0 | K23: 0 | L23: 0 | M23: 0 | N23: 251 | O23: 92 | P23: 309 | Q23: 276 | R23: 0 | S23: 0
A24: 1238605 | B24: 0 | C24: 0 | D24: 0 | E24: 0 | F24: 0 | G24: 42 | H24: 187 | I24: 182 | J24: 2 | K24: 0 | L24: 0 | M24: 0 | N24: 0 | O24: 0 | P24: 0 | Q24: 0 | R24: 0 | S24: 0
A25: 1230685 | B25: 0 | C25: 0 | D25: 0 | E25: 0 | F25: 0 | G25: 0 | H25: 0 | I25: 0 | J25: 0 | K25: 0 | L25: 0 | M25: 0 | N25: 0 | O25: 28 | P25: 122 | Q25: 0 | R25: 0 | S25: 0
A30: 품번 | B30: 01/15(목) | C30: 01/16(금) | D30: 01/17(토) | E30: 01/18(일) | F30: 01/19(월) | G30: 01/20(화) | H30: 01/21(수) | I30: 01/22(목) | J30: 01/23(금) | K30: 01/24(토) | L30: 01/25(일) | M30: 01/26(월) | N30: 01/27(화) | O30: 01/28(수) | P30: 01/29(목) | Q30: 01/30(금) | R30: 01/31(토) | S30: 02/01(일)
A31: 1230692 | B31: 0 | C31: 0 | D31: 0 | E31: 0 | F31: 0 | G31: 250 | H31: 0 | I31: 0 | J31: 0 | K31: 0 | L31: 0 | M31: 0 | N31: 0 | O31: 0 | P31: 0 | Q31: 0 | R31: 0 | S31: 0
A32: 1227306 | B32: 0 | C32: 0 | D32: 0 | E32: 0 | F32: 118 | G32: 487 | H32: 378 | I32: 177 | J32: 0 | K32: 0 | L32: 0 | M32: 0 | N32: 0 | O32: 0 | P32: 0 | Q32: 0 | R32: 0 | S32: 0
A33: 1229088 | B33: 0 | C33: 0 | D33: 0 | E33: 0 | F33: 0 | G33: 0 | H33: 0 | I33: 0 | J33: 0 | K33: 0 | L33: 0 | M33: 242 | N33: 520 | O33: 0 | P33: 0 | Q33: 0 | R33: 0 | S33: 0
A34: 1231090 | B34: 0 | C34: 0 | D34: 0 | E34: 0 | F34: 0 | G34: 200 | H34: 0 | I34: 0 | J34: 0 | K34: 0 | L34: 0 | M34: 0 | N34: 0 | O34: 207 | P34: 551 | Q34: 600 | R34: 0 | S34: 0
A35: 1229776 | B35: 0 | C35: 0 | D35: 0 | E35: 0 | F35: 0 | G35: 200 | H35: 0 | I35: 0 | J35: 0 | K35: 0 | L35: 0 | M35: 0 | N35: 0 | O35: 0 | P35: 0 | Q35: 0 | R35: 0 | S35: 0
A36: 1225464 | B36: 0 | C36: 0 | D36: 0 | E36: 0 | F36: 0 | G36: 0 | H36: 0 | I36: 0 | J36: 0 | K36: 0 | L36: 0 | M36: 0 | N36: 28 | O36: 0 | P36: 0 | Q36: 0 | R36: 0 | S36: 0
A37: 1234222 | B37: 0 | C37: 0 | D37: 0 | E37: 0 | F37: 0 | G37: 0 | H37: 0 | I37: 276 | J37: 202 | K37: 0 | L37: 0 | M37: 0 | N37: 0 | O37: 0 | P37: 0 | Q37: 0 | R37: 0 | S37: 0
A38: 1232528 | B38: 651 | C38: 0 | D38: 0 | E38: 0 | F38: 0 | G38: 0 | H38: 0 | I38: 0 | J38: 365 | K38: 0 | L38: 0 | M38: 684 | N38: 686 | O38: 340 | P38: 0 | Q38: 0 | R38: 0 | S38: 0
A39: 1232846 | B39: 34 | C39: 142 | D39: 0 | E39: 0 | F39: 0 | G39: 0 | H39: 0 | I39: 0 | J39: 0 | K39: 0 | L39: 0 | M39: 0 | N39: 0 | O39: 265 | P39: 0 | Q39: 0 | R39: 0 | S39: 0
A40: 1229050 | B40: 0 | C40: 0 | D40: 0 | E40: 0 | F40: 0 | G40: 0 | H40: 0 | I40: 0 | J40: 0 | K40: 0 | L40: 0 | M40: 0 | N40: 34 | O40: 146 | P40: 0 | Q40: 0 | R40: 0 | S40: 0
A41: 1233383 | B41: 0 | C41: 0 | D41: 0 | E41: 0 | F41: 0 | G41: 0 | H41: 113 | I41: 0 | J41: 0 | K41: 0 | L41: 0 | M41: 0 | N41: 0 | O41: 0 | P41: 0 | Q41: 0 | R41: 0 | S41: 0
A42: 1220847 | B42: 0 | C42: 0 | D42: 0 | E42: 0 | F42: 0 | G42: 0 | H42: 126 | I42: 0 | J42: 0 | K42: 0 | L42: 0 | M42: 0 | N42: 0 | O42: 0 | P42: 0 | Q42: 0 | R42: 0 | S42: 0
... A69: 1233387 | B69: 0 | C69: 0 | D69: 0 | E69: 0 | F69: 0 | G69: 0 | H69: 0 | I69: 0 | J69: 0 | K69: 0 | L69: 0 | M69: 0 | N69: 0 | O69: 1 | P69: 0 | Q69: 0 | R69: 0 | S69: 0

Sheet 0116
A1: 품번 | B1: 01/16(금) | C1: 01/17(토) | D1: 01/18(일) | E1: 01/19(월) | F1: 01/20(화) | G1: 01/21(수) | H1: 01/22(목) | I1: 01/23(금) | J1: 01/24(토) | K1: 01/25(일) | L1: 01/26(월) | M1: 01/27(화) | N1: 01/28(수) | O1: 01/29(목) | P1: 01/30(금) | Q1: 01/31(토) | R1: 02/01(일)
A2: 1234614 | B2: 0 | C2: 0 | D2: 0 | E2: 508 | F2: 362 | G2: 0 | H2: 0 | I2: 0 | J2: 0 | K2: 0 | L2: 0 | M2: 0 | N2: 0 | O2: 0 | P2: 0 | Q2: 0 | R2: 0
A3: 1229673 | B3: 0 | C3: 0 | D3: 0 | E3: 400 | F3: 400 | G3: 400 | H3: 400 | I3: 400 | J3: 0 | K3: 0 | L3: 0 | M3: 200 | N3: 0 | O3: 300 | P3: 300 | Q3: 0 | R3: 0
A4: 1233632 | B4: 0 | C4: 0 | D4: 0 | E4: 0 | F4: 0 | G4: 0 | H4: 0 | I4: 0 | J4: 0 | K4: 0 | L4: 0 | M4: 0 | N4: 64 | O4: 337 | P4: 0 | Q4: 0 | R4: 0
A5: 1237088 | B5: 1656 | C5: 0 | D5: 0 | E5: 1026 | F5: 554 | G5: 794 | H5: 0 | I5: 1039 | J5: 0 | K5: 0 | L5: 332 | M5: 330 | N5: 788 | O5: 1168 | P5: 1638 | Q5: 0 | R5: 0
A6: 1238128 | B6: 960 | C6: 0 | D6: 0 | E6: 546 | F6: 480 | G6: 76 | H6: 144 | I6: 480 | J6: 0 | K6: 0 | L6: 60 | M6: 0 | N6: 0 | O6: 280 | P6: 480 | Q6: 0 | R6: 0
A7: 1236962 | B7: 250 | C7: 0 | D7: 0 | E7: 200 | F7: 400 | G7: 200 | H7: 200 | I7: 300 | J7: 0 | K7: 0 | L7: 0 | M7: 500 | N7: 300 | O7: 300 | P7: 290 | Q7: 0 | R7: 0
A8: 1233761 | B8: 0 | C8: 0 | D8: 0 | E8: 0 | F8: 0 | G8: 0 | H8: 150 | I8: 0 | J8: 0 | K8: 0 | L8: 0 | M8: 0 | N8: 0 | O8: 0 | P8: 0 | Q8: 0 | R8: 0
A9: 1239651 | B9: 0 | C9: 0 | D9: 0 | E9: 205 | F9: 0 | G9: 0 | H9: 300 | I9: 0 | J9: 0 | K9: 0 | L9: 0 | M9: 0 | N9: 0 | O9: 400 | P9: 0 | Q9: 0 | R9: 0
A10: 1239988 | B10: 454 | C10: 0 | D10: 0 | E10: 454 | F10: 454 | G10: 356 | H10: 478 | I10: 454 | J10: 0 | K10: 0 | L10: 174 | M10: 120 | N10: 336 | O10: 454 | P10: 454 | Q10: 0 | R10: 0
A11: 1240180 | B11: 358 | C11: 0 | D11: 0 | E11: 358 | F11: 358 | G11: 280 | H11: 358 | I11: 358 | J11: 0 | K11: 0 | L11: 666 | M11: 188 | N11: 212 | O11: 64 | P11: 358 | Q11: 0 | R11: 0
A12: 1240184 | B12: 358 | C12: 0 | D12: 0 | E12: 358 | F12: 358 | G12: 280 | H12: 358 | I12: 308 | J12: 0 | K12: 0 | L12: 616 | M12: 188 | N12: 212 | O12: 64 | P12: 358 | Q12: 0 | R12: 0
A13: 1240308 | B13: 200 | C13: 0 | D13: 0 | E13: 0 | F13: 450 | G13: 300 | H13: 0 | I13: 0 | J13: 0 | K13: 0 | L13: 400 | M13: 350 | N13: 0 | O13: 0 | P13: 0 | Q13: 0 | R13: 0
A16: 품번 | B16: 01/16(금) | C16: 01/17(토) | D16: 01/18(일) | E16: 01/19(월) | F16: 01/20(화) | G16: 01/21(수) | H16: 01/22(목) | I16: 01/23(금) | J16: 01/24(토) | K16: 01/25(일) | L16: 01/26(월) | M16: 01/27(화) | N16: 01/28(수) | O16: 01/29(목) | P16: 01/30(금) | Q16: 01/31(토) | R16: 02/01(일)
A17: 1232846 | B17: 0 | C17: 0 | D17: 0 | E17: 0 | F17: 403 | G17: 352 | H17: 449 | I17: 2 | J17: 0 | K17: 0 | L17: 0 | M17: 0 | N17: 0 | O17: 0 | P17: 0 | Q17: 0 | R17: 0
A18: 1232895 | B18: 0 | C18: 0 | D18: 0 | E18: 0 | F18: 403 | G18: 352 | H18: 449 | I18: 2 | J18: 0 | K18: 0 | L18: 0 | M18: 0 | N18: 0 | O18: 0 | P18: 0 | Q18: 0 | R18: 0
A19: 1233384 | B19: 0 | C19: 0 | D19: 0 | E19: 0 | F19: 403 | G19: 352 | H19: 449 | I19: 2 | J19: 0 | K19: 0 | L19: 0 | M19: 0 | N19: 0 | O19: 0 | P19: 0 | Q19: 0 | R19: 0
A20: 1233165 | B20: 0 | C20: 0 | D20: 0 | E20: 0 | F20: 0 | G20: 0 | H20: 0 | I20: 250 | J20: 0 | K20: 0 | L20: 0 | M20: 0 | N20: 0 | O20: 0 | P20: 0 | Q20: 0 | R20: 0
A21: 1236387 | B21: 0 | C21: 0 | D21: 0 | E21: 411 | F21: 325 | G21: 0 | H21: 0 | I21: 0 | J21: 0 | K21: 0 | L21: 426 | M21: 71 | N21: 0 | O21: 0 | P21: 0 | Q21: 0 | R21: 0
A22: 1232775 | B22: 309 | C22: 0 | D22: 0 | E22: 298 | F22: 8 | G22: 0 | H22: 0 | I22: 0 | J22: 0 | K22: 0 | L22: 0 | M22: 251 | N22: 92 | O22: 309 | P22: 276 | Q22: 0 | R22: 0
A23: 1238605 | B23: 0 | C23: 0 | D23: 0 | E23: 0 | F23: 42 | G23: 187 | H23: 182 | I23: 2 | J23: 0 | K23: 0 | L23: 0 | M23: 0 | N23: 0 | O23: 0 | P23: 0 | Q23: 0 | R23: 0
A24: 1230685 | B24: 0 | C24: 0 | D24: 0 | E24: 0 | F24: 0 | G24: 0 | H24: 0 | I24: 0 | J24: 0 | K24: 0 | L24: 0 | M24: 0 | N24: 28 | O24: 122 | P24: 0 | Q24: 0 | R24: 0
A28: 품번 | B28: 01/16(금) | C28: 01/17(토) | D28: 01/18(일) | E28: 01/19(월) | F28: 01/20(화) | G28: 01/21(수) | H28: 01/22(목) | I28: 01/23(금) | J28: 01/24(토) | K28: 01/25(일) | L28: 01/26(월) | M28: 01/27(화) | N28: 01/28(수) | O28: 01/29(목) | P28: 01/30(금) | Q28: 01/31(토) | R28: 02/01(일)
A29: 1230692 | B29: 0 | C29: 0 | D29: 0 | E29: 0 | F29: 250 | G29: 0 | H29: 0 | I29: 0 | J29: 0 | K29: 0 | L29: 0 | M29: 0 | N29: 0 | O29: 0 | P29: 0 | Q29: 0 | R29: 0
A30: 1227306 | B30: 0 | C30: 0 | D30: 0 | E30: 118 | F30: 487 | G30: 378 | H30: 177 | I30: 0 | J30: 0 | K30: 0 | L30: 0 | M30: 0 | N30: 0 | O30: 0 | P30: 0 | Q30: 0 | R30: 0
A31: 1231090 | B31: 0 | C31: 0 | D31: 0 | E31: 0 | F31: 200 | G31: 0 | H31: 0 | I31: 0 | J31: 0 | K31: 0 | L31: 0 | M31: 0 | N31: 207 | O31: 551 | P31: 600 | Q31: 0 | R31: 0
A32: 1229776 | B32: 0 | C32: 0 | D32: 0 | E32: 0 | F32: 200 | G32: 0 | H32: 0 | I32: 0 | J32: 0 | K32: 0 | L32: 0 | M32: 0 | N32: 0 | O32: 0 | P32: 0 | Q32: 0 | R32: 0
A33: 1225464 | B33: 0 | C33: 0 | D33: 0 | E33: 0 | F33: 0 | G33: 0 | H33: 0 | I33: 0 | J33: 0 | K33: 0 | L33: 0 | M33: 28 | N33: 0 | O33: 0 | P33: 0 | Q33: 0 | R33: 0
A34: 1234222 | B34: 0 | C34: 0 | D34: 0 | E34: 0 | F34: 0 | G34: 0 | H34: 276 | I34: 202 | J34: 0 | K34: 0 | L34: 0 | M34: 0 | N34: 0 | O34: 0 | P34: 0 | Q34: 0 | R34: 0
A35: 1232528 | B35: 0 | C35: 0 | D35: 0 | E35: 0 | F35: 0 | G35: 0 | H35: 0 | I35: 365 | J35: 0 | K35: 0 | L35: 684 | M35: 686 | N35: 340 | O35: 0 | P35: 0 | Q35: 0 | R35: 0
A36: 1232846 | B36: 142 | C36: 0 | D36: 0 | E36: 0 | F36: 0 | G36: 0 | H36: 0 | I36: 0 | J36: 0 | K36: 0 | L36: 0 | M36: 0 | N36: 265 | O36: 0 | P36: 0 | Q36: 0 | R36: 0
A37: 1229050 | B37: 0 | C37: 0 | D37: 0 | E37: 0 | F37: 0 | G37: 0 | H37: 0 | I37: 0 | J37: 0 | K37: 0 | L37: 0 | M37: 34 | N37: 146 | O37: 0 | P37: 0 | Q37: 0 | R37: 0
A38: 1233383 | B38: 0 | C38: 0 | D38: 0 | E38: 0 | F38: 0 | G38: 113 | H38: 0 | I38: 0 | J38: 0 | K38: 0 | L38: 0 | M38: 0 | N38: 0 | O38: 0 | P38: 0 | Q38: 0 | R38: 0
A39: 1220847 | B39: 0 | C39: 0 | D39: 0 | E39: 0 | F39: 0 | G39: 126 | H39: 0 | I39: 0 | J39: 0 | K39: 0 | L39: 0 | M39: 0 | N39: 0 | O39: 0 | P39: 0 | Q39: 0 | R39: 0
A40: 1233735 | B40: 0 | C40: 0 | D40: 0 | E40: 0 | F40: 0 | G40: 0 | H40: 0 | I40: 0 | J40: 0 | K40: 0 | L40: 0 | M40: 0 | N40: 90 | O40: 0 | P40: 0 | Q40: 0 | R40: 0
... A66: 1233387 | B66: 0 | C66: 0 | D66: 0 | E66: 0 | F66: 0 | G66: 0 | H66: 0 | I66: 0 | J66: 0 | K66: 0 | L66: 0 | M66: 0 | N66: 1 | O66: 0 | P66: 0 | Q66: 0 | R66: 0

Sheet 0119
A1: 품번 | B1: 01/19(월) | C1: 01/20(화) | D1: 01/21(수) | E1: 01/22(목) | F1: 01/23(금) | G1: 01/24(토) | H1: 01/25(일) | I1: 01/26(월) | J1: 01/27(화) | K1: 01/28(수) | L1: 01/29(목) | M1: 01/30(금) | N1: 01/31(토) | O1: 02/01(일)
A2: 1234614 | B2: 508 | C2: 362 | D2: 0 | E2: 0 | F2: 0 | G2: 0 | H2: 0 | I2: 0 | J2: 0 | K2: 0 | L2: 0 | M2: 0 | N2: 0 | O2: 0
A3: 1229673 | B3: 400 | C3: 400 | D3: 400 | E3: 400 | F3: 400 | G3: 0 | H3: 0 | I3: 0 | J3: 200 | K3: 0 | L3: 300 | M3: 300 | N3: 0 | O3: 0
A4: 1233632 | B4: 0 | C4: 0 | D4: 0 | E4: 0 | F4: 0 | G4: 0 | H4: 0 | I4: 0 | J4: 0 | K4: 64 | L4: 337 | M4: 0 | N4: 0 | O4: 0
A5: 1237088 | B5: 1026 | C5: 554 | D5: 794 | E5: 330 | F5: 1039 | G5: 0 | H5: 0 | I5: 332 | J5: 330 | K5: 788 | L5: 1168 | M5: 1638 | N5: 0 | O5: 0
A6: 1238128 | B6: 546 | C6: 480 | D6: 76 | E6: 144 | F6: 480 | G6: 0 | H6: 0 | I6: 60 | J6: 0 | K6: 0 | L6: 280 | M6: 480 | N6: 0 | O6: 0
A7: 1236962 | B7: 200 | C7: 400 | D7: 200 | E7: 200 | F7: 300 | G7: 0 | H7: 0 | I7: 0 | J7: 500 | K7: 300 | L7: 300 | M7: 290 | N7: 0 | O7: 0
A8: 1233761 | B8: 0 | C8: 0 | D8: 0 | E8: 150 | F8: 0 | G8: 0 | H8: 0 | I8: 0 | J8: 0 | K8: 0 | L8: 0 | M8: 0 | N8: 0 | O8: 0
A9: 1239651 | B9: 205 | C9: 0 | D9: 0 | E9: 300 | F9: 0 | G9: 0 | H9: 0 | I9: 0 | J9: 0 | K9: 0 | L9: 400 | M9: 0 | N9: 0 | O9: 0
A10: 1239988 | B10: 454 | C10: 454 | D10: 356 | E10: 478 | F10: 454 | G10: 0 | H10: 0 | I10: 174 | J10: 120 | K10: 336 | L10: 454 | M10: 454 | N10: 0 | O10: 0
A11: 1240180 | B11: 358 | C11: 358 | D11: 280 | E11: 358 | F11: 358 | G11: 0 | H11: 0 | I11: 666 | J11: 188 | K11: 212 | L11: 64 | M11: 358 | N11: 0 | O11: 0
A12: 1240184 | B12: 358 | C12: 358 | D12: 280 | E12: 358 | F12: 308 | G12: 0 | H12: 0 | I12: 616 | J12: 188 | K12: 212 | L12: 64 | M12: 358 | N12: 0 | O12: 0
A13: 1240308 | B13: 0 | C13: 450 | D13: 300 | E13: 0 | F13: 0 | G13: 0 | H13: 0 | I13: 400 | J13: 350 | K13: 0 | L13: 0 | M13: 0 | N13: 0 | O13: 0
A16: 품번 | B16: 01/19(월) | C16: 01/20(화) | D16: 01/21(수) | E16: 01/22(목) | F16: 01/23(금) | G16: 01/24(토) | H16: 01/25(일) | I16: 01/26(월) | J16: 01/27(화) | K16: 01/28(수) | L16: 01/29(목) | M16: 01/30(금) | N16: 01/31(토) | O16: 02/01(일)
A17: 1232846 | B17: 0 | C17: 403 | D17: 352 | E17: 449 | F17: 2 | G17: 0 | H17: 0 | I17: 0 | J17: 0 | K17: 0 | L17: 0 | M17: 0 | N17: 0 | O17: 0
A18: 1232895 | B18: 0 | C18: 403 | D18: 352 | E18: 449 | F18: 2 | G18: 0 | H18: 0 | I18: 0 | J18: 0 | K18: 0 | L18: 0 | M18: 0 | N18: 0 | O18: 0
A19: 1233384 | B19: 0 | C19: 403 | D19: 352 | E19: 449 | F19: 2 | G19: 0 | H19: 0 | I19: 0 | J19: 0 | K19: 0 | L19: 0 | M19: 0 | N19: 0 | O19: 0
A20: 1233165 | B20: 0 | C20: 0 | D20: 0 | E20: 0 | F20: 250 | G20: 0 | H20: 0 | I20: 0 | J20: 0 | K20: 0 | L20: 0 | M20: 0 | N20: 0 | O20: 0
A21: 1236387 | B21: 411 | C21: 325 | D21: 0 | E21: 0 | F21: 0 | G21: 0 | H21: 0 | I21: 426 | J21: 71 | K21: 0 | L21: 0 | M21: 0 | N21: 0 | O21: 0
A22: 1232775 | B22: 298 | C22: 8 | D22: 0 | E22: 0 | F22: 0 | G22: 0 | H22: 0 | I22: 0 | J22: 251 | K22: 92 | L22: 309 | M22: 276 | N22: 0 | O22: 0
A23: 1238605 | B23: 0 | C23: 42 | D23: 187 | E23: 182 | F23: 2 | G23: 0 | H23: 0 | I23: 0 | J23: 0 | K23: 0 | L23: 0 | M23: 0 | N23: 0 | O23: 0
A24: 1230685 | B24: 0 | C24: 0 | D24: 0 | E24: 0 | F24: 0 | G24: 0 | H24: 0 | I24: 0 | J24: 0 | K24: 28 | L24: 122 | M24: 0 | N24: 0 | O24: 0
A27: 품번 | B27: 01/19(월) | C27: 01/20(화) | D27: 01/21(수) | E27: 01/22(목) | F27: 01/23(금) | G27: 01/24(토) | H27: 01/25(일) | I27: 01/26(월) | J27: 01/27(화) | K27: 01/28(수) | L27: 01/29(목) | M27: 01/30(금) | N27: 01/31(토) | O27: 02/01(일)
A28: 1230692 | B28: 0 | C28: 250 | D28: 0 | E28: 0 | F28: 0 | G28: 0 | H28: 0 | I28: 0 | J28: 0 | K28: 0 | L28: 0 | M28: 0 | N28: 0 | O28: 0
A29: 1227306 | B29: 14 | C29: 487 | D29: 378 | E29: 177 | F29: 0 | G29: 0 | H29: 0 | I29: 0 | J29: 0 | K29: 0 | L29: 0 | M29: 0 | N29: 0 | O29: 0
A30: 1231090 | B30: 0 | C30: 200 | D30: 0 | E30: 0 | F30: 0 | G30: 0 | H30: 0 | I30: 0 | J30: 0 | K30: 207 | L30: 551 | M30: 600 | N30: 0 | O30: 0
A31: 1229776 | B31: 0 | C31: 200 | D31: 0 | E31: 0 | F31: 0 | G31: 0 | H31: 0 | I31: 0 | J31: 0 | K31: 0 | L31: 0 | M31: 0 | N31: 0 | O31: 0
A32: 1225464 | B32: 0 | C32: 0 | D32: 0 | E32: 0 | F32: 0 | G32: 0 | H32: 0 | I32: 0 | J32: 28 | K32: 0 | L32: 0 | M32: 0 | N32: 0 | O32: 0
A33: 1234222 | B33: 0 | C33: 0 | D33: 0 | E33: 276 | F33: 202 | G33: 0 | H33: 0 | I33: 0 | J33: 0 | K33: 0 | L33: 0 | M33: 0 | N33: 0 | O33: 0
A34: 1232528 | B34: 0 | C34: 0 | D34: 0 | E34: 0 | F34: 365 | G34: 0 | H34: 0 | I34: 684 | J34: 686 | K34: 340 | L34: 0 | M34: 0 | N34: 0 | O34: 0
A35: 1232846 | B35: 0 | C35: 0 | D35: 0 | E35: 0 | F35: 0 | G35: 0 | H35: 0 | I35: 0 | J35: 0 | K35: 265 | L35: 0 | M35: 0 | N35: 0 | O35: 0
A36: 1229050 | B36: 0 | C36: 0 | D36: 0 | E36: 0 | F36: 0 | G36: 0 | H36: 0 | I36: 0 | J36: 34 | K36: 146 | L36: 0 | M36: 0 | N36: 0 | O36: 0
A37: 1233383 | B37: 0 | C37: 0 | D37: 113 | E37: 0 | F37: 0 | G37: 0 | H37: 0 | I37: 0 | J37: 0 | K37: 0 | L37: 0 | M37: 0 | N37: 0 | O37: 0
A38: 1220847 | B38: 0 | C38: 0 | D38: 126 | E38: 0 | F38: 0 | G38: 0 | H38: 0 | I38: 0 | J38: 0 | K38: 0 | L38: 0 | M38: 0 | N38: 0 | O38: 0
A39: 1233735 | B39: 0 | C39: 0 | D39: 0 | E39: 0 | F39: 0 | G39: 0 | H39: 0 | I39: 0 | J39: 0 | K39: 90 | L39: 0 | M39: 0 | N39: 0 | O39: 0
... A65: 1233387 | B65: 0 | C65: 0 | D65: 0 | E65: 0 | F65: 0 | G65: 0 | H65: 0 | I65: 0 | J65: 0 | K65: 1 | L65: 0 | M65: 0 | N65: 0 | O65: 0

Sheet 0120
A1: 품번 | B1: 01/20(화) | C1: 01/21(수) | D1: 01/22(목) | E1: 01/23(금) | F1: 01/24(토) | G1: 01/25(일) | H1: 01/26(월) | I1: 01/27(화) | J1: 01/28(수) | K1: 01/29(목) | L1: 01/30(금) | M1: 01/31(토) | N1: 02/01(일) | O1: 02/02(월) | P1: 02/03(화) | Q1: 02/04(수) | R1: 02/05(목) | S1: 02/06(금) | T1: 02/07(토) | U1: 02/08(일)
A2: 1234614 | B2: 362 | C2: 0 | D2: 0 | E2: 0 | F2: 0 | G2: 0 | H2: 0 | I2: 0 | J2: 0 | K2: 0 | L2: 0 | M2: 0 | N2: 0 | O2: 0 | P2: 0 | Q2: 0 | R2: 0 | S2: 0 | T2: 0 | U2: 0
A3: 1226384 | B3: 0 | C3: 0 | D3: 0 | E3: 0 | F3: 0 | G3: 0 | H3: 0 | I3: 0 | J3: 0 | K3: 0 | L3: 0 | M3: 0 | N3: 0 | O3: 0 | P3: 401 | Q3: 400 | R3: 260 | S3: 0 | T3: 0 | U3: 0
A4: 1226388 | B4: 0 | C4: 0 | D4: 0 | E4: 0 | F4: 0 | G4: 0 | H4: 0 | I4: 0 | J4: 0 | K4: 0 | L4: 0 | M4: 0 | N4: 0 | O4: 0 | P4: 401 | Q4: 400 | R4: 260 | S4: 0 | T4: 0 | U4: 0
A5: 1229673 | B5: 400 | C5: 400 | D5: 400 | E5: 400 | F5: 0 | G5: 0 | H5: 0 | I5: 200 | J5: 0 | K5: 300 | L5: 300 | M5: 0 | N5: 0 | O5: 250 | P5: 250 | Q5: 250 | R5: 250 | S5: 250 | T5: 0 | U5: 0
A6: 1233632 | B6: 0 | C6: 0 | D6: 0 | E6: 0 | F6: 0 | G6: 0 | H6: 0 | I6: 0 | J6: 64 | K6: 216 | L6: 0 | M6: 0 | N6: 0 | O6: 0 | P6: 0 | Q6: 0 | R6: 0 | S6: 0 | T6: 0 | U6: 0
A7: 1235623 | B7: 0 | C7: 0 | D7: 0 | E7: 0 | F7: 0 | G7: 0 | H7: 0 | I7: 0 | J7: 0 | K7: 0 | L7: 0 | M7: 0 | N7: 0 | O7: 542 | P7: 394 | Q7: 0 | R7: 0 | S7: 0 | T7: 0 | U7: 0
A8: 1237088 | B8: 554 | C8: 794 | D8: 330 | E8: 1039 | F8: 0 | G8: 0 | H8: 332 | I8: 330 | J8: 788 | K8: 1168 | L8: 1638 | M8: 0 | N8: 0 | O8: 1354 | P8: 1350 | Q8: 236 | R8: 1226 | S8: 1132 | T8: 0 | U8: 0
A9: 1237765 | B9: 0 | C9: 0 | D9: 0 | E9: 0 | F9: 0 | G9: 0 | H9: 0 | I9: 0 | J9: 0 | K9: 0 | L9: 0 | M9: 0 | N9: 0 | O9: 150 | P9: 0 | Q9: 0 | R9: 0 | S9: 0 | T9: 0 | U9: 0
A10: 1237748 | B10: 0 | C10: 0 | D10: 0 | E10: 0 | F10: 0 | G10: 0 | H10: 0 | I10: 0 | J10: 0 | K10: 0 | L10: 0 | M10: 0 | N10: 0 | O10: 0 | P10: 458 | Q10: 422 | R10: 0 | S10: 0 | T10: 0 | U10: 0
A11: 1236091 | B11: 0 | C11: 0 | D11: 0 | E11: 0 | F11: 0 | G11: 0 | H11: 0 | I11: 0 | J11: 0 | K11: 0 | L11: 0 | M11: 0 | N11: 0 | O11: 0 | P11: 0 | Q11: 0 | R11: 0 | S11: 200 | T11: 0 | U11: 0
A12: 1238128 | B12: 480 | C12: 76 | D12: 144 | E12: 480 | F12: 0 | G12: 0 | H12: 60 | I12: 0 | J12: 0 | K12: 76 | L12: 480 | M12: 0 | N12: 0 | O12: 396 | P12: 590 | Q12: 588 | R12: 480 | S12: 378 | T12: 0 | U12: 0
A13: 1236962 | B13: 400 | C13: 200 | D13: 200 | E13: 300 | F13: 0 | G13: 0 | H13: 0 | I13: 500 | J13: 300 | K13: 300 | L13: 290 | M13: 0 | N13: 0 | O13: 300 | P13: 300 | Q13: 0 | R13: 300 | S13: 0 | T13: 0 | U13: 0
... A20: 1241601 | B20: 0 | C20: 0 | D20: 0 | E20: 0 | F20: 0 | G20: 0 | H20: 0 | I20: 0 | J20: 0 | K20: 0 | L20: 0 | M20: 0 | N20: 0 | O20: 120 | P20: 0 | Q20: 200 | R20: 250 | S20: 0 | T20: 0 | U20: 0
A25: 품번 | B25: 01/20(화) | C25: 01/21(수) | D25: 01/22(목) | E25: 01/23(금) | F25: 01/24(토) | G25: 01/25(일) | H25: 01/26(월) | I25: 01/27(화) | J25: 01/28(수) | K25: 01/29(목) | L25: 01/30(금) | M25: 01/31(토) | N25: 02/01(일) | O25: 02/02(월) | P25: 02/03(화) | Q25: 02/04(수) | R25: 02/05(목) | S25: 02/06(금) | T25: 02/07(토) | U25: 02/08(일)
A26: 1232846 | B26: 403 | C26: 352 | D26: 449 | E26: 2 | F26: 0 | G26: 0 | H26: 0 | I26: 0 | J26: 0 | K26: 0 | L26: 0 | M26: 0 | N26: 0 | O26: 0 | P26: 0 | Q26: 0 | R26: 0 | S26: 304 | T26: 0 | U26: 0
A27: 1232895 | B27: 403 | C27: 352 | D27: 449 | E27: 2 | F27: 0 | G27: 0 | H27: 0 | I27: 0 | J27: 0 | K27: 0 | L27: 0 | M27: 0 | N27: 0 | O27: 0 | P27: 0 | Q27: 0 | R27: 0 | S27: 304 | T27: 0 | U27: 0
A28: 1233384 | B28: 403 | C28: 352 | D28: 449 | E28: 2 | F28: 0 | G28: 0 | H28: 0 | I28: 0 | J28: 0 | K28: 0 | L28: 0 | M28: 0 | N28: 0 | O28: 0 | P28: 0 | Q28: 0 | R28: 0 | S28: 304 | T28: 0 | U28: 0
A29: 1233165 | B29: 0 | C29: 0 | D29: 0 | E29: 250 | F29: 0 | G29: 0 | H29: 0 | I29: 0 | J29: 0 | K29: 0 | L29: 0 | M29: 0 | N29: 0 | O29: 0 | P29: 0 | Q29: 0 | R29: 0 | S29: 0 | T29: 0 | U29: 0
A30: 1236387 | B30: 325 | C30: 0 | D30: 0 | E30: 0 | F30: 0 | G30: 0 | H30: 426 | I30: 71 | J30: 0 | K30: 0 | L30: 0 | M30: 0 | N30: 0 | O30: 0 | P30: 150 | Q30: 357 | R30: 71 | S30: 0 | T30: 0 | U30: 0
A31: 1232775 | B31: 8 | C31: 0 | D31: 0 | E31: 0 | F31: 0 | G31: 0 | H31: 0 | I31: 251 | J31: 109 | K31: 309 | L31: 276 | M31: 0 | N31: 0 | O31: 400 | P31: 183 | Q31: 0 | R31: 538 | S31: 255 | T31: 0 | U31: 0
A32: 1238605 | B32: 42 | C32: 187 | D32: 182 | E32: 2 | F32: 0 | G32: 0 | H32: 0 | I32: 0 | J32: 0 | K32: 0 | L32: 0 | M32: 0 | N32: 0 | O32: 0 | P32: 0 | Q32: 0 | R32: 0 | S32: 0 | T32: 0 | U32: 0
A33: 1230685 | B33: 0 | C33: 0 | D33: 0 | E33: 0 | F33: 0 | G33: 0 | H33: 0 | I33: 0 | J33: 28 | K33: 122 | L33: 0 | M33: 0 | N33: 0 | O33: 0 | P33: 0 | Q33: 0 | R33: 0 | S33: 0 | T33: 0 | U33: 0
A38: 품번 | B38: 01/20(화) | C38: 01/21(수) | D38: 01/22(목) | E38: 01/23(금) | F38: 01/24(토) | G38: 01/25(일) | H38: 01/26(월) | I38: 01/27(화) | J38: 01/28(수) | K38: 01/29(목) | L38: 01/30(금) | M38: 01/31(토) | N38: 02/01(일) | O38: 02/02(월) | P38: 02/03(화) | Q38: 02/04(수) | R38: 02/05(목) | S38: 02/06(금) | T38: 02/07(토) | U38: 02/08(일)
A39: 1230692 | B39: 250 | C39: 0 | D39: 0 | E39: 0 | F39: 0 | G39: 0 | H39: 0 | I39: 0 | J39: 0 | K39: 0 | L39: 0 | M39: 0 | N39: 0 | O39: 0 | P39: 0 | Q39: 0 | R39: 0 | S39: 0 | T39: 0 | U39: 0
A40: 1221967 | B40: 0 | C40: 0 | D40: 0 | E40: 0 | F40: 0 | G40: 0 | H40: 0 | I40: 0 | J40: 0 | K40: 0 | L40: 0 | M40: 0 | N40: 0 | O40: 600 | P40: 233 | Q40: 191 | R40: 0 | S40: 0 | T40: 0 | U40: 0
A41: 1227306 | B41: 487 | C41: 378 | D41: 177 | E41: 0 | F41: 0 | G41: 0 | H41: 0 | I41: 0 | J41: 0 | K41: 0 | L41: 0 | M41: 0 | N41: 0 | O41: 0 | P41: 0 | Q41: 0 | R41: 0 | S41: 0 | T41: 0 | U41: 0
A42: 1229088 | B42: 0 | C42: 0 | D42: 0 | E42: 0 | F42: 0 | G42: 0 | H42: 0 | I42: 0 | J42: 0 | K42: 0 | L42: 758 | M42: 0 | N42: 0 | O42: 0 | P42: 0 | Q42: 0 | R42: 0 | S42: 4 | T42: 0 | U42: 0
A43: 1231090 | B43: 200 | C43: 0 | D43: 0 | E43: 0 | F43: 0 | G43: 0 | H43: 0 | I43: 0 | J43: 240 | K43: 0 | L43: 0 | M43: 0 | N43: 0 | O43: 0 | P43: 0 | Q43: 0 | R43: 0 | S43: 810 | T43: 0 | U43: 0
A44: 1229776 | B44: 200 | C44: 0 | D44: 0 | E44: 0 | F44: 0 | G44: 0 | H44: 0 | I44: 0 | J44: 0 | K44: 0 | L44: 0 | M44: 0 | N44: 0 | O44: 0 | P44: 0 | Q44: 0 | R44: 0 | S44: 0 | T44: 0 | U44: 0
A45: 1225464 | B45: 0 | C45: 0 | D45: 0 | E45: 0 | F45: 0 | G45: 0 | H45: 0 | I45: 28 | J45: 0 | K45: 0 | L45: 0 | M45: 0 | N45: 0 | O45: 0 | P45: 0 | Q45: 0 | R45: 0 | S45: 756 | T45: 0 | U45: 0
A46: 1232066 | B46: 0 | C46: 0 | D46: 0 | E46: 0 | F46: 0 | G46: 0 | H46: 0 | I46: 0 | J46: 54 | K46: 0 | L46: 0 | M46: 0 | N46: 0 | O46: 0 | P46: 0 | Q46: 0 | R46: 0 | S46: 0 | T46: 0 | U46: 0
A47: 1234222 | B47: 0 | C47: 0 | D47: 276 | E47: 202 | F47: 0 | G47: 0 | H47: 0 | I47: 0 | J47: 0 | K47: 0 | L47: 0 | M47: 0 | N47: 0 | O47: 0 | P47: 0 | Q47: 0 | R47: 0 | S47: 0 | T47: 0 | U47: 0
A48: 1232528 | B48: 0 | C48: 0 | D48: 0 | E48: 365 | F48: 0 | G48: 0 | H48: 979 | I48: 850 | J48: 340 | K48: 0 | L48: 0 | M48: 0 | N48: 0 | O48: 686 | P48: 686 | Q48: 552 | R48: 686 | S48: 2699 | T48: 0 | U48: 0
A49: 1232846 | B49: 0 | C49: 0 | D49: 0 | E49: 0 | F49: 0 | G49: 0 | H49: 0 | I49: 0 | J49: 265 | K49: 0 | L49: 0 | M49: 0 | N49: 0 | O49: 0 | P49: 0 | Q49: 0 | R49: 75 | S49: 576 | T49: 0 | U49: 0
A50: 1229050 | B50: 0 | C50: 0 | D50: 0 | E50: 0 | F50: 0 | G50: 0 | H50: 0 | I50: 34 | J50: 146 | K50: 0 | L50: 0 | M50: 0 | N50: 0 | O50: 0 | P50: 0 | Q50: 0 | R50: 0 | S50: 0 | T50: 0 | U50: 0
... A80: 1232895 | B80: 0 | C80: 0 | D80: 0 | E80: 0 | F80: 0 | G80: 0 | H80: 0 | I80: 0 | J80: 1 | K80: 0 | L80: 0 | M80: 0 | N80: 0 | O80: 0 | P80: 0 | Q80: 0 | R80: 75 | S80: 0 | T80: 0 | U80: 0

Sheet 0121
A1: 품번 | B1: 01/21(수) | C1: 01/22(목) | D1: 01/23(금) | E1: 01/24(토) | F1: 01/25(일) | G1: 01/26(월) | H1: 01/27(화) | I1: 01/28(수) | J1: 01/29(목) | K1: 01/30(금) | L1: 01/31(토) | M1: 02/01(일) | N1: 02/02(월) | O1: 02/03(화) | P1: 02/04(수) | Q1: 02/05(목) | R1: 02/06(금) | S1: 02/07(토)
A2: 1226384 | B2: 0 | C2: 0 | D2: 0 | E2: 0 | F2: 0 | G2: 0 | H2: 0 | I2: 0 | J2: 0 | K2: 0 | L2: 0 | M2: 0 | N2: 0 | O2: 401 | P2: 400 | Q2: 260 | R2: 0 | S2: 0
A3: 1226388 | B3: 0 | C3: 0 | D3: 0 | E3: 0 | F3: 0 | G3: 0 | H3: 0 | I3: 0 | J3: 0 | K3: 0 | L3: 0 | M3: 0 | N3: 0 | O3: 401 | P3: 400 | Q3: 260 | R3: 0 | S3: 0
A4: 1229673 | B4: 400 | C4: 400 | D4: 400 | E4: 0 | F4: 0 | G4: 0 | H4: 200 | I4: 0 | J4: 300 | K4: 300 | L4: 0 | M4: 0 | N4: 250 | O4: 250 | P4: 250 | Q4: 250 | R4: 250 | S4: 0
A5: 1233632 | B5: 0 | C5: 0 | D5: 0 | E5: 0 | F5: 0 | G5: 0 | H5: 0 | I5: 64 | J5: 216 | K5: 0 | L5: 0 | M5: 0 | N5: 0 | O5: 0 | P5: 0 | Q5: 0 | R5: 0 | S5: 0
A6: 1235623 | B6: 0 | C6: 0 | D6: 0 | E6: 0 | F6: 0 | G6: 0 | H6: 0 | I6: 0 | J6: 0 | K6: 0 | L6: 0 | M6: 0 | N6: 542 | O6: 394 | P6: 0 | Q6: 0 | R6: 0 | S6: 0
A7: 1237088 | B7: 794 | C7: 330 | D7: 1039 | E7: 0 | F7: 0 | G7: 332 | H7: 330 | I7: 788 | J7: 1168 | K7: 1638 | L7: 0 | M7: 0 | N7: 1354 | O7: 1350 | P7: 236 | Q7: 1226 | R7: 1132 | S7: 0
A8: 1237765 | B8: 0 | C8: 0 | D8: 0 | E8: 0 | F8: 0 | G8: 0 | H8: 0 | I8: 0 | J8: 0 | K8: 0 | L8: 0 | M8: 0 | N8: 150 | O8: 0 | P8: 0 | Q8: 0 | R8: 0 | S8: 0
A9: 1237748 | B9: 0 | C9: 0 | D9: 0 | E9: 0 | F9: 0 | G9: 0 | H9: 0 | I9: 0 | J9: 0 | K9: 0 | L9: 0 | M9: 0 | N9: 0 | O9: 458 | P9: 422 | Q9: 0 | R9: 0 | S9: 0
A10: 1236091 | B10: 0 | C10: 0 | D10: 0 | E10: 0 | F10: 0 | G10: 0 | H10: 0 | I10: 0 | J10: 0 | K10: 0 | L10: 0 | M10: 0 | N10: 0 | O10: 0 | P10: 0 | Q10: 0 | R10: 200 | S10: 0
A11: 1238128 | B11: 76 | C11: 144 | D11: 480 | E11: 0 | F11: 0 | G11: 60 | H11: 0 | I11: 0 | J11: 76 | K11: 480 | L11: 0 | M11: 0 | N11: 396 | O11: 590 | P11: 424 | Q11: 590 | R11: 464 | S11: 0
A12: 1236962 | B12: 200 | C12: 200 | D12: 300 | E12: 0 | F12: 0 | G12: 0 | H12: 500 | I12: 300 | J12: 300 | K12: 290 | L12: 0 | M12: 0 | N12: 300 | O12: 300 | P12: 0 | Q12: 300 | R12: 0 | S12: 0
A13: 1233761 | B13: 0 | C13: 150 | D13: 0 | E13: 0 | F13: 0 | G13: 0 | H13: 0 | I13: 0 | J13: 0 | K13: 0 | L13: 0 | M13: 0 | N13: 200 | O13: 0 | P13: 0 | Q13: 200 | R13: 200 | S13: 0
... A19: 1241601 | B19: 0 | C19: 0 | D19: 0 | E19: 0 | F19: 0 | G19: 0 | H19: 0 | I19: 0 | J19: 0 | K19: 0 | L19: 0 | M19: 0 | N19: 120 | O19: 0 | P19: 500 | Q19: 896 | R19: 550 | S19: 0
A22: 품번 | B22: 01/21(수) | C22: 01/22(목) | D22: 01/23(금) | E22: 01/24(토) | F22: 01/25(일) | G22: 01/26(월) | H22: 01/27(화) | I22: 01/28(수) | J22: 01/29(목) | K22: 01/30(금) | L22: 01/31(토) | M22: 02/01(일) | N22: 02/02(월) | O22: 02/03(화) | P22: 02/04(수) | Q22: 02/05(목) | R22: 02/06(금) | S22: 02/07(토)
A23: 1232846 | B23: 352 | C23: 449 | D23: 2 | E23: 0 | F23: 0 | G23: 0 | H23: 0 | I23: 0 | J23: 0 | K23: 0 | L23: 0 | M23: 0 | N23: 0 | O23: 0 | P23: 0 | Q23: 0 | R23: 304 | S23: 0
A24: 1232895 | B24: 352 | C24: 449 | D24: 2 | E24: 0 | F24: 0 | G24: 0 | H24: 0 | I24: 0 | J24: 0 | K24: 0 | L24: 0 | M24: 0 | N24: 0 | O24: 0 | P24: 0 | Q24: 0 | R24: 304 | S24: 0
A25: 1233384 | B25: 352 | C25: 449 | D25: 2 | E25: 0 | F25: 0 | G25: 0 | H25: 0 | I25: 0 | J25: 0 | K25: 0 | L25: 0 | M25: 0 | N25: 0 | O25: 0 | P25: 0 | Q25: 0 | R25: 304 | S25: 0
A26: 1233165 | B26: 0 | C26: 0 | D26: 250 | E26: 0 | F26: 0 | G26: 0 | H26: 0 | I26: 0 | J26: 0 | K26: 0 | L26: 0 | M26: 0 | N26: 0 | O26: 0 | P26: 0 | Q26: 0 | R26: 0 | S26: 0
A27: 1236387 | B27: 0 | C27: 0 | D27: 0 | E27: 0 | F27: 0 | G27: 426 | H27: 71 | I27: 0 | J27: 0 | K27: 0 | L27: 0 | M27: 0 | N27: 0 | O27: 150 | P27: 357 | Q27: 71 | R27: 0 | S27: 0
A28: 1232775 | B28: 0 | C28: 0 | D28: 0 | E28: 0 | F28: 0 | G28: 0 | H28: 251 | I28: 109 | J28: 311 | K28: 278 | L28: 0 | M28: 0 | N28: 620 | O28: 282 | P28: 0 | Q28: 248 | R28: 245 | S28: 0
A29: 1238605 | B29: 187 | C29: 182 | D29: 2 | E29: 0 | F29: 0 | G29: 0 | H29: 0 | I29: 0 | J29: 0 | K29: 0 | L29: 0 | M29: 0 | N29: 0 | O29: 0 | P29: 0 | Q29: 0 | R29: 0 | S29: 0
A30: 1230685 | B30: 0 | C30: 0 | D30: 0 | E30: 0 | F30: 0 | G30: 0 | H30: 0 | I30: 28 | J30: 122 | K30: 0 | L30: 0 | M30: 0 | N30: 0 | O30: 0 | P30: 0 | Q30: 0 | R30: 0 | S30: 0
A33: 품번 | B33: 01/21(수) | C33: 01/22(목) | D33: 01/23(금) | E33: 01/24(토) | F33: 01/25(일) | G33: 01/26(월) | H33: 01/27(화) | I33: 01/28(수) | J33: 01/29(목) | K33: 01/30(금) | L33: 01/31(토) | M33: 02/01(일) | N33: 02/02(월) | O33: 02/03(화) | P33: 02/04(수) | Q33: 02/05(목) | R33: 02/06(금) | S33: 02/07(토)
A34: 1221967 | B34: 0 | C34: 0 | D34: 0 | E34: 0 | F34: 0 | G34: 0 | H34: 0 | I34: 0 | J34: 0 | K34: 0 | L34: 0 | M34: 0 | N34: 0 | O34: 0 | P34: 0 | Q34: 51 | R34: 0 | S34: 0
A35: 1227306 | B35: 378 | C35: 177 | D35: 0 | E35: 0 | F35: 0 | G35: 0 | H35: 0 | I35: 0 | J35: 0 | K35: 0 | L35: 0 | M35: 0 | N35: 0 | O35: 0 | P35: 0 | Q35: 0 | R35: 0 | S35: 0
A36: 1229088 | B36: 0 | C36: 0 | D36: 0 | E36: 0 | F36: 0 | G36: 0 | H36: 0 | I36: 0 | J36: 0 | K36: 0 | L36: 0 | M36: 0 | N36: 0 | O36: 0 | P36: 0 | Q36: 0 | R36: 654 | S36: 0
A37: 1231090 | B37: 0 | C37: 0 | D37: 0 | E37: 0 | F37: 0 | G37: 0 | H37: 0 | I37: 0 | J37: 0 | K37: 0 | L37: 0 | M37: 0 | N37: 0 | O37: 0 | P37: 0 | Q37: 240 | R37: 0 | S37: 0
A38: 1225464 | B38: 0 | C38: 0 | D38: 0 | E38: 0 | F38: 0 | G38: 0 | H38: 28 | I38: 0 | J38: 0 | K38: 0 | L38: 0 | M38: 0 | N38: 0 | O38: 0 | P38: 0 | Q38: 756 | R38: 0 | S38: 0
A39: 1232066 | B39: 0 | C39: 0 | D39: 0 | E39: 0 | F39: 0 | G39: 0 | H39: 0 | I39: 0 | J39: 54 | K39: 0 | L39: 0 | M39: 0 | N39: 0 | O39: 0 | P39: 0 | Q39: 0 | R39: 0 | S39: 0
A40: 1234222 | B40: 0 | C40: 276 | D40: 202 | E40: 0 | F40: 0 | G40: 0 | H40: 0 | I40: 0 | J40: 0 | K40: 0 | L40: 0 | M40: 0 | N40: 0 | O40: 0 | P40: 0 | Q40: 0 | R40: 0 | S40: 0
A41: 1232528 | B41: 0 | C41: 0 | D41: 365 | E41: 0 | F41: 0 | G41: 1359 | H41: 850 | I41: 340 | J41: 0 | K41: 0 | L41: 0 | M41: 0 | N41: 686 | O41: 674 | P41: 539 | Q41: 686 | R41: 184 | S41: 0
A42: 1232846 | B42: 0 | C42: 0 | D42: 0 | E42: 0 | F42: 0 | G42: 0 | H42: 0 | I42: 265 | J42: 75 | K42: 0 | L42: 0 | M42: 0 | N42: 0 | O42: 0 | P42: 0 | Q42: 0 | R42: 0 | S42: 0
A43: 1229050 | B43: 0 | C43: 0 | D43: 0 | E43: 0 | F43: 0 | G43: 0 | H43: 147 | I43: 33 | J43: 0 | K43: 0 | L43: 0 | M43: 0 | N43: 0 | O43: 0 | P43: 0 | Q43: 0 | R43: 0 | S43: 0
A44: 1233383 | B44: 113 | C44: 0 | D44: 0 | E44: 0 | F44: 0 | G44: 0 | H44: 0 | I44: 0 | J44: 0 | K44: 0 | L44: 0 | M44: 0 | N44: 0 | O44: 9 | P44: 0 | Q44: 0 | R44: 0 | S44: 0
A45: 1220847 | B45: 126 | C45: 0 | D45: 0 | E45: 0 | F45: 0 | G45: 0 | H45: 0 | I45: 0 | J45: 0 | K45: 0 | L45: 0 | M45: 0 | N45: 0 | O45: 0 | P45: 0 | Q45: 0 | R45: 0 | S45: 0
... A71: 1233387 | B71: 0 | C71: 0 | D71: 0 | E71: 0 | F71: 0 | G71: 0 | H71: 0 | I71: 1 | J71: 75 | K71: 0 | L71: 0 | M71: 0 | N71: 0 | O71: 0 | P71: 0 | Q71: 0 | R71: 0 | S71: 0

Sheet 0121 W12
A1: 인천 | B1: 품번 | C1: 07W | D1: 08W | E1: 09W | F1: 10W | G1: 11W | H1: 12W | I1: 13W | J1: 14W | K1: 15W | L1: 16W
C2: 02/09 ~ 02/15 | D2: 02/16 ~ 02/22 | E2: 02/23 ~ 03/01 | F2: 03/02 ~ 03/08 | G2: 03/09 ~ 03/15 | H2: 03/16 ~ 03/22 | I2: 03/23 ~ 03/29 | J2: 03/30 ~ 04/05 | K2: 04/06 ~ 04/12 | L2: 04/13 ~ 04/19
B3: 1226384 | C3: 0 | D3: 0 | E3: 0 | F3: 1060 | G3: 600 | H3: 300 | I3: 400 | J3: 200 | K3: 0 | L3: 0
B4: 1226388 | C4: 0 | D4: 0 | E4: 0 | F4: 1060 | G4: 600 | H4: 300 | I4: 400 | J4: 200 | K4: 0 | L4: 0
B5: 1227431 | C5: 96 | D5: 0 | E5: 0 | F5: 0 | G5: 0 | H5: 0 | I5: 0 | J5: 0 | K5: 0 | L5: 0
B6: 1227433 | C6: 96 | D6: 0 | E6: 0 | F6: 0 | G6: 0 | H6: 0 | I6: 0 | J6: 0 | K6: 0 | L6: 0
B7: 1229673 | C7: 950 | D7: 300 | E7: 600 | F7: 900 | G7: 950 | H7: 950 | I7: 900 | J7: 1300 | K7: 700 | L7: 700
B8: 1230692 | C8: 1000 | D8: 0 | E8: 1000 | F8: 700 | G8: 600 | H8: 700 | I8: 600 | J8: 1400 | K8: 800 | L8: 800
B9: 1230696 | C9: 200 | D9: 100 | E9: 0 | F9: 0 | G9: 200 | H9: 100 | I9: 0 | J9: 0 | K9: 200 | L9: 200
B10: 1230854 | C10: 0 | D10: 0 | E10: 100 | F10: 0 | G10: 0 | H10: 200 | I10: 0 | J10: 0 | K10: 0 | L10: 200
B11: 1231202 | C11: 0 | D11: 0 | E11: 0 | F11: 150 | G11: 0 | H11: 0 | I11: 0 | J11: 0 | K11: 0 | L11: 0
B12: 1231898 | C12: 2240 | D12: 1912 | E12: 1344 | F12: 2240 | G12: 1792 | H12: 2240 | I12: 1792 | J12: 2240 | K12: 2240 | L12: 1344
B13: 1232693 | C13: 126 | D13: 0 | E13: 609 | F13: 0 | G13: 0 | H13: 0 | I13: 861 | J13: 0 | K13: 0 | L13: 0
B14: 1233025 | C14: 126 | D14: 0 | E14: 609 | F14: 0 | G14: 0 | H14: 0 | I14: 861 | J14: 0 | K14: 0 | L14: 0
... B38: 1241601 | C38: 5200 | D38: 4134 | E38: 4600 | F38: 3800 | G38: 4100 | H38: 3100 | I38: 4000 | J38: 4700 | K38: 4100 | L38: 3800
A41: 유구 | B41: 품번 | C41: 07W | D41: 08W | E41: 09W | F41: 10W | G41: 11W | H41: 12W | I41: 13W | J41: 14W | K41: 15W | L41: 16W
C42: 02/09 ~ 02/15 | D42: 02/16 ~ 02/22 | E42: 02/23 ~ 03/01 | F42: 03/02 ~ 03/08 | G42: 03/09 ~ 03/15 | H42: 03/16 ~ 03/22 | I42: 03/23 ~ 03/29 | J42: 03/30 ~ 04/05 | K42: 04/06 ~ 04/12 | L42: 04/13 ~ 04/19
B43: 1216452 | C43: 0 | D43: 0 | E43: 288 | F43: 288 | G43: 0 | H43: 0 | I43: 288 | J43: 0 | K43: 0 | L43: 0
B44: 1220847 | C44: 3150 | D44: 130 | E44: 0 | F44: 0 | G44: 2164 | H44: 0 | I44: 0 | J44: 33 | K44: 1050 | L44: 0
B45: 1221967 | C45: 782 | D45: 0 | E45: 0 | F45: 0 | G45: 0 | H45: 0 | I45: 329 | J45: 0 | K45: 0 | L45: 0
B46: 1225464 | C46: 0 | D46: 0 | E46: 0 | F46: 0 | G46: 756 | H46: 0 | I46: 0 | J46: 0 | K46: 756 | L46: 0
B47: 1227306 | C47: 0 | D47: 0 | E47: 0 | F47: 0 | G47: 300 | H47: 300 | I47: 0 | J47: 200 | K47: 550 | L47: 500
B48: 1227359 | C48: 0 | D48: 304 | E48: 0 | F48: 0 | G48: 0 | H48: 0 | I48: 0 | J48: 0 | K48: 0 | L48: 0
B49: 1229050 | C49: 0 | D49: 0 | E49: 180 | F49: 0 | G49: 0 | H49: 0 | I49: 205 | J49: 0 | K49: 0 | L49: 0
B50: 1229088 | C50: 0 | D50: 0 | E50: 0 | F50: 0 | G50: 0 | H50: 0 | I50: 0 | J50: 0 | K50: 350 | L50: 300
B51: 1229776 | C51: 0 | D51: 0 | E51: 0 | F51: 0 | G51: 0 | H51: 0 | I51: 100 | J51: 0 | K51: 0 | L51: 100
B52: 1230685 | C52: 300 | D52: 0 | E52: 150 | F52: 0 | G52: 200 | H52: 250 | I52: 0 | J52: 0 | K52: 200 | L52: 200
B53: 1230692 | C53: 150 | D53: 0 | E53: 150 | F53: 0 | G53: 0 | H53: 0 | I53: 0 | J53: 0 | K53: 100 | L53: 0
B54: 1230791 | C54: 23 | D54: 0 | E54: 0 | F54: 0 | G54: 0 | H54: 26 | I54: 0 | J54: 0 | K54: 0 | L54: 0
... B103: 1241480 | C103: 0 | D103: 0 | E103: 26 | F103: 0 | G103: 0 | H103: 0 | I103: 0 | J103: 0 | K103: 0 | L103: 0

Sheet 0122
A1: 품번 | B1: 01/22(목) | C1: 01/23(금) | D1: 01/24(토) | E1: 01/25(일) | F1: 01/26(월) | G1: 01/27(화) | H1: 01/28(수) | I1: 01/29(목) | J1: 01/30(금) | K1: 01/31(토) | L1: 02/01(일) | M1: 02/02(월) | N1: 02/03(화) | O1: 02/04(수) | P1: 02/05(목) | Q1: 02/06(금) | R1: 02/07(토) | S1: 02/08(일)
A2: 1226384 | B2: 0 | C2: 0 | D2: 0 | E2: 0 | F2: 0 | G2: 0 | H2: 0 | I2: 0 | J2: 0 | K2: 0 | L2: 0 | M2: 0 | N2: 401 | O2: 400 | P2: 260 | Q2: 0 | R2: 0 | S2: 0
A3: 1226388 | B3: 0 | C3: 0 | D3: 0 | E3: 0 | F3: 0 | G3: 0 | H3: 0 | I3: 0 | J3: 0 | K3: 0 | L3: 0 | M3: 0 | N3: 401 | O3: 400 | P3: 260 | Q3: 0 | R3: 0 | S3: 0
A4: 1229673 | B4: 400 | C4: 400 | D4: 0 | E4: 0 | F4: 0 | G4: 200 | H4: 0 | I4: 300 | J4: 300 | K4: 0 | L4: 0 | M4: 250 | N4: 250 | O4: 250 | P4: 250 | Q4: 250 | R4: 0 | S4: 0
A5: 1233632 | B5: 0 | C5: 0 | D5: 0 | E5: 0 | F5: 0 | G5: 0 | H5: 64 | I5: 116 | J5: 0 | K5: 0 | L5: 0 | M5: 0 | N5: 0 | O5: 0 | P5: 0 | Q5: 0 | R5: 0 | S5: 0
A6: 1235623 | B6: 0 | C6: 0 | D6: 0 | E6: 0 | F6: 0 | G6: 0 | H6: 0 | I6: 0 | J6: 0 | K6: 0 | L6: 0 | M6: 542 | N6: 394 | O6: 0 | P6: 0 | Q6: 0 | R6: 0 | S6: 0
A7: 1237088 | B7: 330 | C7: 1039 | D7: 0 | E7: 0 | F7: 332 | G7: 330 | H7: 788 | I7: 1168 | J7: 1638 | K7: 0 | L7: 0 | M7: 882 | N7: 1074 | O7: 380 | P7: 462 | Q7: 426 | R7: 0 | S7: 0
A8: 1237765 | B8: 0 | C8: 0 | D8: 0 | E8: 0 | F8: 0 | G8: 0 | H8: 0 | I8: 0 | J8: 0 | K8: 0 | L8: 0 | M8: 150 | N8: 0 | O8: 0 | P8: 0 | Q8: 0 | R8: 0 | S8: 0
A9: 1237748 | B9: 0 | C9: 0 | D9: 0 | E9: 0 | F9: 0 | G9: 0 | H9: 0 | I9: 0 | J9: 0 | K9: 0 | L9: 0 | M9: 0 | N9: 458 | O9: 422 | P9: 0 | Q9: 0 | R9: 0 | S9: 0
A10: 1236091 | B10: 0 | C10: 0 | D10: 0 | E10: 0 | F10: 0 | G10: 0 | H10: 0 | I10: 0 | J10: 0 | K10: 0 | L10: 0 | M10: 0 | N10: 0 | O10: 0 | P10: 0 | Q10: 200 | R10: 0 | S10: 0
A11: 1238128 | B11: 144 | C11: 480 | D11: 0 | E11: 0 | F11: 60 | G11: 0 | H11: 0 | I11: 76 | J11: 480 | K11: 0 | L11: 0 | M11: 396 | N11: 590 | O11: 424 | P11: 590 | Q11: 464 | R11: 0 | S11: 0
A12: 1236962 | B12: 200 | C12: 300 | D12: 0 | E12: 0 | F12: 0 | G12: 500 | H12: 300 | I12: 300 | J12: 290 | K12: 0 | L12: 0 | M12: 300 | N12: 300 | O12: 300 | P12: 300 | Q12: 0 | R12: 0 | S12: 0
A13: 1233761 | B13: 150 | C13: 0 | D13: 0 | E13: 0 | F13: 0 | G13: 0 | H13: 0 | I13: 0 | J13: 0 | K13: 0 | L13: 0 | M13: 200 | N13: 0 | O13: 0 | P13: 200 | Q13: 200 | R13: 0 | S13: 0
... A19: 1241601 | B19: 0 | C19: 0 | D19: 0 | E19: 0 | F19: 0 | G19: 0 | H19: 0 | I19: 0 | J19: 0 | K19: 0 | L19: 0 | M19: 120 | N19: 0 | O19: 500 | P19: 1376 | Q19: 770 | R19: 0 | S19: 0
A22: 품번 | B22: 01/22(목) | C22: 01/23(금) | D22: 01/24(토) | E22: 01/25(일) | F22: 01/26(월) | G22: 01/27(화) | H22: 01/28(수) | I22: 01/29(목) | J22: 01/30(금) | K22: 01/31(토) | L22: 02/01(일) | M22: 02/02(월) | N22: 02/03(화) | O22: 02/04(수) | P22: 02/05(목) | Q22: 02/06(금) | R22: 02/07(토) | S22: 02/08(일)
A23: 1232846 | B23: 449 | C23: 2 | D23: 0 | E23: 0 | F23: 0 | G23: 0 | H23: 0 | I23: 0 | J23: 0 | K23: 0 | L23: 0 | M23: 0 | N23: 0 | O23: 0 | P23: 0 | Q23: 304 | R23: 0 | S23: 0
A24: 1232895 | B24: 449 | C24: 2 | D24: 0 | E24: 0 | F24: 0 | G24: 0 | H24: 0 | I24: 0 | J24: 0 | K24: 0 | L24: 0 | M24: 0 | N24: 0 | O24: 0 | P24: 0 | Q24: 304 | R24: 0 | S24: 0
A25: 1233384 | B25: 449 | C25: 2 | D25: 0 | E25: 0 | F25: 0 | G25: 0 | H25: 0 | I25: 0 | J25: 0 | K25: 0 | L25: 0 | M25: 0 | N25: 0 | O25: 0 | P25: 0 | Q25: 304 | R25: 0 | S25: 0
A26: 1233165 | B26: 0 | C26: 250 | D26: 0 | E26: 0 | F26: 0 | G26: 0 | H26: 0 | I26: 0 | J26: 0 | K26: 0 | L26: 0 | M26: 0 | N26: 0 | O26: 0 | P26: 0 | Q26: 0 | R26: 0 | S26: 0
A27: 1236387 | B27: 0 | C27: 0 | D27: 0 | E27: 0 | F27: 426 | G27: 71 | H27: 0 | I27: 0 | J27: 0 | K27: 0 | L27: 0 | M27: 0 | N27: 150 | O27: 357 | P27: 71 | Q27: 0 | R27: 0 | S27: 0
A28: 1232775 | B28: 0 | C28: 0 | D28: 0 | E28: 0 | F28: 0 | G28: 251 | H28: 109 | I28: 311 | J28: 278 | K28: 0 | L28: 0 | M28: 620 | N28: 282 | O28: 0 | P28: 248 | Q28: 245 | R28: 0 | S28: 0
A29: 1238605 | B29: 182 | C29: 2 | D29: 0 | E29: 0 | F29: 0 | G29: 0 | H29: 0 | I29: 0 | J29: 0 | K29: 0 | L29: 0 | M29: 0 | N29: 0 | O29: 0 | P29: 0 | Q29: 0 | R29: 0 | S29: 0
A30: 1230685 | B30: 0 | C30: 0 | D30: 0 | E30: 0 | F30: 0 | G30: 0 | H30: 28 | I30: 122 | J30: 0 | K30: 0 | L30: 0 | M30: 0 | N30: 0 | O30: 0 | P30: 0 | Q30: 0 | R30: 0 | S30: 0
A33: 품번 | B33: 01/22(목) | C33: 01/23(금) | D33: 01/24(토) | E33: 01/25(일) | F33: 01/26(월) | G33: 01/27(화) | H33: 01/28(수) | I33: 01/29(목) | J33: 01/30(금) | K33: 01/31(토) | L33: 02/01(일) | M33: 02/02(월) | N33: 02/03(화) | O33: 02/04(수) | P33: 02/05(목) | Q33: 02/06(금) | R33: 02/07(토) | S33: 02/08(일)
A34: 1221967 | B34: 0 | C34: 0 | D34: 0 | E34: 0 | F34: 0 | G34: 0 | H34: 0 | I34: 0 | J34: 0 | K34: 0 | L34: 0 | M34: 0 | N34: 501 | O34: 523 | P34: 0 | Q34: 0 | R34: 0 | S34: 0
A35: 1227306 | B35: 177 | C35: 0 | D35: 0 | E35: 0 | F35: 0 | G35: 0 | H35: 0 | I35: 0 | J35: 0 | K35: 0 | L35: 0 | M35: 0 | N35: 0 | O35: 0 | P35: 0 | Q35: 0 | R35: 0 | S35: 0
A36: 1229088 | B36: 0 | C36: 0 | D36: 0 | E36: 0 | F36: 0 | G36: 0 | H36: 0 | I36: 0 | J36: 0 | K36: 0 | L36: 0 | M36: 0 | N36: 0 | O36: 0 | P36: 304 | Q36: 350 | R36: 0 | S36: 0
A37: 1231090 | B37: 0 | C37: 0 | D37: 0 | E37: 0 | F37: 0 | G37: 0 | H37: 0 | I37: 0 | J37: 0 | K37: 0 | L37: 0 | M37: 0 | N37: 0 | O37: 0 | P37: 240 | Q37: 0 | R37: 0 | S37: 0
A38: 1225464 | B38: 0 | C38: 0 | D38: 0 | E38: 0 | F38: 0 | G38: 28 | H38: 0 | I38: 0 | J38: 0 | K38: 0 | L38: 0 | M38: 0 | N38: 400 | O38: 356 | P38: 0 | Q38: 0 | R38: 0 | S38: 0
A39: 1232066 | B39: 0 | C39: 0 | D39: 0 | E39: 0 | F39: 0 | G39: 0 | H39: 0 | I39: 0 | J39: 54 | K39: 0 | L39: 0 | M39: 0 | N39: 0 | O39: 0 | P39: 0 | Q39: 0 | R39: 0 | S39: 0
A40: 1234222 | B40: 276 | C40: 202 | D40: 0 | E40: 0 | F40: 0 | G40: 0 | H40: 0 | I40: 0 | J40: 0 | K40: 0 | L40: 0 | M40: 0 | N40: 0 | O40: 0 | P40: 0 | Q40: 0 | R40: 0 | S40: 0
A41: 1232528 | B41: 0 | C41: 365 | D41: 0 | E41: 0 | F41: 1371 | G41: 850 | H41: 305 | I41: 0 | J41: 0 | K41: 0 | L41: 0 | M41: 658 | N41: 266 | O41: 539 | P41: 686 | Q41: 184 | R41: 0 | S41: 0
A42: 1232846 | B42: 0 | C42: 0 | D42: 0 | E42: 0 | F42: 0 | G42: 0 | H42: 300 | I42: 40 | J42: 0 | K42: 0 | L42: 0 | M42: 0 | N42: 0 | O42: 0 | P42: 0 | Q42: 0 | R42: 0 | S42: 0
A43: 1229050 | B43: 0 | C43: 0 | D43: 0 | E43: 0 | F43: 0 | G43: 133 | H43: 47 | I43: 0 | J43: 0 | K43: 0 | L43: 0 | M43: 0 | N43: 0 | O43: 0 | P43: 0 | Q43: 0 | R43: 0 | S43: 0
A44: 1233383 | B44: 0 | C44: 0 | D44: 0 | E44: 0 | F44: 0 | G44: 0 | H44: 0 | I44: 0 | J44: 0 | K44: 0 | L44: 0 | M44: 0 | N44: 9 | O44: 0 | P44: 0 | Q44: 0 | R44: 0 | S44: 0
A45: 1233735 | B45: 0 | C45: 0 | D45: 0 | E45: 0 | F45: 0 | G45: 0 | H45: 90 | I45: 0 | J45: 0 | K45: 0 | L45: 0 | M45: 0 | N45: 0 | O45: 0 | P45: 0 | Q45: 0 | R45: 0 | S45: 0
... A66: 1233387 | B66: 0 | C66: 0 | D66: 0 | E66: 0 | F66: 0 | G66: 0 | H66: 36 | I66: 40 | J66: 0 | K66: 0 | L66: 0 | M66: 0 | N66: 0 | O66: 0 | P66: 0 | Q66: 0 | R66: 0 | S66: 0

Sheet 0123
A1: 품번 | B1: 01/23(금) | C1: 01/24(토) | D1: 01/25(일) | E1: 01/26(월) | F1: 01/27(화) | G1: 01/28(수) | H1: 01/29(목) | I1: 01/30(금) | J1: 01/31(토) | K1: 02/01(일) | L1: 02/02(월) | M1: 02/03(화) | N1: 02/04(수) | O1: 02/05(목) | P1: 02/06(금) | Q1: 02/07(토) | R1: 02/08(일)
A2: 1226384 | B2: 0 | C2: 0 | D2: 0 | E2: 0 | F2: 0 | G2: 0 | H2: 0 | I2: 0 | J2: 0 | K2: 0 | L2: 0 | M2: 401 | N2: 400 | O2: 260 | P2: 0 | Q2: 0 | R2: 0
A3: 1226388 | B3: 0 | C3: 0 | D3: 0 | E3: 0 | F3: 0 | G3: 0 | H3: 0 | I3: 0 | J3: 0 | K3: 0 | L3: 0 | M3: 401 | N3: 400 | O3: 260 | P3: 0 | Q3: 0 | R3: 0
A4: 1229673 | B4: 400 | C4: 0 | D4: 0 | E4: 0 | F4: 200 | G4: 0 | H4: 300 | I4: 300 | J4: 0 | K4: 0 | L4: 250 | M4: 250 | N4: 250 | O4: 250 | P4: 250 | Q4: 0 | R4: 0
A5: 1233632 | B5: 0 | C5: 0 | D5: 0 | E5: 0 | F5: 0 | G5: 64 | H5: 116 | I5: 0 | J5: 0 | K5: 0 | L5: 0 | M5: 0 | N5: 0 | O5: 0 | P5: 0 | Q5: 0 | R5: 0
A6: 1235623 | B6: 0 | C6: 0 | D6: 0 | E6: 0 | F6: 0 | G6: 0 | H6: 0 | I6: 0 | J6: 0 | K6: 0 | L6: 542 | M6: 394 | N6: 0 | O6: 0 | P6: 0 | Q6: 0 | R6: 0
A7: 1237088 | B7: 1039 | C7: 0 | D7: 0 | E7: 332 | F7: 330 | G7: 601 | H7: 1168 | I7: 1638 | J7: 0 | K7: 0 | L7: 882 | M7: 1074 | N7: 380 | O7: 462 | P7: 426 | Q7: 0 | R7: 0
A8: 1237765 | B8: 0 | C8: 0 | D8: 0 | E8: 0 | F8: 0 | G8: 0 | H8: 0 | I8: 0 | J8: 0 | K8: 0 | L8: 150 | M8: 0 | N8: 0 | O8: 0 | P8: 0 | Q8: 0 | R8: 0
A9: 1237748 | B9: 0 | C9: 0 | D9: 0 | E9: 0 | F9: 0 | G9: 0 | H9: 0 | I9: 0 | J9: 0 | K9: 0 | L9: 0 | M9: 458 | N9: 422 | O9: 0 | P9: 0 | Q9: 0 | R9: 0
A10: 1236091 | B10: 0 | C10: 0 | D10: 0 | E10: 0 | F10: 0 | G10: 0 | H10: 0 | I10: 0 | J10: 0 | K10: 0 | L10: 0 | M10: 0 | N10: 0 | O10: 0 | P10: 200 | Q10: 0 | R10: 0
A11: 1238128 | B11: 480 | C11: 0 | D11: 0 | E11: 60 | F11: 0 | G11: 0 | H11: 76 | I11: 480 | J11: 0 | K11: 0 | L11: 396 | M11: 590 | N11: 424 | O11: 590 | P11: 464 | Q11: 0 | R11: 0
A12: 1236962 | B12: 300 | C12: 0 | D12: 0 | E12: 0 | F12: 500 | G12: 300 | H12: 300 | I12: 290 | J12: 0 | K12: 0 | L12: 300 | M12: 300 | N12: 300 | O12: 300 | P12: 0 | Q12: 0 | R12: 0
A13: 1233761 | B13: 0 | C13: 0 | D13: 0 | E13: 0 | F13: 0 | G13: 0 | H13: 0 | I13: 0 | J13: 0 | K13: 0 | L13: 200 | M13: 0 | N13: 0 | O13: 200 | P13: 200 | Q13: 0 | R13: 0
... A19: 1241601 | B19: 0 | C19: 0 | D19: 0 | E19: 0 | F19: 0 | G19: 0 | H19: 0 | I19: 0 | J19: 0 | K19: 0 | L19: 120 | M19: 0 | N19: 500 | O19: 1376 | P19: 770 | Q19: 0 | R19: 0
A23: 품번 | B23: 01/23(금) | C23: 01/24(토) | D23: 01/25(일) | E23: 01/26(월) | F23: 01/27(화) | G23: 01/28(수) | H23: 01/29(목) | I23: 01/30(금) | J23: 01/31(토) | K23: 02/01(일) | L23: 02/02(월) | M23: 02/03(화) | N23: 02/04(수) | O23: 02/05(목) | P23: 02/06(금) | Q23: 02/07(토) | R23: 02/08(일)
A24: 1232846 | B24: 2 | C24: 0 | D24: 0 | E24: 0 | F24: 0 | G24: 0 | H24: 0 | I24: 0 | J24: 0 | K24: 0 | L24: 0 | M24: 0 | N24: 0 | O24: 0 | P24: 304 | Q24: 0 | R24: 0
A25: 1232895 | B25: 2 | C25: 0 | D25: 0 | E25: 0 | F25: 0 | G25: 0 | H25: 0 | I25: 0 | J25: 0 | K25: 0 | L25: 0 | M25: 0 | N25: 0 | O25: 0 | P25: 304 | Q25: 0 | R25: 0
A26: 1233384 | B26: 2 | C26: 0 | D26: 0 | E26: 0 | F26: 0 | G26: 0 | H26: 0 | I26: 0 | J26: 0 | K26: 0 | L26: 0 | M26: 0 | N26: 0 | O26: 0 | P26: 304 | Q26: 0 | R26: 0
A27: 1233165 | B27: 250 | C27: 0 | D27: 0 | E27: 0 | F27: 0 | G27: 0 | H27: 0 | I27: 0 | J27: 0 | K27: 0 | L27: 0 | M27: 0 | N27: 0 | O27: 0 | P27: 0 | Q27: 0 | R27: 0
A28: 1236387 | B28: 0 | C28: 0 | D28: 0 | E28: 426 | F28: 71 | G28: 0 | H28: 0 | I28: 0 | J28: 0 | K28: 0 | L28: 0 | M28: 150 | N28: 357 | O28: 71 | P28: 0 | Q28: 0 | R28: 0
A29: 1232775 | B29: 0 | C29: 0 | D29: 0 | E29: 0 | F29: 251 | G29: 109 | H29: 311 | I29: 278 | J29: 0 | K29: 0 | L29: 620 | M29: 282 | N29: 0 | O29: 248 | P29: 245 | Q29: 0 | R29: 0
A30: 1238605 | B30: 2 | C30: 0 | D30: 0 | E30: 0 | F30: 0 | G30: 0 | H30: 0 | I30: 0 | J30: 0 | K30: 0 | L30: 0 | M30: 0 | N30: 0 | O30: 0 | P30: 0 | Q30: 0 | R30: 0
A31: 1230685 | B31: 0 | C31: 0 | D31: 0 | E31: 0 | F31: 0 | G31: 28 | H31: 122 | I31: 0 | J31: 0 | K31: 0 | L31: 0 | M31: 0 | N31: 0 | O31: 0 | P31: 0 | Q31: 0 | R31: 0
A36: 품번 | B36: 01/23(금) | C36: 01/24(토) | D36: 01/25(일) | E36: 01/26(월) | F36: 01/27(화) | G36: 01/28(수) | H36: 01/29(목) | I36: 01/30(금) | J36: 01/31(토) | K36: 02/01(일) | L36: 02/02(월) | M36: 02/03(화) | N36: 02/04(수) | O36: 02/05(목) | P36: 02/06(금) | Q36: 02/07(토) | R36: 02/08(일)
A37: 1221967 | B37: 0 | C37: 0 | D37: 0 | E37: 0 | F37: 0 | G37: 0 | H37: 0 | I37: 0 | J37: 0 | K37: 0 | L37: 0 | M37: 501 | N37: 523 | O37: 0 | P37: 0 | Q37: 0 | R37: 0
A38: 1229088 | B38: 0 | C38: 0 | D38: 0 | E38: 0 | F38: 0 | G38: 0 | H38: 0 | I38: 0 | J38: 0 | K38: 0 | L38: 0 | M38: 0 | N38: 0 | O38: 304 | P38: 350 | Q38: 0 | R38: 0
A39: 1231090 | B39: 0 | C39: 0 | D39: 0 | E39: 0 | F39: 0 | G39: 0 | H39: 0 | I39: 0 | J39: 0 | K39: 0 | L39: 0 | M39: 0 | N39: 0 | O39: 240 | P39: 0 | Q39: 0 | R39: 0
A40: 1225464 | B40: 0 | C40: 0 | D40: 0 | E40: 0 | F40: 28 | G40: 0 | H40: 0 | I40: 0 | J40: 0 | K40: 0 | L40: 0 | M40: 400 | N40: 356 | O40: 0 | P40: 0 | Q40: 0 | R40: 0
A41: 1232066 | B41: 0 | C41: 0 | D41: 0 | E41: 0 | F41: 0 | G41: 0 | H41: 0 | I41: 54 | J41: 0 | K41: 0 | L41: 0 | M41: 0 | N41: 0 | O41: 0 | P41: 0 | Q41: 0 | R41: 0
A42: 1234222 | B42: 202 | C42: 0 | D42: 0 | E42: 0 | F42: 0 | G42: 0 | H42: 0 | I42: 0 | J42: 0 | K42: 0 | L42: 0 | M42: 0 | N42: 0 | O42: 0 | P42: 0 | Q42: 0 | R42: 0
A43: 1232528 | B43: 365 | C43: 0 | D43: 0 | E43: 1371 | F43: 850 | G43: 305 | H43: 0 | I43: 0 | J43: 0 | K43: 0 | L43: 658 | M43: 266 | N43: 539 | O43: 686 | P43: 184 | Q43: 0 | R43: 0
A44: 1232846 | B44: 0 | C44: 0 | D44: 0 | E44: 0 | F44: 0 | G44: 300 | H44: 40 | I44: 0 | J44: 0 | K44: 0 | L44: 0 | M44: 0 | N44: 0 | O44: 0 | P44: 0 | Q44: 0 | R44: 0
A45: 1229050 | B45: 0 | C45: 0 | D45: 0 | E45: 0 | F45: 133 | G45: 47 | H45: 0 | I45: 0 | J45: 0 | K45: 0 | L45: 0 | M45: 0 | N45: 0 | O45: 0 | P45: 0 | Q45: 0 | R45: 0
A46: 1233383 | B46: 0 | C46: 0 | D46: 0 | E46: 0 | F46: 0 | G46: 0 | H46: 0 | I46: 0 | J46: 0 | K46: 0 | L46: 0 | M46: 9 | N46: 0 | O46: 0 | P46: 0 | Q46: 0 | R46: 0
A47: 1233735 | B47: 0 | C47: 0 | D47: 0 | E47: 0 | F47: 0 | G47: 90 | H47: 0 | I47: 0 | J47: 0 | K47: 0 | L47: 0 | M47: 0 | N47: 0 | O47: 0 | P47: 0 | Q47: 0 | R47: 0
A48: 1234034 | B48: 0 | C48: 0 | D48: 0 | E48: 0 | F48: 0 | G48: 40 | H48: 0 | I48: 0 | J48: 0 | K48: 0 | L48: 0 | M48: 0 | N48: 0 | O48: 0 | P48: 0 | Q48: 0 | R48: 0
... A66: 1233387 | B66: 0 | C66: 0 | D66: 0 | E66: 0 | F66: 0 | G66: 36 | H66: 40 | I66: 0 | J66: 0 | K66: 0 | L66: 0 | M66: 0 | N66: 0 | O66: 0 | P66: 0 | Q66: 0 | R66: 0

Sheet 0126
A1: 품번 | B1: 01/26(월) | C1: 01/27(화) | D1: 01/28(수) | E1: 01/29(목) | F1: 01/30(금) | G1: 01/31(토) | H1: 02/01(일) | I1: 02/02(월) | J1: 02/03(화) | K1: 02/04(수) | L1: 02/05(목) | M1: 02/06(금) | N1: 02/07(토) | O1: 02/08(일)
A2: 1226384 | B2: 0 | C2: 0 | D2: 0 | E2: 0 | F2: 0 | G2: 0 | H2: 0 | I2: 0 | J2: 401 | K2: 400 | L2: 260 | M2: 0 | N2: 0 | O2: 0
A3: 1226388 | B3: 0 | C3: 0 | D3: 0 | E3: 0 | F3: 0 | G3: 0 | H3: 0 | I3: 0 | J3: 401 | K3: 400 | L3: 260 | M3: 0 | N3: 0 | O3: 0
A4: 1229673 | B4: 0 | C4: 200 | D4: 0 | E4: 300 | F4: 300 | G4: 0 | H4: 0 | I4: 250 | J4: 250 | K4: 250 | L4: 250 | M4: 250 | N4: 0 | O4: 0
A5: 1233632 | B5: 0 | C5: 0 | D5: 64 | E5: 116 | F5: 0 | G5: 0 | H5: 0 | I5: 0 | J5: 0 | K5: 0 | L5: 0 | M5: 0 | N5: 0 | O5: 0
A6: 1235623 | B6: 0 | C6: 0 | D6: 0 | E6: 0 | F6: 0 | G6: 0 | H6: 0 | I6: 542 | J6: 394 | K6: 0 | L6: 0 | M6: 0 | N6: 0 | O6: 0
A7: 1237088 | B7: 332 | C7: 330 | D7: 788 | E7: 1168 | F7: 1638 | G7: 0 | H7: 0 | I7: 882 | J7: 1074 | K7: 380 | L7: 462 | M7: 426 | N7: 0 | O7: 0
A8: 1237765 | B8: 0 | C8: 0 | D8: 0 | E8: 0 | F8: 0 | G8: 0 | H8: 0 | I8: 150 | J8: 0 | K8: 0 | L8: 0 | M8: 0 | N8: 0 | O8: 0
A9: 1237748 | B9: 0 | C9: 0 | D9: 0 | E9: 0 | F9: 0 | G9: 0 | H9: 0 | I9: 0 | J9: 458 | K9: 422 | L9: 0 | M9: 0 | N9: 0 | O9: 0
A10: 1236091 | B10: 0 | C10: 0 | D10: 0 | E10: 0 | F10: 0 | G10: 0 | H10: 0 | I10: 0 | J10: 0 | K10: 0 | L10: 0 | M10: 200 | N10: 0 | O10: 0
A11: 1238128 | B11: 60 | C11: 0 | D11: 0 | E11: 76 | F11: 480 | G11: 0 | H11: 0 | I11: 396 | J11: 590 | K11: 424 | L11: 590 | M11: 464 | N11: 0 | O11: 0
A12: 1236962 | B12: 0 | C12: 500 | D12: 300 | E12: 300 | F12: 290 | G12: 0 | H12: 0 | I12: 300 | J12: 300 | K12: 300 | L12: 300 | M12: 0 | N12: 0 | O12: 0
A13: 1233761 | B13: 0 | C13: 0 | D13: 0 | E13: 0 | F13: 0 | G13: 0 | H13: 0 | I13: 200 | J13: 0 | K13: 0 | L13: 200 | M13: 200 | N13: 0 | O13: 0
... A19: 1241601 | B19: 0 | C19: 0 | D19: 0 | E19: 0 | F19: 0 | G19: 0 | H19: 0 | I19: 120 | J19: 0 | K19: 500 | L19: 1376 | M19: 770 | N19: 0 | O19: 0
A22: 품번 | B22: 01/26(월) | C22: 01/27(화) | D22: 01/28(수) | E22: 01/29(목) | F22: 01/30(금) | G22: 01/31(토) | H22: 02/01(일) | I22: 02/02(월) | J22: 02/03(화) | K22: 02/04(수) | L22: 02/05(목) | M22: 02/06(금) | N22: 02/07(토) | O22: 02/08(일) | R22: =18+62 -> 80
A23: 1232846 | B23: 0 | C23: 0 | D23: 0 | E23: 0 | F23: 0 | G23: 0 | H23: 0 | I23: 0 | J23: 0 | K23: 0 | L23: 0 | M23: 304 | N23: 0 | O23: 0
A24: 1232895 | B24: 0 | C24: 0 | D24: 0 | E24: 0 | F24: 0 | G24: 0 | H24: 0 | I24: 0 | J24: 0 | K24: 0 | L24: 0 | M24: 304 | N24: 0 | O24: 0
A25: 1233384 | B25: 0 | C25: 0 | D25: 0 | E25: 0 | F25: 0 | G25: 0 | H25: 0 | I25: 0 | J25: 0 | K25: 0 | L25: 0 | M25: 304 | N25: 0 | O25: 0
A26: 1236387 | B26: 426 | C26: 71 | D26: 0 | E26: 0 | F26: 0 | G26: 0 | H26: 0 | I26: 0 | J26: 150 | K26: 357 | L26: 71 | M26: 0 | N26: 0 | O26: 0
A27: 1232775 | B27: 0 | C27: 251 | D27: 109 | E27: 311 | F27: 278 | G27: 0 | H27: 0 | I27: 620 | J27: 282 | K27: 0 | L27: 248 | M27: 245 | N27: 0 | O27: 0
A28: 1230685 | B28: 0 | C28: 0 | D28: 28 | E28: 122 | F28: 0 | G28: 0 | H28: 0 | I28: 0 | J28: 0 | K28: 0 | L28: 0 | M28: 0 | N28: 0 | O28: 0
A32: 품번 | B32: 01/26(월) | C32: 01/27(화) | D32: 01/28(수) | E32: 01/29(목) | F32: 01/30(금) | G32: 01/31(토) | H32: 02/01(일) | I32: 02/02(월) | J32: 02/03(화) | K32: 02/04(수) | L32: 02/05(목) | M32: 02/06(금) | N32: 02/07(토) | O32: 02/08(일)
A33: 1221967 | B33: 0 | C33: 0 | D33: 0 | E33: 0 | F33: 0 | G33: 0 | H33: 0 | I33: 0 | J33: 466 | K33: 447 | L33: 111 | M33: 0 | N33: 0 | O33: 0
A34: 1229088 | B34: 0 | C34: 0 | D34: 0 | E34: 0 | F34: 0 | G34: 0 | H34: 0 | I34: 0 | J34: 0 | K34: 0 | L34: 304 | M34: 350 | N34: 0 | O34: 0
A35: 1225464 | B35: 0 | C35: 28 | D35: 0 | E35: 0 | F35: 0 | G35: 0 | H35: 0 | I35: 0 | J35: 400 | K35: 356 | L35: 0 | M35: 0 | N35: 0 | O35: 0
A36: 1232066 | B36: 0 | C36: 0 | D36: 0 | E36: 0 | F36: 54 | G36: 0 | H36: 0 | I36: 0 | J36: 0 | K36: 0 | L36: 0 | M36: 0 | N36: 0 | O36: 0
A37: 1232528 | B37: 1371 | C37: 850 | D37: 305 | E37: 0 | F37: 0 | G37: 0 | H37: 0 | I37: 418 | J37: 673 | K37: 539 | L37: 686 | M37: 1078 | N37: 0 | O37: 0
A38: 1232846 | B38: 0 | C38: 0 | D38: 300 | E38: 40 | F38: 0 | G38: 0 | H38: 0 | I38: 0 | J38: 0 | K38: 0 | L38: 0 | M38: 0 | N38: 0 | O38: 0
A39: 1229050 | B39: 0 | C39: 133 | D39: 47 | E39: 0 | F39: 0 | G39: 0 | H39: 0 | I39: 0 | J39: 0 | K39: 0 | L39: 0 | M39: 0 | N39: 0 | O39: 0
A40: 1231090 | B40: 0 | C40: 0 | D40: 0 | E40: 0 | F40: 0 | G40: 0 | H40: 0 | I40: 0 | J40: 0 | K40: 0 | L40: 240 | M40: 0 | N40: 0 | O40: 0
A41: 1233383 | B41: 0 | C41: 0 | D41: 0 | E41: 0 | F41: 0 | G41: 0 | H41: 0 | I41: 0 | J41: 9 | K41: 0 | L41: 0 | M41: 0 | N41: 0 | O41: 0
A42: 1233735 | B42: 0 | C42: 0 | D42: 90 | E42: 0 | F42: 0 | G42: 0 | H42: 0 | I42: 0 | J42: 0 | K42: 0 | L42: 0 | M42: 0 | N42: 0 | O42: 0
A43: 1234034 | B43: 0 | C43: 0 | D43: 40 | E43: 0 | F43: 0 | G43: 0 | H43: 0 | I43: 0 | J43: 0 | K43: 0 | L43: 0 | M43: 0 | N43: 0 | O43: 0
A44: 1235097 | B44: 0 | C44: 0 | D44: 0 | E44: 0 | F44: 0 | G44: 0 | H44: 0 | I44: 343 | J44: 327 | K44: 0 | L44: 0 | M44: 0 | N44: 0 | O44: 0
... A60: 1233387 | B60: 0 | C60: 0 | D60: 36 | E60: 40 | F60: 0 | G60: 0 | H60: 0 | I60: 0 | J60: 0 | K60: 0 | L60: 0 | M60: 0 | N60: 0 | O60: 0

Sheet 0127
A1: 품번 | B1: 01/27(화) | C1: 01/28(수) | D1: 01/29(목) | E1: 01/30(금) | F1: 01/31(토) | G1: 02/01(일) | H1: 02/02(월) | I1: 02/03(화) | J1: 02/04(수) | K1: 02/05(목) | L1: 02/06(금) | M1: 02/07(토) | N1: 02/08(일) | O1: 02/09(월) | P1: 02/10(화) | Q1: 02/11(수) | R1: 02/12(목) | S1: 02/13(금) | T1: 02/14(토) | U1: 02/15(일)
A2: 1226384 | B2: 0 | C2: 0 | D2: 0 | E2: 0 | F2: 0 | G2: 0 | H2: 0 | I2: 401 | J2: 400 | K2: 260 | L2: 0 | M2: 0 | N2: 0 | O2: 0 | P2: 0 | Q2: 0 | R2: 0 | S2: 0 | T2: 0 | U2: 0 | V2: =SUM(B2:U2) -> 1061
A3: 1226388 | B3: 0 | C3: 0 | D3: 0 | E3: 0 | F3: 0 | G3: 0 | H3: 0 | I3: 401 | J3: 400 | K3: 260 | L3: 0 | M3: 0 | N3: 0 | O3: 0 | P3: 0 | Q3: 0 | R3: 0 | S3: 0 | T3: 0 | U3: 0 | V3: =SUM(B3:U3) -> 1061
A4: 1229673 | B4: 200 | C4: 0 | D4: 300 | E4: 300 | F4: 0 | G4: 0 | H4: 250 | I4: 250 | J4: 250 | K4: 250 | L4: 0 | M4: 0 | N4: 0 | O4: 300 | P4: 300 | Q4: 300 | R4: 300 | S4: 300 | T4: 0 | U4: 0 | V4: =SUM(B4:U4) -> 3300
A5: 1233632 | B5: 0 | C5: 64 | D5: 116 | E5: 0 | F5: 0 | G5: 0 | H5: 0 | I5: 0 | J5: 0 | K5: 0 | L5: 0 | M5: 0 | N5: 0 | O5: 0 | P5: 0 | Q5: 0 | R5: 0 | S5: 0 | T5: 0 | U5: 0 | V5: =SUM(B5:U5) -> 180
A6: 1235623 | B6: 0 | C6: 0 | D6: 0 | E6: 0 | F6: 0 | G6: 0 | H6: 542 | I6: 394 | J6: 0 | K6: 0 | L6: 0 | M6: 0 | N6: 0 | O6: 0 | P6: 0 | Q6: 0 | R6: 0 | S6: 0 | T6: 0 | U6: 0 | V6: =SUM(B6:U6) -> 936
A7: 1237088 | B7: 330 | C7: 1096 | D7: 1168 | E7: 1638 | F7: 0 | G7: 0 | H7: 1170 | I7: 1074 | J7: 380 | K7: 174 | L7: 0 | M7: 0 | N7: 0 | O7: 488 | P7: 658 | Q7: 854 | R7: 1066 | S7: 292 | T7: 0 | U7: 0 | V7: 0
A8: 1237765 | B8: 0 | C8: 0 | D8: 0 | E8: 0 | F8: 0 | G8: 0 | H8: 150 | I8: 0 | J8: 0 | K8: 0 | L8: 0 | M8: 0 | N8: 0 | O8: 0 | P8: 0 | Q8: 0 | R8: 0 | S8: 0 | T8: 0 | U8: 0 | V8: =SUM(B8:U8) -> 150
A9: 1237748 | B9: 0 | C9: 0 | D9: 0 | E9: 0 | F9: 0 | G9: 0 | H9: 0 | I9: 458 | J9: 422 | K9: 0 | L9: 0 | M9: 0 | N9: 0 | O9: 0 | P9: 0 | Q9: 0 | R9: 0 | S9: 0 | T9: 0 | U9: 0 | V9: =SUM(B9:U9) -> 880
A10: 1236091 | B10: 0 | C10: 0 | D10: 0 | E10: 0 | F10: 0 | G10: 0 | H10: 0 | I10: 0 | J10: 0 | K10: 0 | L10: 200 | M10: 0 | N10: 0 | O10: 0 | P10: 0 | Q10: 150 | R10: 0 | S10: 0 | T10: 0 | U10: 0 | V10: =SUM(B10:U10) -> 350
A11: 1238128 | B11: 0 | C11: 0 | D11: 76 | E11: 480 | F11: 0 | G11: 0 | H11: 396 | I11: 590 | J11: 342 | K11: 590 | L11: 464 | M11: 0 | N11: 0 | O11: 480 | P11: 480 | Q11: 56 | R11: 172 | S11: 378 | T11: 0 | U11: 0 | V11: =SUM(B11:U11) -> 4504
A12: 1236962 | B12: 500 | C12: 300 | D12: 300 | E12: 290 | F12: 0 | G12: 0 | H12: 300 | I12: 300 | J12: 300 | K12: 132 | L12: 0 | M12: 0 | N12: 0 | O12: 300 | P12: 0 | Q12: 300 | R12: 500 | S12: 0 | T12: 0 | U12: 0 | V12: =SUM(B12:U12) -> 3522
A13: 1233761 | B13: 0 | C13: 0 | D13: 0 | E13: 0 | F13: 0 | G13: 0 | H13: 200 | I13: 0 | J13: 0 | K13: 200 | L13: 110 | M13: 0 | N13: 0 | O13: 0 | P13: 0 | Q13: 350 | R13: 0 | S13: 0 | T13: 0 | U13: 0 | V13: =SUM(B13:U13) -> 860
A14: 1239651 | B14: 0 | C14: 0 | D14: 400 | E14: 0 | F14: 0 | G14: 0 | H14: 0 | I14: 0 | J14: 0 | K14: 0 | L14: 0 | M14: 0 | N14: 0 | O14: 0 | P14: 0 | Q14: 0 | R14: 0 | S14: 600 | T14: 0 | U14: 0 | V14: =SUM(B14:U14) -> 1000
A15: 1239988 | B15: 120 | C15: 336 | D15: 454 | E15: 454 | F15: 0 | G15: 0 | H15: 454 | I15: 454 | J15: 148 | K15: 0 | L15: 0 | M15: 0 | N15: 0 | O15: 0 | P15: 0 | Q15: 168 | R15: 454 | S15: 356 | T15: 0 | U15: 0 | V15: =SUM(B15:U15) -> 3398
A16: 1240180 | B16: 282 | C16: 262 | D16: 248 | E16: 358 | F16: 0 | G16: 0 | H16: 358 | I16: 358 | J16: 456 | K16: 344 | L16: 280 | M16: 0 | N16: 0 | O16: 358 | P16: 358 | Q16: 142 | R16: 0 | S16: 0 | T16: 0 | U16: 0 | V16: =SUM(B16:U16) -> 3804
A17: 1240184 | B17: 282 | C17: 262 | D17: 248 | E17: 358 | F17: 0 | G17: 0 | H17: 358 | I17: 358 | J17: 456 | K17: 344 | L17: 280 | M17: 0 | N17: 0 | O17: 358 | P17: 358 | Q17: 142 | R17: 0 | S17: 0 | T17: 0 | U17: 0 | V17: =SUM(B17:U17) -> 3804
A18: 1240308 | B18: 350 | C18: 0 | D18: 0 | E18: 0 | F18: 0 | G18: 0 | H18: 0 | I18: 0 | J18: 350 | K18: 350 | L18: 350 | M18: 0 | N18: 0 | O18: 300 | P18: 0 | Q18: 0 | R18: 0 | S18: 730 | T18: 0 | U18: 0 | V18: =SUM(B18:U18) -> 2430
A19: 1241601 | B19: 0 | C19: 0 | D19: 0 | E19: 0 | F19: 0 | G19: 0 | H19: 120 | I19: 0 | J19: 200 | K19: 1020 | L19: 768 | M19: 0 | N19: 0 | O19: 700 | P19: 1460 | Q19: 1148 | R19: 1460 | S19: 624 | T19: 0 | U19: 0 | V19: =SUM(B19:U19) -> 7500
A23: 품번 | B23: 01/27(화) | C23: 01/28(수) | D23: 01/29(목) | E23: 01/30(금) | F23: 01/31(토) | G23: 02/01(일) | H23: 02/02(월) | I23: 02/03(화) | J23: 02/04(수) | K23: 02/05(목) | L23: 02/06(금) | M23: 02/07(토) | N23: 02/08(일) | O23: 02/09(월) | P23: 02/10(화) | Q23: 02/11(수) | R23: 02/12(목) | S23: 02/13(금) | T23: 02/14(토) | U23: 02/15(일)
A24: 1232846 | B24: 0 | C24: 0 | D24: 0 | E24: 0 | F24: 0 | G24: 0 | H24: 0 | I24: 0 | J24: 0 | K24: 0 | L24: 304 | M24: 0 | N24: 0 | O24: 448 | P24: 448 | Q24: 94 | R24: 0 | S24: 0 | T24: 0 | U24: 0
A25: 1232895 | B25: 0 | C25: 0 | D25: 0 | E25: 0 | F25: 0 | G25: 0 | H25: 0 | I25: 0 | J25: 0 | K25: 0 | L25: 304 | M25: 0 | N25: 0 | O25: 448 | P25: 448 | Q25: 94 | R25: 0 | S25: 0 | T25: 0 | U25: 0
A26: 1233384 | B26: 0 | C26: 0 | D26: 0 | E26: 0 | F26: 0 | G26: 0 | H26: 0 | I26: 0 | J26: 0 | K26: 0 | L26: 304 | M26: 0 | N26: 0 | O26: 448 | P26: 448 | Q26: 94 | R26: 0 | S26: 0 | T26: 0 | U26: 0
A27: 1236387 | B27: 71 | C27: 0 | D27: 0 | E27: 0 | F27: 0 | G27: 0 | H27: 0 | I27: 150 | J27: 357 | K27: 71 | L27: 0 | M27: 0 | N27: 0 | O27: 0 | P27: 0 | Q27: 0 | R27: 0 | S27: 0 | T27: 0 | U27: 0
A28: 1232775 | B28: 251 | C28: 109 | D28: 311 | E28: 278 | F28: 0 | G28: 0 | H28: 620 | I28: 282 | J28: 0 | K28: 248 | L28: 245 | M28: 0 | N28: 0 | O28: 7 | P28: 0 | Q28: 165 | R28: 381 | S28: 430 | T28: 0 | U28: 0
A29: 1238605 | B29: 0 | C29: 0 | D29: 0 | E29: 0 | F29: 0 | G29: 0 | H29: 0 | I29: 0 | J29: 0 | K29: 0 | L29: 0 | M29: 0 | N29: 0 | O29: 0 | P29: 175 | Q29: 187 | R29: 337 | S29: 187 | T29: 0 | U29: 0
A30: 1230685 | B30: 0 | C30: 28 | D30: 122 | E30: 0 | F30: 0 | G30: 0 | H30: 0 | I30: 0 | J30: 0 | K30: 0 | L30: 0 | M30: 0 | N30: 0 | O30: 379 | P30: 71 | Q30: 0 | R30: 0 | S30: 0 | T30: 0 | U30: 0
A33: 품번 | B33: 01/27(화) | C33: 01/28(수) | D33: 01/29(목) | E33: 01/30(금) | F33: 01/31(토) | G33: 02/01(일) | H33: 02/02(월) | I33: 02/03(화) | J33: 02/04(수) | K33: 02/05(목) | L33: 02/06(금) | M33: 02/07(토) | N33: 02/08(일) | O33: 02/09(월) | P33: 02/10(화) | Q33: 02/11(수) | R33: 02/12(목) | S33: 02/13(금) | T33: 02/14(토) | U33: 02/15(일)
A34: 1230692 | B34: 0 | C34: 0 | D34: 0 | E34: 0 | F34: 0 | G34: 0 | H34: 0 | I34: 0 | J34: 0 | K34: 0 | L34: 0 | M34: 0 | N34: 0 | O34: 150 | P34: 0 | Q34: 0 | R34: 0 | S34: 0 | T34: 0 | U34: 0
A35: 1221967 | B35: 0 | C35: 0 | D35: 0 | E35: 0 | F35: 0 | G35: 0 | H35: 0 | I35: 466 | J35: 447 | K35: 111 | L35: 0 | M35: 0 | N35: 0 | O35: 0 | P35: 0 | Q35: 0 | R35: 0 | S35: 0 | T35: 0 | U35: 0
A36: 1229088 | B36: 0 | C36: 0 | D36: 0 | E36: 0 | F36: 0 | G36: 0 | H36: 0 | I36: 0 | J36: 0 | K36: 67 | L36: 587 | M36: 0 | N36: 0 | O36: 0 | P36: 0 | Q36: 0 | R36: 0 | S36: 0 | T36: 0 | U36: 0
A37: 1225464 | B37: 28 | C37: 0 | D37: 0 | E37: 0 | F37: 0 | G37: 0 | H37: 0 | I37: 0 | J37: 756 | K37: 0 | L37: 0 | M37: 0 | N37: 0 | O37: 0 | P37: 0 | Q37: 0 | R37: 0 | S37: 0 | T37: 0 | U37: 0
A38: 1231797 | B38: 0 | C38: 0 | D38: 0 | E38: 0 | F38: 0 | G38: 0 | H38: 0 | I38: 0 | J38: 0 | K38: 0 | L38: 0 | M38: 0 | N38: 0 | O38: 0 | P38: 100 | Q38: 0 | R38: 0 | S38: 0 | T38: 0 | U38: 0
A39: 1232066 | B39: 0 | C39: 0 | D39: 0 | E39: 54 | F39: 0 | G39: 0 | H39: 0 | I39: 0 | J39: 0 | K39: 0 | L39: 0 | M39: 0 | N39: 0 | O39: 0 | P39: 0 | Q39: 0 | R39: 0 | S39: 0 | T39: 0 | U39: 0
A40: 1234222 | B40: 0 | C40: 0 | D40: 0 | E40: 0 | F40: 0 | G40: 0 | H40: 0 | I40: 0 | J40: 0 | K40: 0 | L40: 0 | M40: 0 | N40: 0 | O40: 500 | P40: 0 | Q40: 0 | R40: 0 | S40: 0 | T40: 0 | U40: 0
A41: 1232528 | B41: 850 | C41: 305 | D41: 0 | E41: 0 | F41: 0 | G41: 0 | H41: 418 | I41: 673 | J41: 539 | K41: 686 | L41: 1078 | M41: 0 | N41: 0 | O41: 1647 | P41: 686 | Q41: 539 | R41: 686 | S41: 2866 | T41: 0 | U41: 0
A42: 1232846 | B42: 0 | C42: 300 | D42: 40 | E42: 0 | F42: 0 | G42: 0 | H42: 0 | I42: 0 | J42: 0 | K42: 0 | L42: 0 | M42: 0 | N42: 0 | O42: 0 | P42: 0 | Q42: 0 | R42: 0 | S42: 651 | T42: 0 | U42: 0
A43: 1229050 | B43: 133 | C43: 47 | D43: 0 | E43: 0 | F43: 0 | G43: 0 | H43: 0 | I43: 0 | J43: 0 | K43: 0 | L43: 0 | M43: 0 | N43: 0 | O43: 0 | P43: 0 | Q43: 0 | R43: 0 | S43: 0 | T43: 0 | U43: 0
A44: 1231090 | B44: 0 | C44: 0 | D44: 0 | E44: 0 | F44: 0 | G44: 0 | H44: 0 | I44: 0 | J44: 0 | K44: 240 | L44: 0 | M44: 0 | N44: 0 | O44: 0 | P44: 0 | Q44: 0 | R44: 0 | S44: 2305 | T44: 0 | U44: 0
A45: 1233383 | B45: 0 | C45: 0 | D45: 0 | E45: 0 | F45: 0 | G45: 0 | H45: 0 | I45: 0 | J45: 0 | K45: 0 | L45: 0 | M45: 0 | N45: 0 | O45: 0 | P45: 0 | Q45: 0 | R45: 191 | S45: 0 | T45: 0 | U45: 0
... A66: 1232895 | B66: 0 | C66: 36 | D66: 40 | E66: 0 | F66: 0 | G66: 0 | H66: 0 | I66: 0 | J66: 0 | K66: 0 | L66: 0 | M66: 0 | N66: 0 | O66: 0 | P66: 0 | Q66: 0 | R66: 0 | S66: 75 | T66: 0 | U66: 0

Sheet 0128
A1: 품번 | B1: 01/28(수) | C1: 01/29(목) | D1: 01/30(금) | E1: 01/31(토) | F1: 02/01(일) | G1: 02/02(월) | H1: 02/03(화) | I1: 02/04(수) | J1: 02/05(목) | K1: 02/06(금) | L1: 02/07(토) | M1: 02/08(일) | N1: 02/09(월) | O1: 02/10(화) | P1: 02/11(수) | Q1: 02/12(목) | R1: 02/13(금) | S1: 02/14(토)
A2: 1226384 | B2: 0 | C2: 0 | D2: 0 | E2: 0 | F2: 0 | G2: 0 | H2: 401 | I2: 400 | J2: 260 | K2: 0 | L2: 0 | M2: 0 | N2: 0 | O2: 0 | P2: 0 | Q2: 0 | R2: 0 | S2: 0
A3: 1226388 | B3: 0 | C3: 0 | D3: 0 | E3: 0 | F3: 0 | G3: 0 | H3: 401 | I3: 400 | J3: 260 | K3: 0 | L3: 0 | M3: 0 | N3: 0 | O3: 0 | P3: 0 | Q3: 0 | R3: 0 | S3: 0
A4: 1227431 | B4: 0 | C4: 0 | D4: 0 | E4: 0 | F4: 0 | G4: 0 | H4: 0 | I4: 0 | J4: 0 | K4: 0 | L4: 0 | M4: 0 | N4: 0 | O4: 96 | P4: 0 | Q4: 0 | R4: 0 | S4: 0
A5: 1227433 | B5: 0 | C5: 0 | D5: 0 | E5: 0 | F5: 0 | G5: 0 | H5: 0 | I5: 0 | J5: 0 | K5: 0 | L5: 0 | M5: 0 | N5: 0 | O5: 96 | P5: 0 | Q5: 0 | R5: 0 | S5: 0
A6: 1229673 | B6: 0 | C6: 300 | D6: 300 | E6: 0 | F6: 0 | G6: 250 | H6: 250 | I6: 250 | J6: 250 | K6: 0 | L6: 0 | M6: 0 | N6: 300 | O6: 300 | P6: 300 | Q6: 300 | R6: 300 | S6: 0
A7: 1233632 | B7: 64 | C7: 116 | D7: 0 | E7: 0 | F7: 0 | G7: 0 | H7: 0 | I7: 0 | J7: 0 | K7: 0 | L7: 0 | M7: 0 | N7: 0 | O7: 0 | P7: 0 | Q7: 0 | R7: 0 | S7: 0
A8: 1235623 | B8: 0 | C8: 0 | D8: 0 | E8: 0 | F8: 0 | G8: 542 | H8: 394 | I8: 0 | J8: 0 | K8: 0 | L8: 0 | M8: 0 | N8: 0 | O8: 0 | P8: 0 | Q8: 0 | R8: 0 | S8: 0
A9: 1237088 | B9: 1096 | C9: 1168 | D9: 1638 | E9: 0 | F9: 0 | G9: 1170 | H9: 1074 | I9: 380 | J9: 174 | K9: 0 | L9: 0 | M9: 0 | N9: 488 | O9: 1194 | P9: 854 | Q9: 440 | R9: 292 | S9: 0
A10: 1237765 | B10: 0 | C10: 0 | D10: 0 | E10: 0 | F10: 0 | G10: 150 | H10: 0 | I10: 0 | J10: 0 | K10: 0 | L10: 0 | M10: 0 | N10: 0 | O10: 0 | P10: 0 | Q10: 0 | R10: 0 | S10: 0
A11: 1237748 | B11: 0 | C11: 0 | D11: 0 | E11: 0 | F11: 0 | G11: 0 | H11: 458 | I11: 422 | J11: 0 | K11: 0 | L11: 0 | M11: 0 | N11: 0 | O11: 0 | P11: 0 | Q11: 0 | R11: 0 | S11: 0
A12: 1236091 | B12: 0 | C12: 0 | D12: 0 | E12: 0 | F12: 0 | G12: 0 | H12: 0 | I12: 0 | J12: 0 | K12: 200 | L12: 0 | M12: 0 | N12: 0 | O12: 0 | P12: 150 | Q12: 0 | R12: 0 | S12: 0
A13: 1238128 | B13: 0 | C13: 76 | D13: 480 | E13: 0 | F13: 0 | G13: 396 | H13: 590 | I13: 342 | J13: 590 | K13: 464 | L13: 0 | M13: 0 | N13: 480 | O13: 480 | P13: 56 | Q13: 172 | R13: 378 | S13: 0
... A21: 1241601 | B21: 0 | C21: 0 | D21: 0 | E21: 0 | F21: 0 | G21: 120 | H21: 0 | I21: 200 | J21: 1020 | K21: 768 | L21: 0 | M21: 0 | N21: 700 | O21: 1460 | P21: 1148 | Q21: 1460 | R21: 624 | S21: 0
A26: 품번 | B26: 01/28(수) | C26: 01/29(목) | D26: 01/30(금) | E26: 01/31(토) | F26: 02/01(일) | G26: 02/02(월) | H26: 02/03(화) | I26: 02/04(수) | J26: 02/05(목) | K26: 02/06(금) | L26: 02/07(토) | M26: 02/08(일) | N26: 02/09(월) | O26: 02/10(화) | P26: 02/11(수) | Q26: 02/12(목) | R26: 02/13(금) | S26: 02/14(토)
A27: 1232846 | B27: 0 | C27: 0 | D27: 0 | E27: 0 | F27: 0 | G27: 0 | H27: 0 | I27: 0 | J27: 0 | K27: 304 | L27: 0 | M27: 0 | N27: 448 | O27: 448 | P27: 94 | Q27: 0 | R27: 0 | S27: 0
A28: 1232895 | B28: 0 | C28: 0 | D28: 0 | E28: 0 | F28: 0 | G28: 0 | H28: 0 | I28: 0 | J28: 0 | K28: 304 | L28: 0 | M28: 0 | N28: 448 | O28: 448 | P28: 94 | Q28: 0 | R28: 0 | S28: 0
A29: 1233384 | B29: 0 | C29: 0 | D29: 0 | E29: 0 | F29: 0 | G29: 0 | H29: 0 | I29: 0 | J29: 0 | K29: 304 | L29: 0 | M29: 0 | N29: 448 | O29: 448 | P29: 94 | Q29: 0 | R29: 0 | S29: 0
A30: 1236387 | B30: 0 | C30: 0 | D30: 0 | E30: 0 | F30: 0 | G30: 0 | H30: 150 | I30: 357 | J30: 71 | K30: 0 | L30: 0 | M30: 0 | N30: 0 | O30: 0 | P30: 0 | Q30: 0 | R30: 0 | S30: 0
A31: 1232775 | B31: 109 | C31: 311 | D31: 278 | E31: 0 | F31: 0 | G31: 620 | H31: 282 | I31: 0 | J31: 248 | K31: 245 | L31: 0 | M31: 0 | N31: 7 | O31: 0 | P31: 165 | Q31: 309 | R31: 243 | S31: 0
A32: 1238605 | B32: 0 | C32: 0 | D32: 0 | E32: 0 | F32: 0 | G32: 0 | H32: 0 | I32: 0 | J32: 0 | K32: 0 | L32: 0 | M32: 0 | N32: 0 | O32: 175 | P32: 187 | Q32: 237 | R32: 187 | S32: 0
A33: 1230685 | B33: 28 | C33: 122 | D33: 0 | E33: 0 | F33: 0 | G33: 0 | H33: 0 | I33: 0 | J33: 0 | K33: 0 | L33: 0 | M33: 0 | N33: 379 | O33: 71 | P33: 0 | Q33: 0 | R33: 0 | S33: 0
A37: 품번 | B37: 01/28(수) | C37: 01/29(목) | D37: 01/30(금) | E37: 01/31(토) | F37: 02/01(일) | G37: 02/02(월) | H37: 02/03(화) | I37: 02/04(수) | J37: 02/05(목) | K37: 02/06(금) | L37: 02/07(토) | M37: 02/08(일) | N37: 02/09(월) | O37: 02/10(화) | P37: 02/11(수) | Q37: 02/12(목) | R37: 02/13(금) | S37: 02/14(토)
A38: 1230692 | B38: 0 | C38: 0 | D38: 0 | E38: 0 | F38: 0 | G38: 0 | H38: 0 | I38: 0 | J38: 0 | K38: 0 | L38: 0 | M38: 0 | N38: 0 | O38: 150 | P38: 0 | Q38: 0 | R38: 0 | S38: 0
A39: 1221967 | B39: 0 | C39: 0 | D39: 0 | E39: 0 | F39: 0 | G39: 0 | H39: 451 | I39: 389 | J39: 184 | K39: 0 | L39: 0 | M39: 0 | N39: 0 | O39: 0 | P39: 0 | Q39: 0 | R39: 0 | S39: 0
A40: 1229088 | B40: 0 | C40: 0 | D40: 0 | E40: 0 | F40: 0 | G40: 0 | H40: 0 | I40: 0 | J40: 48 | K40: 587 | L40: 0 | M40: 0 | N40: 19 | O40: 0 | P40: 0 | Q40: 0 | R40: 0 | S40: 0
A41: 1225464 | B41: 0 | C41: 0 | D41: 0 | E41: 0 | F41: 0 | G41: 0 | H41: 415 | I41: 341 | J41: 0 | K41: 0 | L41: 0 | M41: 0 | N41: 0 | O41: 0 | P41: 0 | Q41: 0 | R41: 0 | S41: 0
A42: 1231797 | B42: 0 | C42: 0 | D42: 0 | E42: 0 | F42: 0 | G42: 0 | H42: 0 | I42: 0 | J42: 0 | K42: 0 | L42: 0 | M42: 0 | N42: 100 | O42: 0 | P42: 0 | Q42: 0 | R42: 0 | S42: 0
A43: 1232066 | B43: 0 | C43: 0 | D43: 54 | E43: 0 | F43: 0 | G43: 0 | H43: 0 | I43: 0 | J43: 0 | K43: 0 | L43: 0 | M43: 0 | N43: 0 | O43: 0 | P43: 0 | Q43: 0 | R43: 0 | S43: 0
A44: 1232693 | B44: 0 | C44: 0 | D44: 0 | E44: 0 | F44: 0 | G44: 0 | H44: 0 | I44: 0 | J44: 0 | K44: 0 | L44: 0 | M44: 0 | N44: 0 | O44: 650 | P44: 85 | Q44: 0 | R44: 0 | S44: 0
A45: 1233025 | B45: 0 | C45: 0 | D45: 0 | E45: 0 | F45: 0 | G45: 0 | H45: 0 | I45: 0 | J45: 0 | K45: 0 | L45: 0 | M45: 0 | N45: 0 | O45: 650 | P45: 85 | Q45: 0 | R45: 0 | S45: 0
A46: 1234222 | B46: 0 | C46: 0 | D46: 0 | E46: 0 | F46: 0 | G46: 0 | H46: 0 | I46: 0 | J46: 0 | K46: 0 | L46: 0 | M46: 0 | N46: 500 | O46: 0 | P46: 0 | Q46: 0 | R46: 0 | S46: 0
A47: 1232528 | B47: 305 | C47: 0 | D47: 0 | E47: 0 | F47: 0 | G47: 429 | H47: 673 | I47: 508 | J47: 686 | K47: 539 | L47: 0 | M47: 0 | N47: 686 | O47: 686 | P47: 1078 | Q47: 981 | R47: 0 | S47: 0
A48: 1232846 | B48: 300 | C48: 40 | D48: 0 | E48: 0 | F48: 0 | G48: 0 | H48: 0 | I48: 0 | J48: 0 | K48: 0 | L48: 0 | M48: 0 | N48: 0 | O48: 0 | P48: 0 | Q48: 241 | R48: 0 | S48: 0
A49: 1229050 | B49: 47 | C49: 0 | D49: 0 | E49: 0 | F49: 0 | G49: 0 | H49: 0 | I49: 0 | J49: 0 | K49: 0 | L49: 0 | M49: 0 | N49: 0 | O49: 0 | P49: 0 | Q49: 0 | R49: 0 | S49: 0
... A71: 1233387 | B71: 36 | C71: 40 | D71: 0 | E71: 0 | F71: 0 | G71: 0 | H71: 0 | I71: 0 | J71: 0 | K71: 0 | L71: 0 | M71: 0 | N71: 0 | O71: 0 | P71: 0 | Q71: 75 | R71: 0 | S71: 0

Sheet 0128 W12
B1: 품번 | C1: 08W | D1: 09W | E1: 10W | F1: 11W | G1: 12W | H1: 13W | I1: 14W | J1: 15W | K1: 16W | L1: 17W
C2: 02/16 ~ 02/22 | D2: 02/23 ~ 03/01 | E2: 03/02 ~ 03/08 | F2: 03/09 ~ 03/15 | G2: 03/16 ~ 03/22 | H2: 03/23 ~ 03/29 | I2: 03/30 ~ 04/05 | J2: 04/06 ~ 04/12 | K2: 04/13 ~ 04/19 | L2: 04/20 ~ 04/26 | N2: 46050
B3: 1226384 | C3: 0 | D3: 0 | E3: 1060 | F3: 300 | G3: 0 | H3: 0 | I3: 600 | J3: 0 | K3: 0 | L3: 0 | N3: =SUM(C3:L3) -> 1960
B4: 1226388 | C4: 0 | D4: 0 | E4: 1060 | F4: 300 | G4: 0 | H4: 0 | I4: 600 | J4: 0 | K4: 0 | L4: 0 | N4: =SUM(C4:L4) -> 1960
B5: 1227431 | C5: 96 | D5: 0 | E5: 0 | F5: 0 | G5: 0 | H5: 0 | I5: 0 | J5: 0 | K5: 0 | L5: 0 | N5: =SUM(C5:L5) -> 96
B6: 1227433 | C6: 96 | D6: 0 | E6: 0 | F6: 0 | G6: 0 | H6: 0 | I6: 0 | J6: 0 | K6: 0 | L6: 0 | N6: =SUM(C6:L6) -> 96
B7: 1229673 | C7: 0 | D7: 600 | E7: 900 | F7: 1000 | G7: 1000 | H7: 900 | I7: 1400 | J7: 900 | K7: 800 | L7: 800 | N7: =SUM(C7:L7) -> 8300
B8: 1230692 | C8: 0 | D8: 1056 | E8: 700 | F8: 600 | G8: 700 | H8: 600 | I8: 1400 | J8: 800 | K8: 800 | L8: 700 | N8: =SUM(C8:L8) -> 7356
B9: 1230696 | C9: 108 | D9: 68 | E9: 0 | F9: 200 | G9: 100 | H9: 0 | I9: 0 | J9: 200 | K9: 200 | L9: 200 | N9: =SUM(C9:L9) -> 1076
B10: 1230854 | C10: 0 | D10: 100 | E10: 0 | F10: 0 | G10: 200 | H10: 0 | I10: 0 | J10: 0 | K10: 200 | L10: 0 | N10: =SUM(C10:L10) -> 500
B11: 1231202 | C11: 0 | D11: 0 | E11: 150 | F11: 0 | G11: 0 | H11: 0 | I11: 0 | J11: 0 | K11: 0 | L11: 0 | N11: =SUM(C11:L11) -> 150
B12: 1231898 | C12: 1344 | D12: 2688 | E12: 2240 | F12: 1792 | G12: 2240 | H12: 1792 | I12: 2240 | J12: 2240 | K12: 1344 | L12: 1344 | N12: =SUM(C12:L12) -> 19264
B13: 1232693 | C13: 126 | D13: 609 | E13: 0 | F13: 0 | G13: 0 | H13: 861 | I13: 0 | J13: 0 | K13: 0 | L13: 0 | N13: =SUM(C13:L13) -> 1596
B14: 1233025 | C14: 126 | D14: 609 | E14: 0 | F14: 0 | G14: 0 | H14: 861 | I14: 0 | J14: 0 | K14: 0 | L14: 0 | N14: =SUM(C14:L14) -> 1596
... B39: 1241601 | C39: 4122 | D39: 5078 | E39: 3800 | F39: 4100 | G39: 3100 | H39: 4000 | I39: 4700 | J39: 4100 | K39: 3800 | L39: 4000 | N39: =SUM(C39:L39) -> 40800
B41: 품번 | C41: 08W | D41: 09W | E41: 10W | F41: 11W | G41: 12W | H41: 13W | I41: 14W | J41: 15W | K41: 16W | L41: 17W
C42: 02/16 ~ 02/22 | D42: 02/23 ~ 03/01 | E42: 03/02 ~ 03/08 | F42: 03/09 ~ 03/15 | G42: 03/16 ~ 03/22 | H42: 03/23 ~ 03/29 | I42: 03/30 ~ 04/05 | J42: 04/06 ~ 04/12 | K42: 04/13 ~ 04/19 | L42: 04/20 ~ 04/26
B43: 1216452 | C43: 0 | D43: 288 | E43: 288 | F43: 0 | G43: 0 | H43: 288 | I43: 0 | J43: 0 | K43: 0 | L43: 532 | N43: =SUM(C43:L43) -> 1396
B44: 1220847 | C44: 130 | D44: 0 | E44: 0 | F44: 2164 | G44: 0 | H44: 0 | I44: 33 | J44: 1050 | K44: 0 | L44: 0 | N44: =SUM(C44:L44) -> 3377
B45: 1221967 | C45: 0 | D45: 0 | E45: 0 | F45: 0 | G45: 0 | H45: 329 | I45: 0 | J45: 0 | K45: 0 | L45: 205 | N45: =SUM(C45:L45) -> 534
B46: 1225464 | C46: 0 | D46: 0 | E46: 0 | F46: 756 | G46: 0 | H46: 0 | I46: 0 | J46: 756 | K46: 0 | L46: 0 | N46: =SUM(C46:L46) -> 1512
B47: 1227306 | C47: 0 | D47: 0 | E47: 0 | F47: 300 | G47: 300 | H47: 0 | I47: 200 | J47: 550 | K47: 500 | L47: 200 | N47: =SUM(C47:L47) -> 2050
B48: 1227359 | C48: 304 | D48: 0 | E48: 0 | F48: 0 | G48: 0 | H48: 0 | I48: 0 | J48: 0 | K48: 0 | L48: 0 | N48: =SUM(C48:L48) -> 304
B49: 1229050 | C49: 0 | D49: 180 | E49: 0 | F49: 0 | G49: 0 | H49: 205 | I49: 0 | J49: 0 | K49: 0 | L49: 0 | N49: =SUM(C49:L49) -> 385
B50: 1229088 | C50: 0 | D50: 0 | E50: 0 | F50: 0 | G50: 0 | H50: 0 | I50: 0 | J50: 350 | K50: 300 | L50: 0 | N50: =SUM(C50:L50) -> 650
B51: 1229776 | C51: 0 | D51: 0 | E51: 0 | F51: 0 | G51: 0 | H51: 100 | I51: 0 | J51: 0 | K51: 100 | L51: 0 | N51: =SUM(C51:L51) -> 200
B52: 1230685 | C52: 0 | D52: 0 | E52: 0 | F52: 200 | G52: 250 | H52: 0 | I52: 0 | J52: 200 | K52: 200 | L52: 200 | N52: =SUM(C52:L52) -> 1050
B53: 1230692 | C53: 0 | D53: 150 | E53: 0 | F53: 0 | G53: 0 | H53: 0 | I53: 0 | J53: 100 | K53: 0 | L53: 0 | N53: =SUM(C53:L53) -> 250
B54: 1230791 | C54: 23 | D54: 0 | E54: 0 | F54: 0 | G54: 26 | H54: 0 | I54: 0 | J54: 0 | K54: 0 | L54: 0 | N54: =SUM(C54:L54) -> 49
... B104: 1241480 | C104: 0 | D104: 26 | E104: 0 | F104: 0 | G104: 0 | H104: 0 | I104: 0 | J104: 0 | K104: 0 | L104: 0 | N104: =SUM(C104:L104) -> 26

Sheet 0129
A1: 품번 | B1: 01/29(목) | C1: 01/30(금) | D1: 01/31(토) | E1: 02/01(일) | F1: 02/02(월) | G1: 02/03(화) | H1: 02/04(수) | I1: 02/05(목) | J1: 02/06(금) | K1: 02/07(토) | L1: 02/08(일) | M1: 02/09(월) | N1: 02/10(화) | O1: 02/11(수) | P1: 02/12(목) | Q1: 02/13(금) | R1: 02/14(토) | S1: 02/15(일)
A2: 1226384 | B2: 0 | C2: 0 | D2: 0 | E2: 0 | F2: 0 | G2: 401 | H2: 400 | I2: 260 | J2: 0 | K2: 0 | L2: 0 | M2: 0 | N2: 0 | O2: 0 | P2: 0 | Q2: 0 | R2: 0 | S2: 0
A3: 1226388 | B3: 0 | C3: 0 | D3: 0 | E3: 0 | F3: 0 | G3: 401 | H3: 400 | I3: 260 | J3: 0 | K3: 0 | L3: 0 | M3: 0 | N3: 0 | O3: 0 | P3: 0 | Q3: 0 | R3: 0 | S3: 0
A4: 1227431 | B4: 0 | C4: 0 | D4: 0 | E4: 0 | F4: 0 | G4: 0 | H4: 0 | I4: 0 | J4: 0 | K4: 0 | L4: 0 | M4: 0 | N4: 96 | O4: 0 | P4: 0 | Q4: 0 | R4: 0 | S4: 0
A5: 1227433 | B5: 0 | C5: 0 | D5: 0 | E5: 0 | F5: 0 | G5: 0 | H5: 0 | I5: 0 | J5: 0 | K5: 0 | L5: 0 | M5: 0 | N5: 96 | O5: 0 | P5: 0 | Q5: 0 | R5: 0 | S5: 0
A6: 1229673 | B6: 300 | C6: 300 | D6: 0 | E6: 0 | F6: 250 | G6: 250 | H6: 250 | I6: 250 | J6: 0 | K6: 0 | L6: 0 | M6: 300 | N6: 300 | O6: 300 | P6: 300 | Q6: 300 | R6: 0 | S6: 0
A7: 1233632 | B7: 116 | C7: 0 | D7: 0 | E7: 0 | F7: 0 | G7: 0 | H7: 0 | I7: 0 | J7: 0 | K7: 0 | L7: 0 | M7: 0 | N7: 0 | O7: 0 | P7: 0 | Q7: 0 | R7: 0 | S7: 0
A8: 1235623 | B8: 0 | C8: 0 | D8: 0 | E8: 0 | F8: 542 | G8: 394 | H8: 0 | I8: 0 | J8: 0 | K8: 0 | L8: 0 | M8: 0 | N8: 0 | O8: 0 | P8: 0 | Q8: 0 | R8: 0 | S8: 0
A9: 1237088 | B9: 1168 | C9: 1638 | D9: 0 | E9: 0 | F9: 1170 | G9: 1074 | H9: 380 | I9: 174 | J9: 0 | K9: 0 | L9: 0 | M9: 488 | N9: 1194 | O9: 854 | P9: 440 | Q9: 292 | R9: 0 | S9: 0
A10: 1237765 | B10: 0 | C10: 0 | D10: 0 | E10: 0 | F10: 150 | G10: 0 | H10: 0 | I10: 0 | J10: 0 | K10: 0 | L10: 0 | M10: 0 | N10: 0 | O10: 0 | P10: 0 | Q10: 0 | R10: 0 | S10: 0
A11: 1237748 | B11: 0 | C11: 0 | D11: 0 | E11: 0 | F11: 0 | G11: 458 | H11: 422 | I11: 0 | J11: 0 | K11: 0 | L11: 0 | M11: 0 | N11: 0 | O11: 0 | P11: 0 | Q11: 0 | R11: 0 | S11: 0
A12: 1236091 | B12: 0 | C12: 0 | D12: 0 | E12: 0 | F12: 0 | G12: 0 | H12: 0 | I12: 0 | J12: 200 | K12: 0 | L12: 0 | M12: 0 | N12: 0 | O12: 150 | P12: 0 | Q12: 0 | R12: 0 | S12: 0
A13: 1238128 | B13: 76 | C13: 480 | D13: 0 | E13: 0 | F13: 396 | G13: 590 | H13: 342 | I13: 590 | J13: 464 | K13: 0 | L13: 0 | M13: 480 | N13: 480 | O13: 56 | P13: 172 | Q13: 378 | R13: 0 | S13: 0
... A21: 1241601 | B21: 0 | C21: 0 | D21: 0 | E21: 0 | F21: 120 | G21: 0 | H21: 200 | I21: 1020 | J21: 768 | K21: 0 | L21: 0 | M21: 700 | N21: 1460 | O21: 1148 | P21: 1460 | Q21: 624 | R21: 0 | S21: 0
A25: 품번 | B25: 01/29(목) | C25: 01/30(금) | D25: 01/31(토) | E25: 02/01(일) | F25: 02/02(월) | G25: 02/03(화) | H25: 02/04(수) | I25: 02/05(목) | J25: 02/06(금) | K25: 02/07(토) | L25: 02/08(일) | M25: 02/09(월) | N25: 02/10(화) | O25: 02/11(수) | P25: 02/12(목) | Q25: 02/13(금) | R25: 02/14(토) | S25: 02/15(일)
A26: 1232846 | B26: 0 | C26: 0 | D26: 0 | E26: 0 | F26: 0 | G26: 0 | H26: 0 | I26: 0 | J26: 304 | K26: 0 | L26: 0 | M26: 448 | N26: 448 | O26: 94 | P26: 0 | Q26: 0 | R26: 0 | S26: 0
A27: 1232895 | B27: 0 | C27: 0 | D27: 0 | E27: 0 | F27: 0 | G27: 0 | H27: 0 | I27: 0 | J27: 304 | K27: 0 | L27: 0 | M27: 448 | N27: 448 | O27: 94 | P27: 0 | Q27: 0 | R27: 0 | S27: 0
A28: 1233384 | B28: 0 | C28: 0 | D28: 0 | E28: 0 | F28: 0 | G28: 0 | H28: 0 | I28: 0 | J28: 304 | K28: 0 | L28: 0 | M28: 448 | N28: 448 | O28: 94 | P28: 0 | Q28: 0 | R28: 0 | S28: 0
A29: 1236387 | B29: 0 | C29: 0 | D29: 0 | E29: 0 | F29: 0 | G29: 150 | H29: 357 | I29: 71 | J29: 0 | K29: 0 | L29: 0 | M29: 0 | N29: 0 | O29: 0 | P29: 0 | Q29: 0 | R29: 0 | S29: 0
A30: 1232775 | B30: 311 | C30: 278 | D30: 0 | E30: 0 | F30: 620 | G30: 282 | H30: 0 | I30: 248 | J30: 245 | K30: 0 | L30: 0 | M30: 7 | N30: 0 | O30: 165 | P30: 309 | Q30: 243 | R30: 0 | S30: 0
A31: 1238605 | B31: 0 | C31: 0 | D31: 0 | E31: 0 | F31: 0 | G31: 0 | H31: 0 | I31: 0 | J31: 0 | K31: 0 | L31: 0 | M31: 0 | N31: 175 | O31: 187 | P31: 237 | Q31: 187 | R31: 0 | S31: 0
A32: 1230685 | B32: 122 | C32: 0 | D32: 0 | E32: 0 | F32: 0 | G32: 0 | H32: 0 | I32: 0 | J32: 0 | K32: 0 | L32: 0 | M32: 379 | N32: 71 | O32: 0 | P32: 0 | Q32: 0 | R32: 0 | S32: 0
A34: 품번 | B34: 01/29(목) | C34: 01/30(금) | D34: 01/31(토) | E34: 02/01(일) | F34: 02/02(월) | G34: 02/03(화) | H34: 02/04(수) | I34: 02/05(목) | J34: 02/06(금) | K34: 02/07(토) | L34: 02/08(일) | M34: 02/09(월) | N34: 02/10(화) | O34: 02/11(수) | P34: 02/12(목) | Q34: 02/13(금) | R34: 02/14(토) | S34: 02/15(일)
A35: 1230692 | B35: 0 | C35: 0 | D35: 0 | E35: 0 | F35: 0 | G35: 0 | H35: 0 | I35: 0 | J35: 0 | K35: 0 | L35: 0 | M35: 150 | N35: 0 | O35: 0 | P35: 0 | Q35: 0 | R35: 0 | S35: 0
A36: 1221967 | B36: 0 | C36: 0 | D36: 0 | E36: 0 | F36: 0 | G36: 425 | H36: 389 | I36: 210 | J36: 0 | K36: 0 | L36: 0 | M36: 0 | N36: 0 | O36: 0 | P36: 0 | Q36: 0 | R36: 0 | S36: 0
A37: 1229088 | B37: 0 | C37: 0 | D37: 0 | E37: 0 | F37: 0 | G37: 0 | H37: 0 | I37: 41 | J37: 587 | K37: 0 | L37: 0 | M37: 26 | N37: 0 | O37: 0 | P37: 0 | Q37: 0 | R37: 0 | S37: 0
A38: 1225464 | B38: 0 | C38: 0 | D38: 0 | E38: 0 | F38: 0 | G38: 415 | H38: 341 | I38: 0 | J38: 0 | K38: 0 | L38: 0 | M38: 0 | N38: 0 | O38: 0 | P38: 0 | Q38: 0 | R38: 0 | S38: 0
A39: 1231797 | B39: 0 | C39: 0 | D39: 0 | E39: 0 | F39: 0 | G39: 0 | H39: 0 | I39: 0 | J39: 0 | K39: 0 | L39: 0 | M39: 100 | N39: 0 | O39: 0 | P39: 0 | Q39: 0 | R39: 0 | S39: 0
A40: 1232066 | B40: 0 | C40: 54 | D40: 0 | E40: 0 | F40: 0 | G40: 0 | H40: 0 | I40: 0 | J40: 0 | K40: 0 | L40: 0 | M40: 0 | N40: 0 | O40: 0 | P40: 0 | Q40: 0 | R40: 0 | S40: 0
A41: 1234222 | B41: 0 | C41: 0 | D41: 0 | E41: 0 | F41: 0 | G41: 0 | H41: 0 | I41: 0 | J41: 0 | K41: 0 | L41: 0 | M41: 500 | N41: 0 | O41: 0 | P41: 0 | Q41: 0 | R41: 0 | S41: 0
A42: 1232528 | B42: 0 | C42: 0 | D42: 0 | E42: 0 | F42: 429 | G42: 673 | H42: 508 | I42: 686 | J42: 539 | K42: 0 | L42: 0 | M42: 686 | N42: 686 | O42: 839 | P42: 620 | Q42: 600 | R42: 0 | S42: 0
A43: 1232846 | B43: 40 | C43: 0 | D43: 0 | E43: 0 | F43: 0 | G43: 0 | H43: 0 | I43: 0 | J43: 0 | K43: 0 | L43: 0 | M43: 0 | N43: 0 | O43: 0 | P43: 166 | Q43: 0 | R43: 0 | S43: 0
A44: 1231090 | B44: 0 | C44: 0 | D44: 0 | E44: 0 | F44: 0 | G44: 0 | H44: 0 | I44: 0 | J44: 0 | K44: 0 | L44: 0 | M44: 0 | N44: 240 | O44: 0 | P44: 0 | Q44: 0 | R44: 0 | S44: 0
A45: 1233383 | B45: 0 | C45: 0 | D45: 0 | E45: 0 | F45: 0 | G45: 0 | H45: 0 | I45: 0 | J45: 0 | K45: 0 | L45: 0 | M45: 0 | N45: 191 | O45: 0 | P45: 0 | Q45: 0 | R45: 0 | S45: 0
A46: 1235097 | B46: 0 | C46: 0 | D46: 0 | E46: 0 | F46: 290 | G46: 343 | H46: 37 | I46: 0 | J46: 0 | K46: 0 | L46: 0 | M46: 0 | N46: 0 | O46: 0 | P46: 0 | Q46: 410 | R46: 0 | S46: 0
... A62: 1233387 | B62: 40 | C62: 0 | D62: 0 | E62: 0 | F62: 0 | G62: 0 | H62: 0 | I62: 0 | J62: 0 | K62: 0 | L62: 0 | M62: 0 | N62: 0 | O62: 0 | P62: 0 | Q62: 0 | R62: 0 | S62: 0

Sheet 0130
A1: 품번 | B1: 01/30(금) | C1: 01/31(토) | D1: 02/01(일) | E1: 02/02(월) | F1: 02/03(화) | G1: 02/04(수) | H1: 02/05(목) | I1: 02/06(금) | J1: 02/07(토) | K1: 02/08(일) | L1: 02/09(월) | M1: 02/10(화) | N1: 02/11(수) | O1: 02/12(목) | P1: 02/13(금) | Q1: 02/14(토) | R1: 02/15(일)
A2: 1226384 | B2: 0 | C2: 0 | D2: 0 | E2: 0 | F2: 401 | G2: 400 | H2: 260 | I2: 0 | J2: 0 | K2: 0 | L2: 0 | M2: 0 | N2: 0 | O2: 0 | P2: 0 | Q2: 0 | R2: 0
A3: 1226388 | B3: 0 | C3: 0 | D3: 0 | E3: 0 | F3: 401 | G3: 400 | H3: 260 | I3: 0 | J3: 0 | K3: 0 | L3: 0 | M3: 0 | N3: 0 | O3: 0 | P3: 0 | Q3: 0 | R3: 0
A4: 1227431 | B4: 0 | C4: 0 | D4: 0 | E4: 0 | F4: 0 | G4: 0 | H4: 0 | I4: 0 | J4: 0 | K4: 0 | L4: 0 | M4: 96 | N4: 0 | O4: 0 | P4: 0 | Q4: 0 | R4: 0
A5: 1227433 | B5: 0 | C5: 0 | D5: 0 | E5: 0 | F5: 0 | G5: 0 | H5: 0 | I5: 0 | J5: 0 | K5: 0 | L5: 0 | M5: 96 | N5: 0 | O5: 0 | P5: 0 | Q5: 0 | R5: 0
A6: 1229673 | B6: 300 | C6: 0 | D6: 0 | E6: 250 | F6: 250 | G6: 250 | H6: 250 | I6: 0 | J6: 0 | K6: 0 | L6: 300 | M6: 300 | N6: 300 | O6: 300 | P6: 300 | Q6: 0 | R6: 0
A7: 1235623 | B7: 0 | C7: 0 | D7: 0 | E7: 542 | F7: 394 | G7: 0 | H7: 0 | I7: 0 | J7: 0 | K7: 0 | L7: 0 | M7: 0 | N7: 0 | O7: 0 | P7: 0 | Q7: 0 | R7: 0
A8: 1237088 | B8: 1638 | C8: 0 | D8: 0 | E8: 1170 | F8: 1074 | G8: 380 | H8: 174 | I8: 0 | J8: 0 | K8: 0 | L8: 488 | M8: 1194 | N8: 854 | O8: 440 | P8: 292 | Q8: 0 | R8: 0
A9: 1237765 | B9: 0 | C9: 0 | D9: 0 | E9: 150 | F9: 0 | G9: 0 | H9: 0 | I9: 0 | J9: 0 | K9: 0 | L9: 0 | M9: 0 | N9: 0 | O9: 0 | P9: 0 | Q9: 0 | R9: 0
A10: 1237748 | B10: 0 | C10: 0 | D10: 0 | E10: 0 | F10: 458 | G10: 422 | H10: 0 | I10: 0 | J10: 0 | K10: 0 | L10: 0 | M10: 0 | N10: 0 | O10: 0 | P10: 0 | Q10: 0 | R10: 0
A11: 1236091 | B11: 0 | C11: 0 | D11: 0 | E11: 0 | F11: 0 | G11: 0 | H11: 0 | I11: 200 | J11: 0 | K11: 0 | L11: 0 | M11: 0 | N11: 150 | O11: 0 | P11: 0 | Q11: 0 | R11: 0
A12: 1238128 | B12: 480 | C12: 0 | D12: 0 | E12: 396 | F12: 590 | G12: 342 | H12: 590 | I12: 464 | J12: 0 | K12: 0 | L12: 480 | M12: 480 | N12: 56 | O12: 172 | P12: 378 | Q12: 0 | R12: 0
A13: 1236962 | B13: 290 | C13: 0 | D13: 0 | E13: 300 | F13: 300 | G13: 300 | H13: 132 | I13: 0 | J13: 0 | K13: 0 | L13: 300 | M13: 0 | N13: 300 | O13: 500 | P13: 0 | Q13: 0 | R13: 0
... A20: 1241601 | B20: 0 | C20: 0 | D20: 0 | E20: 120 | F20: 0 | G20: 200 | H20: 1020 | I20: 768 | J20: 0 | K20: 0 | L20: 700 | M20: 1460 | N20: 1148 | O20: 1460 | P20: 624 | Q20: 0 | R20: 0
A24: 품번 | B24: 01/30(금) | C24: 01/31(토) | D24: 02/01(일) | E24: 02/02(월) | F24: 02/03(화) | G24: 02/04(수) | H24: 02/05(목) | I24: 02/06(금) | J24: 02/07(토) | K24: 02/08(일) | L24: 02/09(월) | M24: 02/10(화) | N24: 02/11(수) | O24: 02/12(목) | P24: 02/13(금) | Q24: 02/14(토) | R24: 02/15(일)
A25: 1232846 | B25: 0 | C25: 0 | D25: 0 | E25: 0 | F25: 0 | G25: 0 | H25: 0 | I25: 304 | J25: 0 | K25: 0 | L25: 448 | M25: 448 | N25: 94 | O25: 0 | P25: 0 | Q25: 0 | R25: 0
A26: 1232895 | B26: 0 | C26: 0 | D26: 0 | E26: 0 | F26: 0 | G26: 0 | H26: 0 | I26: 304 | J26: 0 | K26: 0 | L26: 448 | M26: 448 | N26: 94 | O26: 0 | P26: 0 | Q26: 0 | R26: 0
A27: 1233384 | B27: 0 | C27: 0 | D27: 0 | E27: 0 | F27: 0 | G27: 0 | H27: 0 | I27: 304 | J27: 0 | K27: 0 | L27: 448 | M27: 448 | N27: 94 | O27: 0 | P27: 0 | Q27: 0 | R27: 0
A28: 1236387 | B28: 0 | C28: 0 | D28: 0 | E28: 0 | F28: 150 | G28: 357 | H28: 71 | I28: 0 | J28: 0 | K28: 0 | L28: 0 | M28: 0 | N28: 0 | O28: 0 | P28: 0 | Q28: 0 | R28: 0
A29: 1232775 | B29: 278 | C29: 0 | D29: 0 | E29: 620 | F29: 282 | G29: 0 | H29: 248 | I29: 245 | J29: 0 | K29: 0 | L29: 7 | M29: 0 | N29: 165 | O29: 309 | P29: 243 | Q29: 0 | R29: 0
A30: 1238605 | B30: 0 | C30: 0 | D30: 0 | E30: 0 | F30: 0 | G30: 0 | H30: 0 | I30: 0 | J30: 0 | K30: 0 | L30: 0 | M30: 175 | N30: 187 | O30: 237 | P30: 187 | Q30: 0 | R30: 0
A31: 1230685 | B31: 0 | C31: 0 | D31: 0 | E31: 0 | F31: 0 | G31: 0 | H31: 0 | I31: 0 | J31: 0 | K31: 0 | L31: 379 | M31: 71 | N31: 0 | O31: 0 | P31: 0 | Q31: 0 | R31: 0
A34: 품번 | B34: 01/30(금) | C34: 01/31(토) | D34: 02/01(일) | E34: 02/02(월) | F34: 02/03(화) | G34: 02/04(수) | H34: 02/05(목) | I34: 02/06(금) | J34: 02/07(토) | K34: 02/08(일) | L34: 02/09(월) | M34: 02/10(화) | N34: 02/11(수) | O34: 02/12(목) | P34: 02/13(금) | Q34: 02/14(토) | R34: 02/15(일)
A35: 1230692 | B35: 0 | C35: 0 | D35: 0 | E35: 0 | F35: 0 | G35: 0 | H35: 0 | I35: 0 | J35: 0 | K35: 0 | L35: 150 | M35: 0 | N35: 0 | O35: 0 | P35: 0 | Q35: 0 | R35: 0
A36: 1221967 | B36: 0 | C36: 0 | D36: 0 | E36: 0 | F36: 425 | G36: 389 | H36: 210 | I36: 0 | J36: 0 | K36: 0 | L36: 0 | M36: 0 | N36: 0 | O36: 0 | P36: 0 | Q36: 0 | R36: 0
A37: 1229088 | B37: 0 | C37: 0 | D37: 0 | E37: 0 | F37: 0 | G37: 0 | H37: 41 | I37: 587 | J37: 0 | K37: 0 | L37: 26 | M37: 0 | N37: 0 | O37: 0 | P37: 0 | Q37: 0 | R37: 0
A38: 1225464 | B38: 0 | C38: 0 | D38: 0 | E38: 0 | F38: 415 | G38: 341 | H38: 0 | I38: 0 | J38: 0 | K38: 0 | L38: 0 | M38: 0 | N38: 0 | O38: 0 | P38: 0 | Q38: 0 | R38: 0
A39: 1231797 | B39: 0 | C39: 0 | D39: 0 | E39: 0 | F39: 0 | G39: 0 | H39: 0 | I39: 0 | J39: 0 | K39: 0 | L39: 100 | M39: 0 | N39: 0 | O39: 0 | P39: 0 | Q39: 0 | R39: 0
A40: 1232066 | B40: 54 | C40: 0 | D40: 0 | E40: 0 | F40: 0 | G40: 0 | H40: 0 | I40: 0 | J40: 0 | K40: 0 | L40: 0 | M40: 0 | N40: 0 | O40: 0 | P40: 0 | Q40: 0 | R40: 0
A41: 1232693 | B41: 0 | C41: 0 | D41: 0 | E41: 0 | F41: 0 | G41: 0 | H41: 0 | I41: 0 | J41: 0 | K41: 0 | L41: 0 | M41: 650 | N41: 85 | O41: 0 | P41: 0 | Q41: 0 | R41: 0
A42: 1233025 | B42: 0 | C42: 0 | D42: 0 | E42: 0 | F42: 0 | G42: 0 | H42: 0 | I42: 0 | J42: 0 | K42: 0 | L42: 0 | M42: 650 | N42: 85 | O42: 0 | P42: 0 | Q42: 0 | R42: 0
A43: 1234222 | B43: 0 | C43: 0 | D43: 0 | E43: 0 | F43: 0 | G43: 0 | H43: 0 | I43: 0 | J43: 0 | K43: 0 | L43: 500 | M43: 0 | N43: 0 | O43: 0 | P43: 0 | Q43: 0 | R43: 0
A44: 1232528 | B44: 0 | C44: 0 | D44: 0 | E44: 429 | F44: 673 | G44: 508 | H44: 686 | I44: 539 | J44: 0 | K44: 0 | L44: 686 | M44: 686 | N44: 839 | O44: 620 | P44: 600 | Q44: 0 | R44: 0
A45: 1232846 | B45: 0 | C45: 0 | D45: 0 | E45: 0 | F45: 0 | G45: 0 | H45: 0 | I45: 0 | J45: 0 | K45: 0 | L45: 0 | M45: 0 | N45: 0 | O45: 166 | P45: 0 | Q45: 0 | R45: 0
A46: 1231090 | B46: 0 | C46: 0 | D46: 0 | E46: 0 | F46: 0 | G46: 0 | H46: 0 | I46: 0 | J46: 0 | K46: 0 | L46: 0 | M46: 240 | N46: 0 | O46: 0 | P46: 0 | Q46: 0 | R46: 0
... A62: 1232922 | B62: 0 | C62: 0 | D62: 0 | E62: 0 | F62: 0 | G62: 0 | H62: 0 | I62: 0 | J62: 0 | K62: 0 | L62: 0 | M62: 0 | N62: 0 | O62: 166 | P62: 0 | Q62: 0 | R62: 0

Sheet 0202
A1: 품번 | B1: 02/02(월) | C1: 02/03(화) | D1: 02/04(수) | E1: 02/05(목) | F1: 02/06(금) | G1: 02/07(토) | H1: 02/08(일) | I1: 02/09(월) | J1: 02/10(화) | K1: 02/11(수) | L1: 02/12(목) | M1: 02/13(금) | N1: 02/14(토) | O1: 02/15(일)
A2: 1226384 | B2: 0 | C2: 401 | D2: 400 | E2: =260+70 -> 330 | F2: 0 | G2: 0 | H2: 0 | I2: 0 | J2: 0 | K2: 0 | L2: 0 | M2: 0 | N2: 0 | O2: 0
A3: 1226388 | B3: 0 | C3: 401 | D3: 400 | E3: 260 | F3: 0 | G3: 0 | H3: 0 | I3: 0 | J3: 0 | K3: 0 | L3: 0 | M3: 0 | N3: 0 | O3: 0
A4: 1227431 | B4: 0 | C4: 0 | D4: 0 | E4: 0 | F4: 0 | G4: 0 | H4: 0 | I4: 0 | J4: 96 | K4: 0 | L4: 0 | M4: 0 | N4: 0 | O4: 0
A5: 1227433 | B5: 0 | C5: 0 | D5: 0 | E5: 0 | F5: 0 | G5: 0 | H5: 0 | I5: 0 | J5: 96 | K5: 0 | L5: 0 | M5: 0 | N5: 0 | O5: 0
A6: 1229673 | B6: 250 | C6: 250 | D6: 250 | E6: 250 | F6: 0 | G6: 0 | H6: 0 | I6: 300 | J6: 300 | K6: 300 | L6: 300 | M6: 300 | N6: 0 | O6: 0
A7: 1235623 | B7: 542 | C7: 394 | D7: 0 | E7: 0 | F7: 0 | G7: 0 | H7: 0 | I7: 0 | J7: 0 | K7: 0 | L7: 0 | M7: 0 | N7: 0 | O7: 0
A8: 1237088 | B8: 1170 | C8: 634 | D8: 380 | E8: 224 | F8: 440 | G8: 0 | H8: 0 | I8: 488 | J8: 1194 | K8: 854 | L8: 440 | M8: 292 | N8: 0 | O8: 0
A9: 1237765 | B9: 150 | C9: 0 | D9: 0 | E9: 0 | F9: 0 | G9: 0 | H9: 0 | I9: 0 | J9: 0 | K9: 0 | L9: 0 | M9: 0 | N9: 0 | O9: 0
A10: 1237748 | B10: 0 | C10: 458 | D10: 422 | E10: 0 | F10: 0 | G10: 0 | H10: 0 | I10: 0 | J10: 0 | K10: 0 | L10: 0 | M10: 0 | N10: 0 | O10: 0
A11: 1236091 | B11: 0 | C11: 0 | D11: 0 | E11: 0 | F11: 200 | G11: 0 | H11: 0 | I11: 0 | J11: 0 | K11: 150 | L11: 0 | M11: 0 | N11: 0 | O11: 0
A12: 1238128 | B12: 396 | C12: 590 | D12: 342 | E12: 162 | F12: 464 | G12: 0 | H12: 0 | I12: 480 | J12: 480 | K12: 56 | L12: 172 | M12: 378 | N12: 0 | O12: 0
A13: 1236962 | B13: 300 | C13: 300 | D13: 300 | E13: 132 | F13: 0 | G13: 0 | H13: 0 | I13: 300 | J13: 0 | K13: 300 | L13: 500 | M13: 0 | N13: 0 | O13: 0
A14: 1233761 | B14: 200 | C14: 0 | D14: 0 | E14: 200 | F14: 192 | G14: 0 | H14: 0 | I14: 0 | J14: 350 | K14: 0 | L14: 0 | M14: 0 | N14: 0 | O14: 0
... A20: 1241601 | B20: 120 | C20: 0 | D20: 200 | E20: 1020 | F20: 768 | G20: 0 | H20: 0 | I20: 700 | J20: 1460 | K20: 1148 | L20: 1460 | M20: 624 | N20: 0 | O20: 0
A22: 품번 | B22: 02/02(월) | C22: 02/03(화) | D22: 02/04(수) | E22: 02/05(목) | F22: 02/06(금) | G22: 02/07(토) | H22: 02/08(일) | I22: 02/09(월) | J22: 02/10(화) | K22: 02/11(수) | L22: 02/12(목) | M22: 02/13(금) | N22: 02/14(토) | O22: 02/15(일)
A23: 1232846 | B23: 0 | C23: 0 | D23: 0 | E23: 0 | F23: 304 | G23: 0 | H23: 0 | I23: 448 | J23: 448 | K23: 94 | L23: 0 | M23: 0 | N23: 0 | O23: 0
A24: 1232895 | B24: 0 | C24: 0 | D24: 0 | E24: 0 | F24: 304 | G24: 0 | H24: 0 | I24: 448 | J24: 448 | K24: 94 | L24: 0 | M24: 0 | N24: 0 | O24: 0
A25: 1233384 | B25: 0 | C25: 0 | D25: 0 | E25: 0 | F25: 304 | G25: 0 | H25: 0 | I25: 448 | J25: 448 | K25: 94 | L25: 0 | M25: 0 | N25: 0 | O25: 0
A26: 1236387 | B26: 0 | C26: 150 | D26: 357 | E26: 71 | F26: 0 | G26: 0 | H26: 0 | I26: 0 | J26: 0 | K26: 0 | L26: 0 | M26: 0 | N26: 0 | O26: 0
A27: 1232775 | B27: 620 | C27: 282 | D27: 0 | E27: 248 | F27: 245 | G27: 0 | H27: 0 | I27: 7 | J27: 0 | K27: 165 | L27: 309 | M27: 243 | N27: 0 | O27: 0
A28: 1238605 | B28: 0 | C28: 0 | D28: 0 | E28: 0 | F28: 0 | G28: 0 | H28: 0 | I28: 0 | J28: 175 | K28: 187 | L28: 237 | M28: 187 | N28: 0 | O28: 0
A29: 1230685 | B29: 0 | C29: 0 | D29: 0 | E29: 0 | F29: 0 | G29: 0 | H29: 0 | I29: 379 | J29: 71 | K29: 0 | L29: 0 | M29: 0 | N29: 0 | O29: 0
A32: 품번 | B32: 02/02(월) | C32: 02/03(화) | D32: 02/04(수) | E32: 02/05(목) | F32: 02/06(금) | G32: 02/07(토) | H32: 02/08(일) | I32: 02/09(월) | J32: 02/10(화) | K32: 02/11(수) | L32: 02/12(목) | M32: 02/13(금) | N32: 02/14(토) | O32: 02/15(일)
A33: 1230692 | B33: 0 | C33: 0 | D33: 0 | E33: 0 | F33: 0 | G33: 0 | H33: 0 | I33: 150 | J33: 0 | K33: 0 | L33: 0 | M33: 0 | N33: 0 | O33: 0
A34: 1221967 | B34: 0 | C34: 425 | D34: 389 | E34: 210 | F34: 0 | G34: 0 | H34: 0 | I34: 0 | J34: 0 | K34: 0 | L34: 0 | M34: 0 | N34: 0 | O34: 0
A35: 1229088 | B35: 0 | C35: 0 | D35: 0 | E35: 41 | F35: 587 | G35: 0 | H35: 0 | I35: 26 | J35: 0 | K35: 0 | L35: 0 | M35: 0 | N35: 0 | O35: 0
A36: 1225464 | B36: 0 | C36: 415 | D36: 341 | E36: 0 | F36: 0 | G36: 0 | H36: 0 | I36: 0 | J36: 0 | K36: 0 | L36: 0 | M36: 0 | N36: 0 | O36: 0
A37: 1231797 | B37: 0 | C37: 0 | D37: 0 | E37: 0 | F37: 0 | G37: 0 | H37: 0 | I37: 100 | J37: 0 | K37: 0 | L37: 0 | M37: 0 | N37: 0 | O37: 0
A38: 1232693 | B38: 0 | C38: 0 | D38: 0 | E38: 0 | F38: 0 | G38: 0 | H38: 0 | I38: 0 | J38: 650 | K38: 85 | L38: 0 | M38: 0 | N38: 0 | O38: 0
A39: 1233025 | B39: 0 | C39: 0 | D39: 0 | E39: 0 | F39: 0 | G39: 0 | H39: 0 | I39: 0 | J39: 650 | K39: 85 | L39: 0 | M39: 0 | N39: 0 | O39: 0
A40: 1234222 | B40: 0 | C40: 0 | D40: 0 | E40: 0 | F40: 0 | G40: 0 | H40: 0 | I40: 500 | J40: 0 | K40: 0 | L40: 0 | M40: 0 | N40: 0 | O40: 0
A41: 1232528 | B41: 429 | C41: 673 | D41: 508 | E41: 686 | F41: 539 | G41: 0 | H41: 0 | I41: 686 | J41: 686 | K41: 839 | L41: 620 | M41: 600 | N41: 0 | O41: 0
A42: 1232846 | B42: 0 | C42: 0 | D42: 0 | E42: 0 | F42: 0 | G42: 0 | H42: 0 | I42: 0 | J42: 0 | K42: 0 | L42: 166 | M42: 0 | N42: 0 | O42: 0
A43: 1231090 | B43: 0 | C43: 0 | D43: 0 | E43: 0 | F43: 0 | G43: 0 | H43: 0 | I43: 0 | J43: 240 | K43: 0 | L43: 0 | M43: 0 | N43: 0 | O43: 0
A44: 1233383 | B44: 0 | C44: 0 | D44: 0 | E44: 0 | F44: 0 | G44: 0 | H44: 0 | I44: 0 | J44: 191 | K44: 0 | L44: 0 | M44: 0 | N44: 0 | O44: 0
... A57: 1232922 | B57: 0 | C57: 0 | D57: 0 | E57: 0 | F57: 0 | G57: 0 | H57: 0 | I57: 0 | J57: 0 | K57: 0 | L57: 166 | M57: 0 | N57: 0 | O57: 0

Sheet 0203
A1: 품번 | B1: 02/03(화) | C1: 02/04(수) | D1: 02/05(목) | E1: 02/06(금) | F1: 02/07(토) | G1: 02/08(일) | H1: 02/09(월) | I1: 02/10(화) | J1: 02/11(수) | K1: 02/12(목) | L1: 02/13(금) | M1: 02/14(토) | N1: 02/15(일) | O1: 02/16(월) | P1: 02/17(화) | Q1: 02/18(수) | R1: 02/19(목) | S1: 02/20(금) | T1: 02/21(토) | U1: 02/22(일)
A2: 1226384 | B2: 401 | C2: 400 | D2: 260 | E2: 0 | F2: 0 | G2: 0 | H2: 0 | I2: 0 | J2: 0 | K2: 0 | L2: 0 | M2: 0 | N2: 0 | O2: 0 | P2: 0 | Q2: 0 | R2: 0 | S2: 0 | T2: 0 | U2: 0
A3: 1226388 | B3: 401 | C3: 400 | D3: 260 | E3: 0 | F3: 0 | G3: 0 | H3: 0 | I3: 0 | J3: 0 | K3: 0 | L3: 0 | M3: 0 | N3: 0 | O3: 0 | P3: 0 | Q3: 0 | R3: 0 | S3: 0 | T3: 0 | U3: 0
A4: 1227431 | B4: 0 | C4: 0 | D4: 0 | E4: 0 | F4: 0 | G4: 0 | H4: 0 | I4: 0 | J4: 0 | K4: 96 | L4: 0 | M4: 0 | N4: 0 | O4: 0 | P4: 0 | Q4: 0 | R4: 0 | S4: 0 | T4: 0 | U4: 0
A5: 1227433 | B5: 0 | C5: 0 | D5: 0 | E5: 0 | F5: 0 | G5: 0 | H5: 0 | I5: 0 | J5: 0 | K5: 96 | L5: 0 | M5: 0 | N5: 0 | O5: 0 | P5: 0 | Q5: 0 | R5: 0 | S5: 0 | T5: 0 | U5: 0
A6: 1229673 | B6: 250 | C6: 250 | D6: 250 | E6: 0 | F6: 0 | G6: 0 | H6: 300 | I6: 300 | J6: 300 | K6: 300 | L6: 300 | M6: 0 | N6: 0 | O6: 0 | P6: 0 | Q6: 0 | R6: 0 | S6: 0 | T6: 0 | U6: 0
A7: 1235623 | B7: 394 | C7: 0 | D7: 0 | E7: 0 | F7: 0 | G7: 0 | H7: 0 | I7: 0 | J7: 0 | K7: 0 | L7: 0 | M7: 0 | N7: 0 | O7: 0 | P7: 0 | Q7: 0 | R7: 0 | S7: 0 | T7: 0 | U7: 0
A8: 1237088 | B8: 634 | C8: 380 | D8: 224 | E8: 440 | F8: 0 | G8: 0 | H8: 488 | I8: 1286 | J8: 854 | K8: 348 | L8: 292 | M8: 0 | N8: 0 | O8: 0 | P8: 0 | Q8: 0 | R8: 1698 | S8: 914 | T8: 0 | U8: 0
A9: 1237748 | B9: 458 | C9: 422 | D9: 0 | E9: 0 | F9: 0 | G9: 0 | H9: 0 | I9: 0 | J9: 0 | K9: 0 | L9: 0 | M9: 0 | N9: 0 | O9: 0 | P9: 0 | Q9: 0 | R9: 0 | S9: 0 | T9: 0 | U9: 0
A10: 1236091 | B10: 0 | C10: 0 | D10: 0 | E10: 200 | F10: 0 | G10: 0 | H10: 0 | I10: 0 | J10: 150 | K10: 0 | L10: 0 | M10: 0 | N10: 0 | O10: 0 | P10: 0 | Q10: 0 | R10: 0 | S10: 0 | T10: 0 | U10: 0
A11: 1238128 | B11: 590 | C11: 342 | D11: 590 | E11: 464 | F11: 0 | G11: 0 | H11: 480 | I11: 480 | J11: 56 | K11: 172 | L11: 378 | M11: 0 | N11: 0 | O11: 0 | P11: 0 | Q11: 0 | R11: 480 | S11: 378 | T11: 0 | U11: 0
A12: 1236962 | B12: 300 | C12: 300 | D12: 132 | E12: 0 | F12: 0 | G12: 0 | H12: 300 | I12: 0 | J12: 300 | K12: 500 | L12: 0 | M12: 0 | N12: 0 | O12: 0 | P12: 0 | Q12: 0 | R12: 0 | S12: 0 | T12: 0 | U12: 0
A13: 1233761 | B13: 0 | C13: 0 | D13: 200 | E13: 192 | F13: 0 | G13: 0 | H13: 0 | I13: 350 | J13: 0 | K13: 0 | L13: 0 | M13: 0 | N13: 0 | O13: 0 | P13: 0 | Q13: 0 | R13: 0 | S13: 0 | T13: 0 | U13: 0
... A19: 1241601 | B19: 0 | C19: 200 | D19: 1020 | E19: 768 | F19: 0 | G19: 0 | H19: 700 | I19: 1460 | J19: 1148 | K19: 1460 | L19: 624 | M19: 0 | N19: 0 | O19: 0 | P19: 0 | Q19: 0 | R19: 920 | S19: 960 | T19: 0 | U19: 0
A22: 품번 | B22: 02/03(화) | C22: 02/04(수) | D22: 02/05(목) | E22: 02/06(금) | F22: 02/07(토) | G22: 02/08(일) | H22: 02/09(월) | I22: 02/10(화) | J22: 02/11(수) | K22: 02/12(목) | L22: 02/13(금) | M22: 02/14(토) | N22: 02/15(일) | O22: 02/16(월) | P22: 02/17(화) | Q22: 02/18(수) | R22: 02/19(목) | S22: 02/20(금) | T22: 02/21(토) | U22: 02/22(일)
A23: 1232846 | B23: 0 | C23: 0 | D23: 0 | E23: 304 | F23: 0 | G23: 0 | H23: 448 | I23: 448 | J23: 94 | K23: 0 | L23: 0 | M23: 0 | N23: 0 | O23: 0 | P23: 0 | Q23: 0 | R23: 0 | S23: 0 | T23: 0 | U23: 0
A24: 1232895 | B24: 0 | C24: 0 | D24: 0 | E24: 304 | F24: 0 | G24: 0 | H24: 448 | I24: 448 | J24: 94 | K24: 0 | L24: 0 | M24: 0 | N24: 0 | O24: 0 | P24: 0 | Q24: 0 | R24: 0 | S24: 0 | T24: 0 | U24: 0
A25: 1233384 | B25: 0 | C25: 0 | D25: 0 | E25: 304 | F25: 0 | G25: 0 | H25: 448 | I25: 448 | J25: 94 | K25: 0 | L25: 0 | M25: 0 | N25: 0 | O25: 0 | P25: 0 | Q25: 0 | R25: 0 | S25: 0 | T25: 0 | U25: 0
A26: 1236387 | B26: 150 | C26: 357 | D26: 71 | E26: 0 | F26: 0 | G26: 0 | H26: 0 | I26: 0 | J26: 0 | K26: 0 | L26: 0 | M26: 0 | N26: 0 | O26: 0 | P26: 0 | Q26: 0 | R26: 0 | S26: 0 | T26: 0 | U26: 0
A27: 1232775 | B27: 282 | C27: 0 | D27: 248 | E27: 245 | F27: 0 | G27: 0 | H27: 7 | I27: 0 | J27: 165 | K27: 311 | L27: 229 | M27: 0 | N27: 0 | O27: 0 | P27: 0 | Q27: 0 | R27: 283 | S27: 245 | T27: 0 | U27: 0
A28: 1238605 | B28: 0 | C28: 0 | D28: 0 | E28: 0 | F28: 0 | G28: 0 | H28: 0 | I28: 175 | J28: 187 | K28: 237 | L28: 176 | M28: 0 | N28: 0 | O28: 0 | P28: 0 | Q28: 0 | R28: 203 | S28: 0 | T28: 0 | U28: 0
A29: 1230685 | B29: 0 | C29: 0 | D29: 0 | E29: 0 | F29: 0 | G29: 0 | H29: 379 | I29: 71 | J29: 0 | K29: 0 | L29: 0 | M29: 0 | N29: 0 | O29: 0 | P29: 0 | Q29: 0 | R29: 0 | S29: 0 | T29: 0 | U29: 0
A33: 품번 | B33: 02/03(화) | C33: 02/04(수) | D33: 02/05(목) | E33: 02/06(금) | F33: 02/07(토) | G33: 02/08(일) | H33: 02/09(월) | I33: 02/10(화) | J33: 02/11(수) | K33: 02/12(목) | L33: 02/13(금) | M33: 02/14(토) | N33: 02/15(일) | O33: 02/16(월) | P33: 02/17(화) | Q33: 02/18(수) | R33: 02/19(목) | S33: 02/20(금) | T33: 02/21(토) | U33: 02/22(일)
A34: 1230692 | B34: 0 | C34: 0 | D34: 0 | E34: 0 | F34: 0 | G34: 0 | H34: 150 | I34: 0 | J34: 0 | K34: 0 | L34: 0 | M34: 0 | N34: 0 | O34: 0 | P34: 0 | Q34: 0 | R34: 0 | S34: 0 | T34: 0 | U34: 0
A35: 1221967 | B35: 425 | C35: 389 | D35: 210 | E35: 0 | F35: 0 | G35: 0 | H35: 0 | I35: 0 | J35: 0 | K35: 0 | L35: 0 | M35: 0 | N35: 0 | O35: 0 | P35: 0 | Q35: 0 | R35: 0 | S35: 0 | T35: 0 | U35: 0
A36: 1227359 | B36: 0 | C36: 0 | D36: 0 | E36: 0 | F36: 0 | G36: 0 | H36: 0 | I36: 0 | J36: 0 | K36: 0 | L36: 0 | M36: 0 | N36: 0 | O36: 0 | P36: 0 | Q36: 0 | R36: 304 | S36: 0 | T36: 0 | U36: 0
A37: 1229088 | B37: 0 | C37: 0 | D37: 41 | E37: 587 | F37: 0 | G37: 0 | H37: 26 | I37: 0 | J37: 0 | K37: 0 | L37: 0 | M37: 0 | N37: 0 | O37: 0 | P37: 0 | Q37: 0 | R37: 0 | S37: 0 | T37: 0 | U37: 0
A38: 1225464 | B38: 415 | C38: 341 | D38: 0 | E38: 0 | F38: 0 | G38: 0 | H38: 0 | I38: 0 | J38: 0 | K38: 0 | L38: 0 | M38: 0 | N38: 0 | O38: 0 | P38: 0 | Q38: 0 | R38: 0 | S38: 0 | T38: 0 | U38: 0
A39: 1231797 | B39: 0 | C39: 0 | D39: 0 | E39: 0 | F39: 0 | G39: 0 | H39: 100 | I39: 0 | J39: 0 | K39: 0 | L39: 0 | M39: 0 | N39: 0 | O39: 0 | P39: 0 | Q39: 0 | R39: 0 | S39: 0 | T39: 0 | U39: 0
A40: 1232693 | B40: 0 | C40: 0 | D40: 0 | E40: 0 | F40: 0 | G40: 0 | H40: 0 | I40: 650 | J40: 85 | K40: 0 | L40: 0 | M40: 0 | N40: 0 | O40: 0 | P40: 0 | Q40: 0 | R40: 0 | S40: 0 | T40: 0 | U40: 0
A41: 1233025 | B41: 0 | C41: 0 | D41: 0 | E41: 0 | F41: 0 | G41: 0 | H41: 0 | I41: 650 | J41: 85 | K41: 0 | L41: 0 | M41: 0 | N41: 0 | O41: 0 | P41: 0 | Q41: 0 | R41: 0 | S41: 0 | T41: 0 | U41: 0
A42: 1234222 | B42: 0 | C42: 0 | D42: 0 | E42: 0 | F42: 0 | G42: 0 | H42: 0 | I42: 0 | J42: 100 | K42: 0 | L42: 0 | M42: 0 | N42: 0 | O42: 0 | P42: 0 | Q42: 0 | R42: 0 | S42: 400 | T42: 0 | U42: 0
A43: 1232528 | B43: 673 | C43: 508 | D43: 686 | E43: 539 | F43: 0 | G43: 0 | H43: 686 | I43: 686 | J43: 539 | K43: 420 | L43: 600 | M43: 0 | N43: 0 | O43: 0 | P43: 0 | Q43: 0 | R43: 0 | S43: 4052 | T43: 0 | U43: 0
A44: 1232846 | B44: 0 | C44: 0 | D44: 0 | E44: 0 | F44: 0 | G44: 0 | H44: 0 | I44: 0 | J44: 0 | K44: 166 | L44: 576 | M44: 0 | N44: 0 | O44: 0 | P44: 0 | Q44: 0 | R44: 0 | S44: 0 | T44: 0 | U44: 0
A45: 1231090 | B45: 0 | C45: 0 | D45: 0 | E45: 0 | F45: 0 | G45: 0 | H45: 0 | I45: 240 | J45: 0 | K45: 0 | L45: 0 | M45: 0 | N45: 0 | O45: 0 | P45: 0 | Q45: 0 | R45: 0 | S45: 810 | T45: 0 | U45: 0
... A64: 1232922 | B64: 0 | C64: 0 | D64: 0 | E64: 0 | F64: 0 | G64: 0 | H64: 0 | I64: 0 | J64: 0 | K64: 166 | L64: 0 | M64: 0 | N64: 0 | O64: 0 | P64: 0 | Q64: 0 | R64: 0 | S64: 0 | T64: 0 | U64: 0

Sheet 0204
A1: 품번 | B1: 02/04(수) | C1: 02/05(목) | D1: 02/06(금) | E1: 02/07(토) | F1: 02/08(일) | G1: 02/09(월) | H1: 02/10(화) | I1: 02/11(수) | J1: 02/12(목) | K1: 02/13(금) | L1: 02/14(토) | M1: 02/15(일) | N1: 02/16(월) | O1: 02/17(화) | P1: 02/18(수) | Q1: 02/19(목) | R1: 02/20(금) | S1: 02/21(토) | T1: 02/22(일)
A2: 1226384 | B2: 400 | C2: 260 | D2: 0 | E2: 0 | F2: 0 | G2: 0 | H2: 0 | I2: 0 | J2: 0 | K2: 0 | L2: 0 | M2: 0 | N2: 0 | O2: 0 | P2: 0 | Q2: 0 | R2: 0 | S2: 0 | T2: 0
A3: 1226388 | B3: 400 | C3: 260 | D3: 0 | E3: 0 | F3: 0 | G3: 0 | H3: 0 | I3: 0 | J3: 0 | K3: 0 | L3: 0 | M3: 0 | N3: 0 | O3: 0 | P3: 0 | Q3: 0 | R3: 0 | S3: 0 | T3: 0
A4: 1227431 | B4: 0 | C4: 0 | D4: 0 | E4: 0 | F4: 0 | G4: 0 | H4: 0 | I4: 0 | J4: 96 | K4: 0 | L4: 0 | M4: 0 | N4: 0 | O4: 0 | P4: 0 | Q4: 0 | R4: 0 | S4: 0 | T4: 0
A5: 1227433 | B5: 0 | C5: 0 | D5: 0 | E5: 0 | F5: 0 | G5: 0 | H5: 0 | I5: 0 | J5: 96 | K5: 0 | L5: 0 | M5: 0 | N5: 0 | O5: 0 | P5: 0 | Q5: 0 | R5: 0 | S5: 0 | T5: 0
A6: 1229673 | B6: 250 | C6: 250 | D6: 0 | E6: 0 | F6: 0 | G6: 300 | H6: 300 | I6: 300 | J6: 300 | K6: 300 | L6: 0 | M6: 0 | N6: 0 | O6: 0 | P6: 0 | Q6: 0 | R6: 0 | S6: 0 | T6: 0
A7: 1237088 | B7: 380 | C7: 224 | D7: 440 | E7: 0 | F7: 0 | G7: 488 | H7: 1134 | I7: 854 | J7: 500 | K7: 292 | L7: 0 | M7: 0 | N7: 0 | O7: 0 | P7: 0 | Q7: 1698 | R7: 914 | S7: 0 | T7: 0
A8: 1237748 | B8: 422 | C8: 0 | D8: 0 | E8: 0 | F8: 0 | G8: 0 | H8: 0 | I8: 0 | J8: 0 | K8: 0 | L8: 0 | M8: 0 | N8: 0 | O8: 0 | P8: 0 | Q8: 0 | R8: 0 | S8: 0 | T8: 0
A9: 1236091 | B9: 0 | C9: 0 | D9: 200 | E9: 0 | F9: 0 | G9: 0 | H9: 0 | I9: 150 | J9: 0 | K9: 0 | L9: 0 | M9: 0 | N9: 0 | O9: 0 | P9: 0 | Q9: 0 | R9: 0 | S9: 0 | T9: 0
A10: 1238128 | B10: 342 | C10: 864 | D10: 190 | E10: 0 | F10: 0 | G10: 480 | H10: 480 | I10: 56 | J10: 172 | K10: 378 | L10: 0 | M10: 0 | N10: 0 | O10: 0 | P10: 0 | Q10: 480 | R10: 378 | S10: 0 | T10: 0
