Workbook

Sheet 23년(세부_실적)
B1: ▣ 23년 매출 마감현황 | T1: =T420+T501+T747+T765+T1087+T1094+T1104+T1105 -> 5072.7803 | V1: =V420+V501+V747+V765+V1087+V1094+V1104+V1105 -> 5345.4204 | X1: =X420+X501+X747+X765+X1087+X1094+X1104+X1105 -> 5741.7766 | Z1: =Z420+Z501+Z747+Z765+Z1087+Z1094+Z1104+Z1105 -> 16159.977 | AB1: =AB420+AB501+AB747+AB765+AB1087+AB1094+AB1104+AB1105 -> 6814.4977 | AD1: =AD420+AD501+AD747+AD765+AD1087+AD1094+AD1104+AD1105 -> 6958.7836
B2: 2024. 01. 19 | T2: 1245.69 | V2: 1274.22 | X2: 1303.43 | AB2: 1323.32 | AD2: 1327.09 | AF2: 1300.23 | AL2: 1278.83 | AN2: 1322.79 | AP2: 1333.8 | AT2: 1350.71 | AV2: 1301.41 | AX2: 1300.28
B3: 거래선 | C3: 제품 | D3: Set | E3: 모델 | F3: Code | G3: 구분 | H3: 제조지 | I3: 단가 | Q3: 년계 | S3: 1월 | U3: 2월 | W3: 3월 | Y3: 1분기 | AA3: 4월 | AC3: 5월 | AE3: 6월 | AG3: 2분기 | AI3: 상반기 | AK3: 7월 | AM3: 8월 | AO3: 9월 | AQ3: 3분기 | AS3: 10월 | AU3: 11월 | AW3: 12월 | AY3: 4분기 | BA3: 하반기
I4: 1Q | K4: 2Q | M4: 3Q | O4: 4Q
I5: USD | J5: KRW | K5: USD | L5: KRW | M5: USD | N5: KRW | O5: USD | P5: KRW | Q5: 수량 | R5: 금액 | S5: 수량 | T5: 금액 | U5: 수량 | V5: 금액 | W5: 수량 | X5: 금액 | Y5: 수량 | Z5: 금액 | AA5: 수량 | AB5: 금액 | AC5: 수량 | AD5: 금액 | AE5: 수량 | AF5: 금액 | AG5: 수량 | AH5: 금액 | AI5: 수량 | AJ5: 금액 | AK5: 수량 | AL5: 금액 | AM5: 수량 | AN5: 금액 | AO5: 수량 | AP5: 금액 | AQ5: 수량 | AR5: 금액 | AS5: 수량 | AT5: 금액 | AU5: 수량 | AV5: 금액 | AW5: 수량 | AX5: 금액 | AY5: 수량 | AZ5: 금액 | BA5: 수량 | BB5: 금액
B6: 합 계 | Q6: =SUM(Q222,Q319,Q420,Q423,Q476,Q480,Q501,Q747,Q751,Q765,Q1094,Q1105,Q1087,Q1089,Q1097,Q1104) -> 19455.781 | R6: =SUM(R222,R319,R420,R423,R476,R480,R501,R747,R751,R765,R1094,R1105,R1087,R1089,R1097,R1104) -> 185585.57 | S6: =SUM(S222,S319,S420,S423,S476,S480,S501,S747,S751,S765,S1094,S1105,S1087,S1089,S1097,S1104) -> 1499.263 | T6: =SUM(T222,T319,T420,T423,T476,T480,T501,T747,T751,T765,T1094,T1105,T1087,T1089,T1097,T1104) -> 14181.044 | U6: =SUM(U222,U319,U420,U423,U476,U480,U501,U747,U751,U765,U1094,U1105,U1087,U1089,U1097,U1104) -> 1721.058 | V6: =SUM(V222,V319,V420,V423,V476,V480,V501,V747,V751,V765,V1094,V1105,V1087,V1089,V1097,V1104) -> 15371.435 | W6: =SUM(W222,W319,W420,W423,W476,W480,W501,W747,W751,W765,W1094,W1105,W1087,W1089,W1097,W1104) -> 1748.564 | X6: =SUM(X222,X319,X420,X423,X476,X480,X501,X747,X751,X765,X1094,X1105,X1087,X1089,X1097,X1104) -> 15496.546 | ... BB6: =SUM(BB222,BB319,BB420,BB423,BB476,BB480,BB501,BB747,BB751,BB765,BB1094,BB1105,BB1087,BB1089,BB1097,BB1104) -> 88939.616
A7: 1 | B7: SEC VD | C7: PD-Board | D7: TV/MFM | E7: L22S0Q_EPN | F7: 692A | G7: 구 | H7: QD | I7: 4.12 | K7: 4.12 | M7: 4.12 | O7: 4.12 | Q7: =SUM(AI7+BA7) -> 0 | R7: =SUM(AJ7+BB7) -> 0 | T7: =I7*S7*$T$2/1000 -> 0 | V7: =I7*U7*$V$2/1000 -> 0 | X7: =I7*W7*$X$2/1000 -> 0 | Y7: =SUM(S7+U7+W7) -> 0 | Z7: =SUM(T7,V7,X7) -> 0 | AB7: =K7*AA7*$AB$2/1000 -> 0 | AD7: =K7*AC7*$AD$2/1000 -> 0 | AF7: =K7*AE7*$AF$2/1000 -> 0 | AG7: =SUM(AA7+AC7+AE7) -> 0 | AH7: =SUM(AB7,AD7,AF7) -> 0 | AI7: =SUM(Y7+AG7) -> 0 | AJ7: =SUM(Z7,AH7) -> 0 | AL7: =M7*AK7*$AL$2/1000 -> 0 | AN7: =M7*AM7*$AN$2/1000 -> 0 | AP7: =M7*AO7*AP2/1000 -> 0 | AQ7: =SUM(AK7+AM7+AO7) -> 0 | AR7: =SUM(AL7,AN7,AP7) -> 0 | AT7: =O7*AS7*$AT$2/1000 -> 0 | AV7: =O7*AU7*$AV$2/1000 -> 0 | AX7: =O7*AW7*$AX$2/1000 -> 0 | AY7: =SUM(AS7+AU7+AW7) -> 0 | AZ7: =SUM(AT7,AV7,AX7) -> 0 | BA7: =SUM(AQ7+AY7) -> 0 | BB7: =SUM(AR7,AZ7) -> 0
A8: 2 | E8: L23S0D_EPN | F8: 746A | G8: 구 | H8: QD | I8: 4.13 | K8: 4.13 | M8: 4.13 | O8: 4.13 | Q8: =SUM(AI8+BA8) -> 0.028 | R8: =SUM(AJ8+BB8) -> 0.1473508 | T8: =I8*S8*$T$2/1000 -> 0 | U8: 0.028 | V8: =I8*U8*$V$2/1000 -> 0.1473508 | X8: =I8*W8*$X$2/1000 -> 0 | Y8: =SUM(S8+U8+W8) -> 0.028 | Z8: =SUM(T8,V8,X8) -> 0.1473508 | AB8: =K8*AA8*$AB$2/1000 -> 0 | AD8: =K8*AC8*$AD$2/1000 -> 0 | AF8: =K8*AE8*$AF$2/1000 -> 0 | AG8: =SUM(AA8+AC8+AE8) -> 0 | AH8: =SUM(AB8,AD8,AF8) -> 0 | AI8: =SUM(Y8+AG8) -> 0.028 | AJ8: =SUM(Z8,AH8) -> 0.1473508 | AL8: =M8*AK8*$AL$2/1000 -> 0 | AN8: =K8*AM8*$AN$2/1000 -> 0 | AP8: =M8*AO8*$AP$2/1000 -> 0 | AQ8: =SUM(AK8+AM8+AO8) -> 0 | AR8: =SUM(AL8,AN8,AP8) -> 0 | AT8: =O8*AS8*$AT$2/1000 -> 0 | AV8: =O8*AU8*$AV$2/1000 -> 0 | AX8: =O8*AW8*$AX$2/1000 -> 0 | AY8: =SUM(AS8+AU8+AW8) -> 0 | AZ8: =SUM(AT8,AV8,AX8) -> 0 | BA8: =SUM(AQ8+AY8) -> 0 | BB8: =SUM(AR8,AZ8) -> 0
A9: 3 | E9: L23S0DN_EPN | F9: 746B | G9: 구 | H9: QD | I9: 4.3 | K9: 4.28 | M9: 4.28 | O9: 4.26 | Q9: =SUM(AI9+BA9) -> 34.832 | R9: =SUM(AJ9+BB9) -> 195.54476 | S9: 1.008 | T9: =I9*S9*$T$2/1000 -> 5.3993187 | U9: 0.784 | V9: =I9*U9*$V$2/1000 -> 4.2956505 | W9: 7.182 | X9: =I9*W9*$X$2/1000 -> 40.253307 | Y9: =SUM(S9+U9+W9) -> 8.974 | Z9: =SUM(T9,V9,X9) -> 49.948277 | AA9: 2.352 | AB9: =K9*AA9*$AB$2/1000 -> 13.32128 | AC9: 0.84 | AD9: =K9*AC9*$AD$2/1000 -> 4.771154 | AE9: 10.248 | AF9: =K9*AE9*$AF$2/1000 -> 57.02996 | AG9: =SUM(AA9+AC9+AE9) -> 13.44 | AH9: =SUM(AB9,AD9,AF9) -> 75.122394 | AI9: =SUM(Y9+AG9) -> 22.414 | AJ9: =SUM(Z9,AH9) -> 125.07067 | AK9: 1.008 | AL9: =M9*AK9*$AL$2/1000 -> 5.5171795 | AM9: 6.048 | AN9: =K9*AM9*$AN$2/1000 -> 34.241001 | AO9: 3.024 | AP9: =M9*AO9*$AP$2/1000 -> 17.263 | AQ9: =SUM(AK9+AM9+AO9) -> 10.08 | AR9: =SUM(AL9,AN9,AP9) -> 57.021181 | AS9: 2.338 | AT9: =O9*AS9*$AT$2/1000 -> 13.45291 | AV9: =O9*AU9*$AV$2/1000 -> 0 | AX9: =O9*AW9*$AX$2/1000 -> 0 | AY9: =SUM(AS9+AU9+AW9) -> 2.338 | AZ9: =SUM(AT9,AV9,AX9) -> 13.45291 | BA9: =SUM(AQ9+AY9) -> 12.418 | BB9: =SUM(AR9,AZ9) -> 70.47409
A10: 4 | E10: L23S0DS_EPN | F10: 746C | G10: 구 | H10: QD | I10: 4.27 | K10: 4.27 | M10: 4.27 | O10: 4.27 | Q10: =SUM(AI10+BA10) -> 0 | R10: =SUM(AJ10+BB10) -> 0 | T10: =I10*S10*$T$2/1000 -> 0 | V10: =I10*U10*$V$2/1000 -> 0 | X10: =I10*W10*$X$2/1000 -> 0 | Y10: =SUM(S10+U10+W10) -> 0 | Z10: =SUM(T10,V10,X10) -> 0 | AB10: =K10*AA10*$AB$2/1000 -> 0 | AD10: =K10*AC10*$AD$2/1000 -> 0 | AF10: =K10*AE10*$AF$2/1000 -> 0 | AG10: =SUM(AA10+AC10+AE10) -> 0 | AH10: =SUM(AB10,AD10,AF10) -> 0 | AI10: =SUM(Y10+AG10) -> 0 | AJ10: =SUM(Z10,AH10) -> 0 | AL10: =M10*AK10*$AL$2/1000 -> 0 | AN10: =M10*AM10*$AN$2/1000 -> 0 | AP10: =M10*AO10*AP2/1000 -> 0 | AQ10: =SUM(AK10+AM10+AO10) -> 0 | AR10: =SUM(AL10,AN10,AP10) -> 0 | AT10: =O10*AS10*$AT$2/1000 -> 0 | AV10: =O10*AU10*$AV$2/1000 -> 0 | AX10: =O10*AW10*$AX$2/1000 -> 0 | AY10: =SUM(AS10+AU10+AW10) -> 0 | AZ10: =SUM(AT10,AV10,AX10) -> 0 | BA10: =SUM(AQ10+AY10) -> 0 | BB10: =SUM(AR10,AZ10) -> 0
A11: 5 | E11: L23S0DMN_FPN | F11: 746D | G11: 구 | H11: QD | I11: 5.21 | K11: 5.21 | M11: 5.21 | O11: 5.21 | Q11: =SUM(AI11+BA11) -> 0 | R11: =SUM(AJ11+BB11) -> 0 | T11: =I11*S11*$T$2/1000 -> 0 | V11: =I11*U11*$V$2/1000 -> 0 | X11: =I11*W11*$X$2/1000 -> 0 | Y11: =SUM(S11+U11+W11) -> 0 | Z11: =SUM(T11,V11,X11) -> 0 | AB11: =K11*AA11*$AB$2/1000 -> 0 | AD11: =K11*AC11*$AD$2/1000 -> 0 | AF11: =K11*AE11*$AF$2/1000 -> 0 | AG11: =SUM(AA11+AC11+AE11) -> 0 | AH11: =SUM(AB11,AD11,AF11) -> 0 | AI11: =SUM(Y11+AG11) -> 0 | AJ11: =SUM(Z11,AH11) -> 0 | AL11: =M11*AK11*$AL$2/1000 -> 0 | AN11: =M11*AM11*$AN$2/1000 -> 0 | AP11: =M11*AO11*AP2/1000 -> 0 | AQ11: =SUM(AK11+AM11+AO11) -> 0 | AR11: =SUM(AL11,AN11,AP11) -> 0 | AT11: =O11*AS11*$AT$2/1000 -> 0 | AV11: =O11*AU11*$AV$2/1000 -> 0 | AX11: =O11*AW11*$AX$2/1000 -> 0 | AY11: =SUM(AS11+AU11+AW11) -> 0 | AZ11: =SUM(AT11,AV11,AX11) -> 0 | BA11: =SUM(AQ11+AY11) -> 0 | BB11: =SUM(AR11,AZ11) -> 0
A12: 6 | E12: L23S0DF_FPN | F12: 746E | G12: 구 | H12: QD | I12: 6.32 | K12: 6.32 | M12: 6.32 | O12: 6.32 | Q12: =SUM(AI12+BA12) -> 0 | R12: =SUM(AJ12+BB12) -> 0 | T12: =I12*S12*$T$2/1000 -> 0 | V12: =I12*U12*$V$2/1000 -> 0 | X12: =I12*W12*$X$2/1000 -> 0 | Y12: =SUM(S12+U12+W12) -> 0 | Z12: =SUM(T12,V12,X12) -> 0 | AB12: =K12*AA12*$AB$2/1000 -> 0 | AD12: =K12*AC12*$AD$2/1000 -> 0 | AF12: =K12*AE12*$AF$2/1000 -> 0 | AG12: =SUM(AA12+AC12+AE12) -> 0 | AH12: =SUM(AB12,AD12,AF12) -> 0 | AI12: =SUM(Y12+AG12) -> 0 | AJ12: =SUM(Z12,AH12) -> 0 | AL12: =M12*AK12*$AL$2/1000 -> 0 | AN12: =M12*AM12*$AN$2/1000 -> 0 | AP12: =M12*AO12*AP2/1000 -> 0 | AQ12: =SUM(AK12+AM12+AO12) -> 0 | AR12: =SUM(AL12,AN12,AP12) -> 0 | AT12: =O12*AS12*$AT$2/1000 -> 0 | AV12: =O12*AU12*$AV$2/1000 -> 0 | AX12: =O12*AW12*$AX$2/1000 -> 0 | AY12: =SUM(AS12+AU12+AW12) -> 0 | AZ12: =SUM(AT12,AV12,AX12) -> 0 | BA12: =SUM(AQ12+AY12) -> 0 | BB12: =SUM(AR12,AZ12) -> 0
A13: 7 | E13: L23S0DSR_MPN | F13: 746F | G13: 구 | H13: QD | I13: 5.03 | K13: 5.02 | M13: 5.02 | O13: 5.01 | Q13: =SUM(AI13+BA13) -> 126.203 | R13: =SUM(AJ13+BB13) -> 828.18647 | T13: =I13*S13*$T$2/1000 -> 0 | U13: 20.303 | V13: =I13*U13*$V$2/1000 -> 130.12856 | W13: 6.962 | X13: =I13*W13*$X$2/1000 -> 45.644633 | Y13: =SUM(S13+U13+W13) -> 27.265 | Z13: =SUM(T13,V13,X13) -> 175.77319 | AA13: 19.536 | AB13: =K13*AA13*$AB$2/1000 -> 129.77895 | AC13: 6.048 | AD13: =K13*AC13*$AD$2/1000 -> 40.291726 | AE13: 12.24 | AF13: =K13*AE13*$AF$2/1000 -> 79.892372 | AG13: =SUM(AA13+AC13+AE13) -> 37.824 | AH13: =SUM(AB13,AD13,AF13) -> 249.96304 | AI13: =SUM(Y13+AG13) -> 65.089 | AJ13: =SUM(Z13,AH13) -> 425.73623 | AK13: 13.632 | AL13: =M13*AK13*$AL$2/1000 -> 87.513713 | AM13: 14.4 | AN13: =M13*AM13*$AN$2/1000 -> 95.621844 | AO13: 15.96 | AP13: =M13*AO13*$AP$2/1000 -> 106.86299 | AQ13: =SUM(AK13+AM13+AO13) -> 43.992 | AR13: =SUM(AL13,AN13,AP13) -> 289.99855 | AS13: 3.61 | AT13: =O13*AS13*$AT$2/1000 -> 24.429076 | AV13: =O13*AU13*$AV$2/1000 -> 0 | AW13: 13.512 | AX13: =O13*AW13*$AX$2/1000 -> 88.022611 | AY13: =SUM(AS13+AU13+AW13) -> 17.122 | AZ13: =SUM(AT13,AV13,AX13) -> 112.45169 | BA13: =SUM(AQ13+AY13) -> 61.114 | BB13: =SUM(AR13,AZ13) -> 402.45023
A14: 8 | E14: L23S0DSR_RPN | F14: 746G | G14: 구 | H14: QD | I14: 5.03 | K14: 5.03 | M14: 5.03 | O14: 5.03 | Q14: =SUM(AI14+BA14) -> 4.212 | R14: =SUM(AJ14+BB14) -> 27.784672 | T14: =I14*S14*$T$2/1000 -> 0 | V14: =I14*U14*$V$2/1000 -> 0 | W14: 1.5 | X14: =I14*W14*$X$2/1000 -> 9.8343794 | Y14: =SUM(S14+U14+W14) -> 1.5 | Z14: =SUM(T14,V14,X14) -> 9.8343794 | AB14: =K14*AA14*$AB$2/1000 -> 0 | AD14: =K14*AC14*$AD$2/1000 -> 0 | AE14: 0.6 | AF14: =K14*AE14*$AF$2/1000 -> 3.9240941 | AG14: =SUM(AA14+AC14+AE14) -> 0.6 | AH14: =SUM(AB14,AD14,AF14) -> 3.9240941 | AI14: =SUM(Y14+AG14) -> 2.1 | AJ14: =SUM(Z14,AH14) -> 13.758473 | AL14: =M14*AK14*$AL$2/1000 -> 0 | AN14: =M14*AM14*$AN$2/1000 -> 0 | AO14: 0.744 | AP14: =M14*AO14*$AP$2/1000 -> 4.9915064 | AQ14: =SUM(AK14+AM14+AO14) -> 0.744 | AR14: =SUM(AL14,AN14,AP14) -> 4.9915064 | AS14: 0.336 | AT14: =O14*AS14*$AT$2/1000 -> 2.282808 | AU14: 0.384 | AV14: =O14*AU14*$AV$2/1000 -> 2.5136994 | AW14: 0.648 | AX14: =O14*AW14*$AX$2/1000 -> 4.2381846 | AY14: =SUM(AS14+AU14+AW14) -> 1.368 | AZ14: =SUM(AT14,AV14,AX14) -> 9.034692 | BA14: =SUM(AQ14+AY14) -> 2.112 | BB14: =SUM(AR14,AZ14) -> 14.026198
A15: 9 | E15: L32S0X_EPN | F15: 750A | G15: 구 | H15: QD | I15: 10.06 | K15: 10.06 | M15: 10.06 | O15: 10.06 | Q15: =SUM(AI15+BA15) -> 0 | R15: =SUM(AJ15+BB15) -> 0 | T15: =I15*S15*$T$2/1000 -> 0 | V15: =I15*U15*$V$2/1000 -> 0 | X15: =I15*W15*$X$2/1000 -> 0 | Y15: =SUM(S15+U15+W15) -> 0 | Z15: =SUM(T15,V15,X15) -> 0 | AB15: =K15*AA15*$AB$2/1000 -> 0 | AD15: =K15*AC15*$AD$2/1000 -> 0 | AF15: =K15*AE15*$AF$2/1000 -> 0 | AG15: =SUM(AA15+AC15+AE15) -> 0 | AH15: =SUM(AB15,AD15,AF15) -> 0 | AI15: =SUM(Y15+AG15) -> 0 | AJ15: =SUM(Z15,AH15) -> 0 | AL15: =M15*AK15*$AL$2/1000 -> 0 | AN15: =M15*AM15*$AN$2/1000 -> 0 | AP15: =M15*AO15*$AP$2/1000 -> 0 | AQ15: =SUM(AK15+AM15+AO15) -> 0 | AR15: =SUM(AL15,AN15,AP15) -> 0 | AT15: =O15*AS15*$AT$2/1000 -> 0 | AV15: =O15*AU15*$AV$2/1000 -> 0 | AX15: =O15*AW15*$AX$2/1000 -> 0 | AY15: =SUM(AS15+AU15+AW15) -> 0 | AZ15: =SUM(AT15,AV15,AX15) -> 0 | BA15: =SUM(AQ15+AY15) -> 0 | BB15: =SUM(AR15,AZ15) -> 0
A16: 10 | E16: L32S0XN_EPN | F16: 750B | G16: 구 | H16: QD | I16: 12.19 | K16: 12.19 | M16: 12.19 | O16: 12.19 | Q16: =SUM(AI16+BA16) -> 0 | R16: =SUM(AJ16+BB16) -> 0 | T16: =I16*S16*$T$2/1000 -> 0 | V16: =I16*U16*$V$2/1000 -> 0 | X16: =I16*W16*$X$2/1000 -> 0 | Y16: =SUM(S16+U16+W16) -> 0 | Z16: =SUM(T16,V16,X16) -> 0 | AB16: =K16*AA16*$AB$2/1000 -> 0 | AD16: =K16*AC16*$AD$2/1000 -> 0 | AF16: =K16*AE16*$AF$2/1000 -> 0 | AG16: =SUM(AA16+AC16+AE16) -> 0 | AH16: =SUM(AB16,AD16,AF16) -> 0 | AI16: =SUM(Y16+AG16) -> 0 | AJ16: =SUM(Z16,AH16) -> 0 | AL16: =M16*AK16*$AL$2/1000 -> 0 | AN16: =M16*AM16*$AN$2/1000 -> 0 | AP16: =M16*AO16*$AP$2/1000 -> 0 | AQ16: =SUM(AK16+AM16+AO16) -> 0 | AR16: =SUM(AL16,AN16,AP16) -> 0 | AT16: =O16*AS16*$AT$2/1000 -> 0 | AV16: =O16*AU16*$AV$2/1000 -> 0 | AX16: =O16*AW16*$AX$2/1000 -> 0 | AY16: =SUM(AS16+AU16+AW16) -> 0 | AZ16: =SUM(AT16,AV16,AX16) -> 0 | BA16: =SUM(AQ16+AY16) -> 0 | BB16: =SUM(AR16,AZ16) -> 0
A17: 11 | E17: F24SFD_APN | F17: 1122A | G17: 신 | H17: SY | I17: 7.34 | K17: 7.33 | M17: 7.33 | O17: 7.33 | Q17: =SUM(AI17+BA17) -> 28.255 | R17: =SUM(AJ17+BB17) -> 269.74466 | S17: 3.27 | T17: =I17*S17*$T$2/1000 -> 29.898802 | U17: 3.6 | V17: =I17*U17*$V$2/1000 -> 33.669989 | W17: 2.16 | X17: =I17*W17*$X$2/1000 -> 20.665101 | Y17: =SUM(S17+U17+W17) -> 9.03 | Z17: =SUM(T17,V17,X17) -> 84.233892 | AA17: 2.306 | AB17: =K17*AA17*$AB$2/1000 -> 22.368051 | AC17: 4.8 | AD17: =K17*AC17*$AD$2/1000 -> 46.692335 | AE17: 3.3 | AF17: =K17*AE17*$AF$2/1000 -> 31.451263 | AG17: =SUM(AA17+AC17+AE17) -> 10.406 | AH17: =SUM(AB17,AD17,AF17) -> 100.51165 | AI17: =SUM(Y17+AG17) -> 19.436 | AJ17: =SUM(Z17,AH17) -> 184.74554 | AK17: 0.96 | AL17: =M17*AK17*$AL$2/1000 -> 8.9988709 | AM17: 1.686 | AN17: =M17*AM17*$AN$2/1000 -> 16.347541 | AO17: 1.407 | AP17: =M17*AO17*$AP$2/1000 -> 13.755893 | AQ17: =SUM(AK17+AM17+AO17) -> 4.053 | AR17: =SUM(AL17,AN17,AP17) -> 39.102305 | AS17: 1.245 | AT17: =O17*AS17*$AT$2/1000 -> 12.326377 | AU17: 1.401 | AV17: =O17*AU17*$AV$2/1000 -> 13.364609 | AW17: 2.12 | AX17: =O17*AW17*$AX$2/1000 -> 20.205831 | AY17: =SUM(AS17+AU17+AW17) -> 4.766 | AZ17: =SUM(AT17,AV17,AX17) -> 45.896817 | BA17: =SUM(AQ17+AY17) -> 8.819 | BB17: =SUM(AR17,AZ17) -> 84.999122
A18: 12 | E18: F24SFDN_APN | F18: 1122B | G18: 신 | H18: SY | I18: 7.9 | K18: 7.9 | M18: 7.9 | O18: 7.9 | Q18: =SUM(AI18+BA18) -> 1.635 | R18: =SUM(AJ18+BB18) -> 16.976274 | S18: 0.09 | T18: =I18*S18*$T$2/1000 -> 0.88568559 | U18: 0.06 | V18: =I18*U18*$V$2/1000 -> 0.60398028 | W18: 0.09 | X18: =I18*W18*$X$2/1000 -> 0.92673873 | Y18: =SUM(S18+U18+W18) -> 0.24 | Z18: =SUM(T18,V18,X18) -> 2.4164046 | AA18: 0.12 | AB18: =K18*AA18*$AB$2/1000 -> 1.2545074 | AC18: 0.111 | AD18: =K18*AC18*$AD$2/1000 -> 1.1637252 | AE18: 0.09 | AF18: =K18*AE18*$AF$2/1000 -> 0.92446353 | AG18: =SUM(AA18+AC18+AE18) -> 0.321 | AH18: =SUM(AB18,AD18,AF18) -> 3.3426961 | AI18: =SUM(Y18+AG18) -> 0.561 | AJ18: =SUM(Z18,AH18) -> 5.7591007 | AK18: 0.069 | AL18: =M18*AK18*$AL$2/1000 -> 0.69709023 | AM18: 0.205 | AN18: =M18*AM18*$AN$2/1000 -> 2.1422584 | AO18: 0.218 | AP18: =M18*AO18*$AP$2/1000 -> 2.2970704 | AQ18: =SUM(AK18+AM18+AO18) -> 0.492 | AR18: =SUM(AL18,AN18,AP18) -> 5.136419 | AS18: 0.254 | AT18: =O18*AS18*$AT$2/1000 -> 2.7103347 | AU18: 0.127 | AV18: =O18*AU18*$AV$2/1000 -> 1.3057047 | AW18: 0.201 | AX18: =O18*AW18*$AX$2/1000 -> 2.0647146 | AY18: =SUM(AS18+AU18+AW18) -> 0.582 | AZ18: =SUM(AT18,AV18,AX18) -> 6.080754 | BA18: =SUM(AQ18+AY18) -> 1.074 | BB18: =SUM(AR18,AZ18) -> 11.217173
A19: 13 | E19: L23S0T_EPN | F19: 793A | G19: 구 | H19: QD | I19: 4.19 | K19: 4.19 | M19: 4.19 | O19: 4.19 | Q19: =SUM(AI19+BA19) -> 0 | R19: =SUM(AJ19+BB19) -> 0 | T19: =I19*S19*$T$2/1000 -> 0 | V19: =I19*U19*$V$2/1000 -> 0 | X19: =I19*W19*$X$2/1000 -> 0 | Y19: =SUM(S19+U19+W19) -> 0 | Z19: =SUM(T19,V19,X19) -> 0 | AB19: =K19*AA19*$AB$2/1000 -> 0 | AD19: =K19*AC19*$AD$2/1000 -> 0 | AF19: =K19*AE19*$AF$2/1000 -> 0 | AG19: =SUM(AA19+AC19+AE19) -> 0 | AH19: =SUM(AB19,AD19,AF19) -> 0 | AI19: =SUM(Y19+AG19) -> 0 | AJ19: =SUM(Z19,AH19) -> 0 | AL19: =M19*AK19*$AL$2/1000 -> 0 | AN19: =M19*AM19*$AN$2/1000 -> 0 | AP19: =M19*AO19*$AP$2/1000 -> 0 | AQ19: =SUM(AK19+AM19+AO19) -> 0 | AR19: =SUM(AL19,AN19,AP19) -> 0 | AT19: =O19*AS19*$AT$2/1000 -> 0 | AV19: =O19*AU19*$AV$2/1000 -> 0 | AX19: =O19*AW19*$AX$2/1000 -> 0 | AY19: =SUM(AS19+AU19+AW19) -> 0 | AZ19: =SUM(AT19,AV19,AX19) -> 0 | BA19: =SUM(AQ19+AY19) -> 0 | BB19: =SUM(AR19,AZ19) -> 0
A20: 14 | E20: L32E1P_KPN | F20: 869A | G20: 구 | H20: SY | I20: 8.64 | K20: 8.64 | M20: 8.64 | O20: 8.64 | Q20: =SUM(AI20+BA20) -> 0 | R20: =SUM(AJ20+BB20) -> 0 | T20: =I20*S20*$T$2/1000 -> 0 | V20: =I20*U20*$V$2/1000 -> 0 | X20: =I20*W20*$X$2/1000 -> 0 | Y20: =SUM(S20+U20+W20) -> 0 | Z20: =SUM(T20,V20,X20) -> 0 | AB20: =K20*AA20*$AB$2/1000 -> 0 | AD20: =K20*AC20*$AD$2/1000 -> 0 | AF20: =K20*AE20*$AF$2/1000 -> 0 | AG20: =SUM(AA20+AC20+AE20) -> 0 | AH20: =SUM(AB20,AD20,AF20) -> 0 | AI20: =SUM(Y20+AG20) -> 0 | AJ20: =SUM(Z20,AH20) -> 0 | AL20: =M20*AK20*$AL$2/1000 -> 0 | AN20: =M20*AM20*$AN$2/1000 -> 0 | AP20: =M20*AO20*$AP$2/1000 -> 0 | AQ20: =SUM(AK20+AM20+AO20) -> 0 | AR20: =SUM(AL20,AN20,AP20) -> 0 | AT20: =O20*AS20*$AT$2/1000 -> 0 | AV20: =O20*AU20*$AV$2/1000 -> 0 | AX20: =O20*AW20*$AX$2/1000 -> 0 | AY20: =SUM(AS20+AU20+AW20) -> 0 | AZ20: =SUM(AT20,AV20,AX20) -> 0 | BA20: =SUM(AQ20+AY20) -> 0 | BB20: =SUM(AR20,AZ20) -> 0
A21: 15 | E21: L32E1P_KPN V | F21: 869B | G21: 구 | H21: SY | I21: 7.7 | K21: 7.7 | M21: 7.7 | O21: 7.7 | Q21: =SUM(AI21+BA21) -> 0 | R21: =SUM(AJ21+BB21) -> 0 | T21: =I21*S21*$T$2/1000 -> 0 | V21: =I21*U21*$V$2/1000 -> 0 | X21: =I21*W21*$X$2/1000 -> 0 | Y21: =SUM(S21+U21+W21) -> 0 | Z21: =SUM(T21,V21,X21) -> 0 | AB21: =K21*AA21*$AB$2/1000 -> 0 | AD21: =K21*AC21*$AD$2/1000 -> 0 | AF21: =K21*AE21*$AF$2/1000 -> 0 | AG21: =SUM(AA21+AC21+AE21) -> 0 | AH21: =SUM(AB21,AD21,AF21) -> 0 | AI21: =SUM(Y21+AG21) -> 0 | AJ21: =SUM(Z21,AH21) -> 0 | AL21: =M21*AK21*$AL$2/1000 -> 0 | AN21: =M21*AM21*$AN$2/1000 -> 0 | AP21: =M21*AO21*$AP$2/1000 -> 0 | AQ21: =SUM(AK21+AM21+AO21) -> 0 | AR21: =SUM(AL21,AN21,AP21) -> 0 | AT21: =O21*AS21*$AT$2/1000 -> 0 | AV21: =O21*AU21*$AV$2/1000 -> 0 | AX21: =O21*AW21*$AX$2/1000 -> 0 | AY21: =SUM(AS21+AU21+AW21) -> 0 | AZ21: =SUM(AT21,AV21,AX21) -> 0 | BA21: =SUM(AQ21+AY21) -> 0 | BB21: =SUM(AR21,AZ21) -> 0
A22: 16 | E22: L32E1N_KPN | F22: 870A | G22: 구 | H22: SY | I22: 8.5 | K22: 8.5 | M22: 8.5 | O22: 8.5 | Q22: =SUM(AI22+BA22) -> 0.494 | R22: =SUM(AJ22+BB22) -> 5.4731026 | T22: =I22*S22*$T$2/1000 -> 0 | V22: =I22*U22*$V$2/1000 -> 0 | W22: 0.494 | X22: =I22*W22*$X$2/1000 -> 5.4731026 | Y22: =SUM(S22+U22+W22) -> 0.494 | Z22: =SUM(T22,V22,X22) -> 5.4731026 | AB22: =K22*AA22*$AB$2/1000 -> 0 | AD22: =K22*AC22*$AD$2/1000 -> 0 | AF22: =K22*AE22*$AF$2/1000 -> 0 | AG22: =SUM(AA22+AC22+AE22) -> 0 | AH22: =SUM(AB22,AD22,AF22) -> 0 | AI22: =SUM(Y22+AG22) -> 0.494 | AJ22: =SUM(Z22,AH22) -> 5.4731026 | AL22: =M22*AK22*$AL$2/1000 -> 0 | AN22: =M22*AM22*$AN$2/1000 -> 0 | AP22: =M22*AO22*$AP$2/1000 -> 0 | AQ22: =SUM(AK22+AM22+AO22) -> 0 | AR22: =SUM(AL22,AN22,AP22) -> 0 | AT22: =O22*AS22*$AT$2/1000 -> 0 | AV22: =O22*AU22*$AV$2/1000 -> 0 | AX22: =O22*AW22*$AX$2/1000 -> 0 | AY22: =SUM(AS22+AU22+AW22) -> 0 | AZ22: =SUM(AT22,AV22,AX22) -> 0 | BA22: =SUM(AQ22+AY22) -> 0 | BB22: =SUM(AR22,AZ22) -> 0
A23: 17 | E23: L32E1NR_KPN | F23: 870B | G23: 구 | H23: SY | I23: 7.79 | K23: 7.79 | M23: 7.79 | O23: 7.79 | Q23: =SUM(AI23+BA23) -> 0 | R23: =SUM(AJ23+BB23) -> 0 | T23: =I23*S23*$T$2/1000 -> 0 | V23: =I23*U23*$V$2/1000 -> 0 | X23: =I23*W23*$X$2/1000 -> 0 | Y23: =SUM(S23+U23+W23) -> 0 | Z23: =SUM(T23,V23,X23) -> 0 | AB23: =K23*AA23*$AB$2/1000 -> 0 | AD23: =K23*AC23*$AD$2/1000 -> 0 | AF23: =K23*AE23*$AF$2/1000 -> 0 | AG23: =SUM(AA23+AC23+AE23) -> 0 | AH23: =SUM(AB23,AD23,AF23) -> 0 | AI23: =SUM(Y23+AG23) -> 0 | AJ23: =SUM(Z23,AH23) -> 0 | AL23: =M23*AK23*$AL$2/1000 -> 0 | AN23: =M23*AM23*$AN$2/1000 -> 0 | AP23: =M23*AO23*$AP$2/1000 -> 0 | AQ23: =SUM(AK23+AM23+AO23) -> 0 | AR23: =SUM(AL23,AN23,AP23) -> 0 | AT23: =O23*AS23*$AT$2/1000 -> 0 | AV23: =O23*AU23*$AV$2/1000 -> 0 | AX23: =O23*AW23*$AX$2/1000 -> 0 | AY23: =SUM(AS23+AU23+AW23) -> 0 | AZ23: =SUM(AT23,AV23,AX23) -> 0 | BA23: =SUM(AQ23+AY23) -> 0 | BB23: =SUM(AR23,AZ23) -> 0
A24: 18 | E24: 소 계 | Q24: =SUM(Q7:Q23) -> 195.659 | R24: =SUM(R7:R23) -> 1343.8573 | S24: =SUM(S7:S23) -> 4.368 | T24: =SUM(T7:T23) -> 36.183807 | U24: =SUM(U7:U23) -> 24.775 | V24: =SUM(V7:V23) -> 168.84553 | W24: =SUM(W7:W23) -> 18.388 | X24: =SUM(X7:X23) -> 122.79726 | ... BB24: =SUM(BB7:BB23) -> 583.16682
A25: 19 | D25: LFD | E25: F24AF_FPN | F25: 861A | G25: 구 | H25: QD | I25: 10.2 | K25: 10.2 | M25: 10.2 | O25: 10.2 | Q25: =SUM(AI25+BA25) -> 0 | R25: =SUM(AJ25+BB25) -> 0 | T25: =I25*S25*$T$2/1000 -> 0 | V25: =I25*U25*$V$2/1000 -> 0 | X25: =I25*W25*$X$2/1000 -> 0 | Y25: =SUM(S25+U25+W25) -> 0 | Z25: =SUM(T25+V25+X25) -> 0 | AB25: =K25*AA25*$AB$2/1000 -> 0 | AD25: =K25*AC25*$AD$2/1000 -> 0 | AF25: =K25*AE25*$AF$2/1000 -> 0 | AG25: =SUM(AA25+AC25+AE25) -> 0 | AH25: =SUM(AB25+AD25+AF25) -> 0 | AI25: =SUM(Y25+AG25) -> 0 | AJ25: =SUM(Z25,AH25) -> 0 | AL25: =M25*AK25*$AL$2/1000 -> 0 | AN25: =M25*AM25*$AN$2/1000 -> 0 | AP25: =M25*AO25*$AP$2/1000 -> 0 | AQ25: =SUM(AK25+AM25+AO25) -> 0 | AR25: =SUM(AL25+AN25+AP25) -> 0 | AT25: =O25*AS25*$AT$2/1000 -> 0 | AV25: =O25*AU25*$AV$2/1000 -> 0 | AX25: =O25*AW25*$AX$2/1000 -> 0 | AY25: =SUM(AS25+AU25+AW25) -> 0 | AZ25: =SUM(AT25+AV25+AX25) -> 0 | BA25: =SUM(AQ25+AY25) -> 0 | BB25: =SUM(AR25,AZ25) -> 0
A26: 20 | E26: F32E6_CPN | F26: 1256A | G26: 구 | H26: SY | M26: 14.38 | O26: 14.38 | Q26: =SUM(AI26+BA26) -> 23.786 | R26: =SUM(AJ26+BB26) -> 450.40285 | T26: =I26*S26*$T$2/1000 -> 0 | V26: =I26*U26*$V$2/1000 -> 0 | X26: =I26*W26*$X$2/1000 -> 0 | Y26: =SUM(S26+U26+W26) -> 0 | Z26: =SUM(T26+V26+X26) -> 0 | AB26: =K26*AA26*$AB$2/1000 -> 0 | AD26: =K26*AC26*$AD$2/1000 -> 0 | AF26: =K26*AE26*$AF$2/1000 -> 0 | AG26: =SUM(AA26+AC26+AE26) -> 0 | AH26: =SUM(AB26+AD26+AF26) -> 0 | AI26: =SUM(Y26+AG26) -> 0 | AJ26: =SUM(Z26,AH26) -> 0 | AL26: =M26*AK26*$AL$2/1000 -> 0 | AM26: 0.12 | AN26: =M26*AM26*$AN$2/1000 -> 2.2826064 | AO26: 4.262 | AP26: =M26*AO26*$AP$2/1000 -> 81.745348 | AQ26: =SUM(AK26+AM26+AO26) -> 4.382 | AR26: =SUM(AL26+AN26+AP26) -> 84.027954 | AS26: 4.752 | AT26: =O26*AS26*$AT$2/1000 -> 92.299093 | AU26: 6.912 | AV26: =O26*AU26*$AV$2/1000 -> 129.35307 | AW26: 7.74 | AX26: =O26*AW26*$AX$2/1000 -> 144.72272 | AY26: =SUM(AS26+AU26+AW26) -> 19.404 | AZ26: =SUM(AT26+AV26+AX26) -> 366.37489 | BA26: =SUM(AQ26+AY26) -> 23.786 | BB26: =SUM(AR26,AZ26) -> 450.40285
A27: 21 | E27: F32E1P_RPN | F27: 882B | G27: 구 | H27: SY | I27: 9.73 | K27: 9.72 | M27: 9.72 | O27: 9.72 | Q27: =SUM(AI27+BA27) -> 69.224 | R27: =SUM(AJ27+BB27) -> 876.53863 | S27: 5.362 | T27: =I27*S27*$T$2/1000 -> 64.990463 | U27: 9.45 | V27: =I27*U27*$V$2/1000 -> 117.16262 | W27: 8.613 | X27: =I27*W27*$X$2/1000 -> 109.23329 | Y27: =SUM(S27+U27+W27) -> 23.425 | Z27: =SUM(T27+V27+X27) -> 291.38637 | AA27: 8.895 | AB27: =K27*AA27*$AB$2/1000 -> 114.41345 | AC27: 10.854 | AD27: =K27*AC27*$AD$2/1000 -> 140.00916 | AE27: 9.45 | AF27: =K27*AE27*$AF$2/1000 -> 119.43133 | AG27: =SUM(AA27+AC27+AE27) -> 29.199 | AH27: =SUM(AB27+AD27+AF27) -> 373.85394 | AI27: =SUM(Y27+AG27) -> 52.624 | AJ27: =SUM(Z27,AH27) -> 665.24031 | AK27: 5.206 | AL27: =M27*AK27*$AL$2/1000 -> 64.711765 | AM27: 7.641 | AN27: =M27*AM27*$AN$2/1000 -> 98.244301 | AO27: 1.863 | AP27: =M27*AO27*$AP$2/1000 -> 24.152931 | AQ27: =SUM(AK27+AM27+AO27) -> 14.71 | AR27: =SUM(AL27+AN27+AP27) -> 187.109 | AS27: 0.594 | AT27: =O27*AS27*$AT$2/1000 -> 7.7985673 | AU27: 0.999 | AV27: =O27*AU27*$AV$2/1000 -> 12.637055 | AW27: 0.297 | AX27: =O27*AW27*$AX$2/1000 -> 3.7537003 | AY27: =SUM(AS27+AU27+AW27) -> 1.89 | AZ27: =SUM(AT27+AV27+AX27) -> 24.189323 | BA27: =SUM(AQ27+AY27) -> 16.6 | BB27: =SUM(AR27,AZ27) -> 211.29832
A28: 22 | E28: 소 계 | Q28: =SUM(Q25:Q27) -> 93.01 | R28: =SUM(R25:R27) -> 1326.9415 | S28: =SUM(S25:S27) -> 5.362 | T28: =SUM(T25:T27) -> 64.990463 | U28: =SUM(U25:U27) -> 9.45 | V28: =SUM(V25:V27) -> 117.16262 | W28: =SUM(W25:W27) -> 8.613 | X28: =SUM(X25:X27) -> 109.23329 | ... BB28: =SUM(BB25:BB27) -> 661.70117
A29: 23 | C29: 제품계 | Q29: =+Q24+Q28 -> 288.669 | R29: =+R24+R28 -> 2670.7988 | S29: =+S24+S28 -> 9.73 | T29: =+T24+T28 -> 101.17427 | U29: =+U24+U28 -> 34.225 | V29: =+V24+V28 -> 286.00815 | W29: =+W24+W28 -> 27.001 | X29: =+X24+X28 -> 232.03055 | ... BB29: =+BB24+BB28 -> 1244.868
A30: 24 | C30: SMPS | D30: TV | E30: P32SF_FPN | F30: 844A | G30: 구 | H30: QD | I30: 5.6 | K30: 5.6 | M30: 5.6 | O30: 5.6 | Q30: =SUM(AI30+BA30) -> 0 | R30: =SUM(AJ30+BB30) -> 0 | T30: =I30*S30*$T$2/1000 -> 0 | V30: =I30*U30*$V$2/1000 -> 0 | X30: =I30*W30*$X$2/1000 -> 0 | Y30: =SUM(S30+U30+W30) -> 0 | Z30: =SUM(T30+V30+X30) -> 0 | AB30: =K30*AA30*$AB$2/1000 -> 0 | AD30: =K30*AC30*$AD$2/1000 -> 0 | AF30: =K30*AE30*$AF$2/1000 -> 0 | AG30: =SUM(AA30+AC30+AE30) -> 0 | AH30: =SUM(AB30+AD30+AF30) -> 0 | AI30: =SUM(Y30+AG30) -> 0 | AJ30: =SUM(Z30,AH30) -> 0 | AL30: =M30*AK30*$AL$2/1000 -> 0 | AN30: =M30*AM30*$AN$2/1000 -> 0 | AP30: =M30*AO30*$AP$2/1000 -> 0 | AQ30: =SUM(AK30+AM30+AO30) -> 0 | AR30: =SUM(AL30+AN30+AP30) -> 0 | AT30: =O30*AS30*$AT$2/1000 -> 0 | AV30: =O30*AU30*$AV$2/1000 -> 0 | AX30: =O30*AW30*$AX$2/1000 -> 0 | AY30: =SUM(AS30+AU30+AW30) -> 0 | AZ30: =SUM(AT30+AV30+AX30) -> 0 | BA30: =SUM(AQ30+AY30) -> 0 | BB30: =SUM(AR30,AZ30) -> 0
A31: 25 | E31: P32SFN_FPN | F31: 844B | G31: 구 | H31: QD | I31: 7.03 | K31: 7.03 | M31: 7.03 | O31: 7.03 | Q31: =SUM(AI31+BA31) -> 0 | R31: =SUM(AJ31+BB31) -> 0 | T31: =I31*S31*$T$2/1000 -> 0 | V31: =I31*U31*$V$2/1000 -> 0 | X31: =I31*W31*$X$2/1000 -> 0 | Y31: =SUM(S31+U31+W31) -> 0 | Z31: =SUM(T31+V31+X31) -> 0 | AB31: =K31*AA31*$AB$2/1000 -> 0 | AD31: =K31*AC31*$AD$2/1000 -> 0 | AF31: =K31*AE31*$AF$2/1000 -> 0 | AG31: =SUM(AA31+AC31+AE31) -> 0 | AH31: =SUM(AB31+AD31+AF31) -> 0 | AI31: =SUM(Y31+AG31) -> 0 | AJ31: =SUM(Z31,AH31) -> 0 | AL31: =M31*AK31*$AL$2/1000 -> 0 | AN31: =M31*AM31*$AN$2/1000 -> 0 | AP31: =M31*AO31*$AP$2/1000 -> 0 | AQ31: =SUM(AK31+AM31+AO31) -> 0 | AR31: =SUM(AL31+AN31+AP31) -> 0 | AT31: =O31*AS31*$AT$2/1000 -> 0 | AV31: =O31*AU31*$AV$2/1000 -> 0 | AX31: =O31*AW31*$AX$2/1000 -> 0 | AY31: =SUM(AS31+AU31+AW31) -> 0 | AZ31: =SUM(AT31+AV31+AX31) -> 0 | BA31: =SUM(AQ31+AY31) -> 0 | BB31: =SUM(AR31,AZ31) -> 0
A32: 26 | E32: P32MF_KPN | F32: 844C | G32: 구 | H32: QD | I32: 6.45 | K32: 6.45 | M32: 6.45 | O32: 6.45 | Q32: =SUM(AI32+BA32) -> 0 | R32: =SUM(AJ32+BB32) -> 0 | T32: =I32*S32*$T$2/1000 -> 0 | V32: =I32*U32*$V$2/1000 -> 0 | X32: =I32*W32*$X$2/1000 -> 0 | Y32: =SUM(S32+U32+W32) -> 0 | Z32: =SUM(T32+V32+X32) -> 0 | AB32: =K32*AA32*$AB$2/1000 -> 0 | AD32: =K32*AC32*$AD$2/1000 -> 0 | AF32: =K32*AE32*$AF$2/1000 -> 0 | AG32: =SUM(AA32+AC32+AE32) -> 0 | AH32: =SUM(AB32+AD32+AF32) -> 0 | AI32: =SUM(Y32+AG32) -> 0 | AJ32: =SUM(Z32,AH32) -> 0 | AL32: =M32*AK32*$AL$2/1000 -> 0 | AN32: =M32*AM32*$AN$2/1000 -> 0 | AP32: =M32*AO32*$AP$2/1000 -> 0 | AQ32: =SUM(AK32+AM32+AO32) -> 0 | AR32: =SUM(AL32+AN32+AP32) -> 0 | AT32: =O32*AS32*$AT$2/1000 -> 0 | AV32: =O32*AU32*$AV$2/1000 -> 0 | AX32: =O32*AW32*$AX$2/1000 -> 0 | AY32: =SUM(AS32+AU32+AW32) -> 0 | AZ32: =SUM(AT32+AV32+AX32) -> 0 | BA32: =SUM(AQ32+AY32) -> 0 | BB32: =SUM(AR32,AZ32) -> 0
A33: 27 | E33: P32SF_MPN | F33: 844D | G33: 구 | H33: QD | I33: 5.5 | K33: 5.5 | M33: 5.5 | O33: 5.5 | Q33: =SUM(AI33+BA33) -> 0 | R33: =SUM(AJ33+BB33) -> 0 | T33: =I33*S33*$T$2/1000 -> 0 | V33: =I33*U33*$V$2/1000 -> 0 | X33: =I33*W33*$X$2/1000 -> 0 | Y33: =SUM(S33+U33+W33) -> 0 | Z33: =SUM(T33+V33+X33) -> 0 | AB33: =K33*AA33*$AB$2/1000 -> 0 | AD33: =K33*AC33*$AD$2/1000 -> 0 | AF33: =K33*AE33*$AF$2/1000 -> 0 | AG33: =SUM(AA33+AC33+AE33) -> 0 | AH33: =SUM(AB33+AD33+AF33) -> 0 | AI33: =SUM(Y33+AG33) -> 0 | AJ33: =SUM(Z33,AH33) -> 0 | AL33: =M33*AK33*$AL$2/1000 -> 0 | AN33: =M33*AM33*$AN$2/1000 -> 0 | AP33: =M33*AO33*$AP$2/1000 -> 0 | AQ33: =SUM(AK33+AM33+AO33) -> 0 | AR33: =SUM(AL33+AN33+AP33) -> 0 | AT33: =O33*AS33*$AT$2/1000 -> 0 | AV33: =O33*AU33*$AV$2/1000 -> 0 | AX33: =O33*AW33*$AX$2/1000 -> 0 | AY33: =SUM(AS33+AU33+AW33) -> 0 | AZ33: =SUM(AT33+AV33+AX33) -> 0 | BA33: =SUM(AQ33+AY33) -> 0 | BB33: =SUM(AR33,AZ33) -> 0
A34: 28 | E34: P32SFN_MPN | F34: 844E | G34: 구 | H34: QD | I34: 5.95 | K34: 5.95 | M34: 5.95 | O34: 5.95 | Q34: =SUM(AI34+BA34) -> 0.1 | R34: =SUM(AJ34+BB34) -> 0.74118555 | S34: 0.1 | T34: =I34*S34*$T$2/1000 -> 0.74118555 | V34: =I34*U34*$V$2/1000 -> 0 | X34: =I34*W34*$X$2/1000 -> 0 | Y34: =SUM(S34+U34+W34) -> 0.1 | Z34: =SUM(T34+V34+X34) -> 0.74118555 | AB34: =K34*AA34*$AB$2/1000 -> 0 | AD34: =K34*AC34*$AD$2/1000 -> 0 | AF34: =K34*AE34*$AF$2/1000 -> 0 | AG34: =SUM(AA34+AC34+AE34) -> 0 | AH34: =SUM(AB34+AD34+AF34) -> 0 | AI34: =SUM(Y34+AG34) -> 0.1 | AJ34: =SUM(Z34,AH34) -> 0.74118555 | AL34: =M34*AK34*$AL$2/1000 -> 0 | AN34: =M34*AM34*$AN$2/1000 -> 0 | AP34: =M34*AO34*$AP$2/1000 -> 0 | AQ34: =SUM(AK34+AM34+AO34) -> 0 | AR34: =SUM(AL34+AN34+AP34) -> 0 | AT34: =O34*AS34*$AT$2/1000 -> 0 | AV34: =O34*AU34*$AV$2/1000 -> 0 | AX34: =O34*AW34*$AX$2/1000 -> 0 | AY34: =SUM(AS34+AU34+AW34) -> 0 | AZ34: =SUM(AT34+AV34+AX34) -> 0 | BA34: =SUM(AQ34+AY34) -> 0 | BB34: =SUM(AR34,AZ34) -> 0
A35: 29 | E35: P230NQ_NPN | F35: 933A | G35: 구 | H35: SY | I35: 18.7 | K35: 18.7 | M35: 18.7 | O35: 18.7 | Q35: =SUM(AI35+BA35) -> 0.396 | R35: =SUM(AJ35+BB35) -> 9.5059139 | S35: 0.126 | T35: =I35*S35*$T$2/1000 -> 2.9350948 | V35: =I35*U35*$V$2/1000 -> 0 | X35: =I35*W35*$X$2/1000 -> 0 | Y35: =SUM(S35+U35+W35) -> 0.126 | Z35: =SUM(T35,V35,X35) -> 2.9350948 | AB35: =K35*AA35*$AB$2/1000 -> 0 | AD35: =K35*AC35*$AD$2/1000 -> 0 | AF35: =K35*AE35*$AF$2/1000 -> 0 | AG35: =SUM(AA35+AC35+AE35) -> 0 | AH35: =SUM(AB35,AD35,AF35) -> 0 | AI35: =SUM(Y35+AG35) -> 0.126 | AJ35: =SUM(Z35,AH35) -> 2.9350948 | AL35: =M35*AK35*$AL$2/1000 -> 0 | AN35: =M35*AM35*$AN$2/1000 -> 0 | AP35: =M35*AO35*$AP$2/1000 -> 0 | AQ35: =SUM(AK35+AM35+AO35) -> 0 | AR35: =SUM(AL35,AN35,AP35) -> 0 | AT35: =O35*AS35*$AT$2/1000 -> 0 | AU35: 0.27 | AV35: =O35*AU35*$AV$2/1000 -> 6.5708191 | AX35: =O35*AW35*$AX$2/1000 -> 0 | AY35: =SUM(AS35+AU35+AW35) -> 0.27 | AZ35: =SUM(AT35,AV35,AX35) -> 6.5708191 | BA35: =SUM(AQ35+AY35) -> 0.27 | BB35: =SUM(AR35,AZ35) -> 6.5708191
A36: 31 | E36: P230NQ_TPN | F36: 1066B | G36: 구 | H36: SY | I36: 19.73 | K36: 19.72 | M36: 19.72 | O36: 19.72 | Q36: =SUM(AI36+BA36) -> 128.421 | R36: =SUM(AJ36+BB36) -> 3291.9751 | S36: 15.654 | T36: =I36*S36*$T$2/1000 -> 384.73562 | U36: 5.43 | V36: =I36*U36*$V$2/1000 -> 136.51216 | W36: 16.474 | X36: =I36*W36*$X$2/1000 -> 423.65649 | Y36: =SUM(S36+U36+W36) -> 37.558 | Z36: =SUM(T36,V36,X36) -> 944.90426 | AA36: 5.598 | AB36: =K36*AA36*$AB$2/1000 -> 146.08468 | AC36: 9.792 | AD36: =K36*AC36*$AD$2/1000 -> 256.25874 | AE36: 5.211 | AF36: =K36*AE36*$AF$2/1000 -> 133.61283 | AG36: =SUM(AA36+AC36+AE36) -> 20.601 | AH36: =SUM(AB36,AD36,AF36) -> 535.95626 | AI36: =SUM(Y36+AG36) -> 58.159 | AJ36: =SUM(Z36,AH36) -> 1480.8605 | AK36: 6.368 | AL36: =M36*AK36*$AL$2/1000 -> 160.59158 | AM36: 4.196 | AN36: =M36*AM36*$AN$2/1000 -> 109.45442 | AO36: 3.466 | AP36: =M36*AO36*$AP$2/1000 -> 91.16459 | AQ36: =SUM(AK36+AM36+AO36) -> 14.03 | AR36: =SUM(AL36,AN36,AP36) -> 361.21059 | AS36: 7.764 | AT36: =O36*AS36*$AT$2/1000 -> 206.80191 | AU36: 13.86 | AV36: =O36*AU36*$AV$2/1000 -> 355.70034 | AW36: 34.608 | AX36: =O36*AW36*$AX$2/1000 -> 887.40178 | AY36: =SUM(AS36+AU36+AW36) -> 56.232 | AZ36: =SUM(AT36,AV36,AX36) -> 1449.904 | BA36: =SUM(AQ36+AY36) -> 70.262 | BB36: =SUM(AR36,AZ36) -> 1811.1146
A37: 32 | E37: P270NQ_NPN | F37: 934A | G37: 구 | H37: SY | I37: 21.1 | K37: 21.1 | M37: 21.1 | O37: 21.1 | Q37: =SUM(AI37+BA37) -> 0.474 | R37: =SUM(AJ37+BB37) -> 12.70718 | S37: 0.27 | T37: =I37*S37*$T$2/1000 -> 7.0966959 | V37: =I37*U37*$V$2/1000 -> 0 | W37: 0.204 | X37: =I37*W37*$X$2/1000 -> 5.6104841 | Y37: =SUM(S37+U37+W37) -> 0.474 | Z37: =SUM(T37,V37,X37) -> 12.70718 | AB37: =K37*AA37*$AB$2/1000 -> 0 | AD37: =K37*AC37*$AD$2/1000 -> 0 | AF37: =K37*AE37*$AF$2/1000 -> 0 | AG37: =SUM(AA37+AC37+AE37) -> 0 | AH37: =SUM(AB37,AD37,AF37) -> 0 | AI37: =SUM(Y37+AG37) -> 0.474 | AJ37: =SUM(Z37,AH37) -> 12.70718 | AL37: =M37*AK37*$AL$2/1000 -> 0 | AN37: =M37*AM37*$AN$2/1000 -> 0 | AP37: =M37*AO37*$AP$2/1000 -> 0 | AQ37: =SUM(AK37+AM37+AO37) -> 0 | AR37: =SUM(AL37,AN37,AP37) -> 0 | AT37: =O37*AS37*$AT$2/1000 -> 0 | AV37: =O37*AU37*$AV$2/1000 -> 0 | AX37: =O37*AW37*$AX$2/1000 -> 0 | AY37: =SUM(AS37+AU37+AW37) -> 0 | AZ37: =SUM(AT37,AV37,AX37) -> 0 | BA37: =SUM(AQ37+AY37) -> 0 | BB37: =SUM(AR37,AZ37) -> 0
A38: 33 | E38: P270NQB_NPN | F38: 934B | G38: 구 | H38: SY | I38: 20.89 | K38: 20.89 | M38: 20.89 | O38: 20.89 | Q38: =SUM(AI38+BA38) -> 0.168 | R38: =SUM(AJ38+BB38) -> 4.371774 | S38: 0.168 | T38: =I38*S38*$T$2/1000 -> 4.371774 | V38: =I38*U38*$V$2/1000 -> 0 | X38: =I38*W38*$X$2/1000 -> 0 | Y38: =SUM(S38+U38+W38) -> 0.168 | Z38: =SUM(T38,V38,X38) -> 4.371774 | AB38: =K38*AA38*$AB$2/1000 -> 0 | AD38: =K38*AC38*$AD$2/1000 -> 0 | AF38: =K38*AE38*$AF$2/1000 -> 0 | AG38: =SUM(AA38+AC38+AE38) -> 0 | AH38: =SUM(AB38,AD38,AF38) -> 0 | AI38: =SUM(Y38+AG38) -> 0.168 | AJ38: =SUM(Z38,AH38) -> 4.371774 | AL38: =M38*AK38*$AL$2/1000 -> 0 | AN38: =M38*AM38*$AN$2/1000 -> 0 | AP38: =M38*AO38*$AP$2/1000 -> 0 | AQ38: =SUM(AK38+AM38+AO38) -> 0 | AR38: =SUM(AL38,AN38,AP38) -> 0 | AT38: =O38*AS38*$AT$2/1000 -> 0 | AV38: =O38*AU38*$AV$2/1000 -> 0 | AX38: =O38*AW38*$AX$2/1000 -> 0 | AY38: =SUM(AS38+AU38+AW38) -> 0 | AZ38: =SUM(AT38,AV38,AX38) -> 0 | BA38: =SUM(AQ38+AY38) -> 0 | BB38: =SUM(AR38,AZ38) -> 0
A39: 35 | E39: P270NQ_TPN | F39: 1066A | G39: 구 | H39: SY | I39: 21.72 | K39: 21.71 | M39: 21.71 | O39: 21.71 | Q39: =SUM(AI39+BA39) -> 61.064 | R39: =SUM(AJ39+BB39) -> 1729.4952 | S39: 5.22 | T39: =I39*S39*$T$2/1000 -> 141.23434 | U39: 2.322 | V39: =I39*U39*$V$2/1000 -> 64.263808 | W39: 0.856 | X39: =I39*W39*$X$2/1000 -> 24.233788 | Y39: =SUM(S39+U39+W39) -> 8.398 | Z39: =SUM(T39,V39,X39) -> 229.73193 | AA39: 2.544 | AB39: =K39*AA39*$AB$2/1000 -> 73.087281 | AC39: 6.468 | AD39: =K39*AC39*$AD$2/1000 -> 186.35035 | AE39: 0.876 | AF39: =K39*AE39*$AF$2/1000 -> 24.727722 | AG39: =SUM(AA39+AC39+AE39) -> 9.888 | AH39: =SUM(AB39,AD39,AF39) -> 284.16535 | AI39: =SUM(Y39+AG39) -> 18.286 | AJ39: =SUM(Z39,AH39) -> 513.89729 | AK39: 7.8 | AL39: =M39*AK39*$AL$2/1000 -> 216.55451 | AM39: 0.72 | AN39: =M39*AM39*$AN$2/1000 -> 20.676795 | AO39: 4.09 | AP39: =M39*AO39*$AP$2/1000 -> 118.4333 | AQ39: =SUM(AK39+AM39+AO39) -> 12.61 | AR39: =SUM(AL39,AN39,AP39) -> 355.66461 | AS39: 7.404 | AT39: =O39*AS39*$AT$2/1000 -> 217.11426 | AU39: 8.652 | AV39: =O39*AU39*$AV$2/1000 -> 244.45024 | AW39: 14.112 | AX39: =O39*AW39*$AX$2/1000 -> 398.36876 | AY39: =SUM(AS39+AU39+AW39) -> 30.168 | AZ39: =SUM(AT39,AV39,AX39) -> 859.93326 | BA39: =SUM(AQ39+AY39) -> 42.778 | BB39: =SUM(AR39,AZ39) -> 1215.5979
E40: P230NQ_TPN (CKD) | F40: 1066B | G40: 신 | H40: SY | I40: 18.75 | K40: 18.75 | M40: 18.75 | O40: 18.75 | Q40: =SUM(AI40+BA40) -> 7.704 | R40: =SUM(AJ40+BB40) -> 186.87911 | S40: 1.356 | T40: =I40*S40*$T$2/1000 -> 31.671668 | U40: 1.02 | V40: =I40*U40*$V$2/1000 -> 24.369457 | W40: 1.944 | X40: =I40*W40*$X$2/1000 -> 47.510023 | Y40: =SUM(S40+U40+W40) -> 4.32 | Z40: =SUM(T40+V40+X40) -> 103.55115 | AA40: 1.733 | AB40: =K40*AA40*$AB$2/1000 -> 42.999629 | AC40: 0.154 | AD40: =K40*AC40*$AD$2/1000 -> 3.8319724 | AE40: 1.393 | AF40: =K40*AE40*$AF$2/1000 -> 33.960382 | AG40: =SUM(AA40+AC40+AE40) -> 3.28 | AH40: =SUM(AB40+AD40+AF40) -> 80.791984 | AI40: =SUM(Y40+AG40) -> 7.6 | AJ40: =SUM(Z40,AH40) -> 184.34313 | AK40: 0.063 | AL40: =M40*AK40*$AL$2/1000 -> 1.5106179 | AN40: =M40*AM40*$AN$2/1000 -> 0 | AO40: 0.041 | AP40: =M40*AO40*$AP$2/1000 -> 1.0253588 | AQ40: =SUM(AK40+AM40+AO40) -> 0.104 | AR40: =SUM(AL40+AN40+AP40) -> 2.5359767 | AT40: =O40*AS40*$AT$2/1000 -> 0 | AV40: =O40*AU40*$AV$2/1000 -> 0 | AX40: =O40*AW40*$AX$2/1000 -> 0 | AY40: =SUM(AS40+AU40+AW40) -> 0 | AZ40: =SUM(AT40+AV40+AX40) -> 0 | BA40: =SUM(AQ40+AY40) -> 0.104 | BB40: =SUM(AR40,AZ40) -> 2.5359767
E41: P270NQ_TPN (CKD) | F41: 1066A | G41: 신 | H41: SY | I41: 20.64 | K41: 20.64 | M41: 20.64 | O41: 20.64 | Q41: =SUM(AI41+BA41) -> 0 | R41: =SUM(AJ41+BB41) -> 0 | T41: =I41*S41*$T$2/1000 -> 0 | V41: =I41*U41*$V$2/1000 -> 0 | X41: =I41*W41*$X$2/1000 -> 0 | Y41: =SUM(S41+U41+W41) -> 0 | Z41: =SUM(T41+V41+X41) -> 0 | AB41: =K41*AA41*$AB$2/1000 -> 0 | AD41: =K41*AC41*$AD$2/1000 -> 0 | AF41: =K41*AE41*$AF$2/1000 -> 0 | AG41: =SUM(AA41+AC41+AE41) -> 0 | AH41: =SUM(AB41+AD41+AF41) -> 0 | AI41: =SUM(Y41+AG41) -> 0 | AJ41: =SUM(Z41,AH41) -> 0 | AL41: =M41*AK41*$AL$2/1000 -> 0 | AN41: =M41*AM41*$AN$2/1000 -> 0 | AP41: =M41*AO41*$AP$2/1000 -> 0 | AQ41: =SUM(AK41+AM41+AO41) -> 0 | AR41: =SUM(AL41+AN41+AP41) -> 0 | AT41: =O41*AS41*$AT$2/1000 -> 0 | AV41: =O41*AU41*$AV$2/1000 -> 0 | AX41: =O41*AW41*$AX$2/1000 -> 0 | AY41: =SUM(AS41+AU41+AW41) -> 0 | AZ41: =SUM(AT41+AV41+AX41) -> 0 | BA41: =SUM(AQ41+AY41) -> 0 | BB41: =SUM(AR41,AZ41) -> 0
E42: P270NQ_APN | F42: 1066C | G42: 신 | H42: SY | I42: 25.09 | K42: 23.89 | M42: 23.89 | O42: 23.89 | Q42: =SUM(AI42+BA42) -> 263.394 | R42: =SUM(AJ42+BB42) -> 8278.3564 | S42: 46.44 | T42: =I42*S42*$T$2/1000 -> 1451.4526 | U42: 50.07 | V42: =I42*U42*$V$2/1000 -> 1600.7469 | W42: 12.96 | X42: =I42*W42*$X$2/1000 -> 423.83164 | Y42: =SUM(S42+U42+W42) -> 109.47 | Z42: =SUM(T42+V42+X42) -> 3476.0311 | AA42: 32.622 | AB42: =K42*AA42*$AB$2/1000 -> 1031.3157 | AC42: 35.952 | AD42: =K42*AC42*$AD$2/1000 -> 1139.8287 | AE42: 46.224 | AF42: =K42*AE42*$AF$2/1000 -> 1435.8328 | AG42: =SUM(AA42+AC42+AE42) -> 114.798 | AH42: =SUM(AB42+AD42+AF42) -> 3606.9771 | AI42: =SUM(Y42+AG42) -> 224.268 | AJ42: =SUM(Z42,AH42) -> 7083.0082 | AK42: 39.126 | AL42: =M42*AK42*$AL$2/1000 -> 1195.3482 | AN42: =M42*AM42*$AN$2/1000 -> 0 | AP42: =M42*AO42*$AP$2/1000 -> 0 | AQ42: =SUM(AK42+AM42+AO42) -> 39.126 | AR42: =SUM(AL42+AN42+AP42) -> 1195.3482 | AT42: =O42*AS42*$AT$2/1000 -> 0 | AV42: =O42*AU42*$AV$2/1000 -> 0 | AX42: =O42*AW42*$AX$2/1000 -> 0 | AY42: =SUM(AS42+AU42+AW42) -> 0 | AZ42: =SUM(AT42+AV42+AX42) -> 0 | BA42: =SUM(AQ42+AY42) -> 39.126 | BB42: =SUM(AR42,AZ42) -> 1195.3482
E43: P270NQ_APN | F43: 1066C | G43: 신 | H43: SY | M43: 23.17 | O43: 23.17 | Q43: =SUM(AI43+BA43) -> 94.468 | R43: =SUM(AJ43+BB43) -> 2896.0416 | T43: =I43*S43*$T$2/1000 -> 0 | V43: =I43*U43*$V$2/1000 -> 0 | X43: =I43*W43*$X$2/1000 -> 0 | Y43: =SUM(S43+U43+W43) -> 0 | Z43: =SUM(T43+V43+X43) -> 0 | AB43: =K43*AA43*$AB$2/1000 -> 0 | AD43: =K43*AC43*$AD$2/1000 -> 0 | AF43: =K43*AE43*$AF$2/1000 -> 0 | AG43: =SUM(AA43+AC43+AE43) -> 0 | AH43: =SUM(AB43+AD43+AF43) -> 0 | AI43: =SUM(Y43+AG43) -> 0 | AJ43: =SUM(Z43,AH43) -> 0 | AL43: =M43*AK43*$AL$2/1000 -> 0 | AM43: 37.224 | AN43: =M43*AM43*$AN$2/1000 -> 1140.88 | AO43: 29.072 | AP43: =M43*AO43*$AP$2/1000 -> 898.44533 | AQ43: =SUM(AK43+AM43+AO43) -> 66.296 | AR43: =SUM(AL43+AN43+AP43) -> 2039.3254 | AS43: 6.48 | AT43: =O43*AS43*$AT$2/1000 -> 202.79776 | AU43: 15.012 | AV43: =O43*AU43*$AV$2/1000 -> 452.66689 | AW43: 6.68 | AX43: =O43*AW43*$AX$2/1000 -> 201.25162 | AY43: =SUM(AS43+AU43+AW43) -> 28.172 | AZ43: =SUM(AT43+AV43+AX43) -> 856.71627 | BA43: =SUM(AQ43+AY43) -> 94.468 | BB43: =SUM(AR43,AZ43) -> 2896.0416
E44: P270NQ_APND | F44: 1066D | G44: 신 | H44: SY | I44: 25.09 | K44: 23.89 | M44: 23.89 | O44: 23.89 | Q44: =SUM(AI44+BA44) -> 125.172 | R44: =SUM(AJ44+BB44) -> 3933.5487 | S44: 16.2 | T44: =I44*S44*$T$2/1000 -> 506.32067 | U44: 7.818 | V44: =I44*U44*$V$2/1000 -> 249.94287 | W44: 18.397 | X44: =I44*W44*$X$2/1000 -> 601.63817 | Y44: =SUM(S44+U44+W44) -> 42.415 | Z44: =SUM(T44+V44+X44) -> 1357.9017 | AA44: 25.636 | AB44: =K44*AA44*$AB$2/1000 -> 810.45945 | AC44: 3.414 | AD44: =K44*AC44*$AD$2/1000 -> 108.23807 | AE44: 22.56 | AF44: =K44*AE44*$AF$2/1000 -> 700.76988 | AG44: =SUM(AA44+AC44+AE44) -> 51.61 | AH44: =SUM(AB44+AD44+AF44) -> 1619.4674 | AI44: =SUM(Y44+AG44) -> 94.025 | AJ44: =SUM(Z44,AH44) -> 2977.3691 | AK44: 26.767 | AL44: =M44*AK44*$AL$2/1000 -> 817.76527 | AM44: 4.38 | AN44: =M44*AM44*$AN$2/1000 -> 138.41436 | AP44: =M44*AO44*$AP$2/1000 -> 0 | AQ44: =SUM(AK44+AM44+AO44) -> 31.147 | AR44: =SUM(AL44+AN44+AP44) -> 956.17964 | AT44: =O44*AS44*$AT$2/1000 -> 0 | AV44: =O44*AU44*$AV$2/1000 -> 0 | AX44: =O44*AW44*$AX$2/1000 -> 0 | AY44: =SUM(AS44+AU44+AW44) -> 0 | AZ44: =SUM(AT44+AV44+AX44) -> 0 | BA44: =SUM(AQ44+AY44) -> 31.147 | BB44: =SUM(AR44,AZ44) -> 956.17964
E45: P270NQ_APND | F45: 1066D | G45: 신 | H45: SY | M45: 23.17 | O45: 23.17 | Q45: =SUM(AI45+BA45) -> 52.208 | R45: =SUM(AJ45+BB45) -> 1603.5908 | T45: =I45*S45*$T$2/1000 -> 0 | V45: =I45*U45*$V$2/1000 -> 0 | X45: =I45*W45*$X$2/1000 -> 0 | Y45: =SUM(S45+U45+W45) -> 0 | Z45: =SUM(T45+V45+X45) -> 0 | AB45: =K45*AA45*$AB$2/1000 -> 0 | AD45: =K45*AC45*$AD$2/1000 -> 0 | AF45: =K45*AE45*$AF$2/1000 -> 0 | AG45: =SUM(AA45+AC45+AE45) -> 0 | AH45: =SUM(AB45+AD45+AF45) -> 0 | AI45: =SUM(Y45+AG45) -> 0 | AJ45: =SUM(Z45,AH45) -> 0 | AL45: =M45*AK45*$AL$2/1000 -> 0 | AM45: 19.38 | AN45: =M45*AM45*$AN$2/1000 -> 593.97848 | AO45: 8.259 | AP45: =M45*AO45*$AP$2/1000 -> 255.23734 | AQ45: =SUM(AK45+AM45+AO45) -> 27.639 | AR45: =SUM(AL45+AN45+AP45) -> 849.21582 | AS45: 12.006 | AT45: =O45*AS45*$AT$2/1000 -> 375.73918 | AU45: 5.508 | AV45: =O45*AU45*$AV$2/1000 -> 166.08641 | AW45: 7.055 | AX45: =O45*AW45*$AX$2/1000 -> 212.54943 | AY45: =SUM(AS45+AU45+AW45) -> 24.569 | AZ45: =SUM(AT45+AV45+AX45) -> 754.37502 | BA45: =SUM(AQ45+AY45) -> 52.208 | BB45: =SUM(AR45,AZ45) -> 1603.5908
A46: 36 | E46: L55SA8NA_APN | F46: 1114A | G46: 신 | H46: SY | I46: 29.23 | K46: 29.23 | M46: 29.23 | O46: 29.23 | Q46: =SUM(AI46+BA46) -> 2.165 | R46: =SUM(AJ46+BB46) -> 83.138798 | S46: 0.02 | T46: =I46*S46*$T$2/1000 -> 0.72823037 | U46: 0.145 | V46: =I46*U46*$V$2/1000 -> 5.4005903 | W46: 0.6 | X46: =I46*W46*$X$2/1000 -> 22.859555 | Y46: =SUM(S46+U46+W46) -> 0.765 | Z46: =SUM(T46,V46,X46) -> 28.988376 | AA46: 1.24 | AB46: =K46*AA46*$AB$2/1000 -> 47.963998 | AD46: =K46*AC46*$AD$2/1000 -> 0 | AF46: =K46*AE46*$AF$2/1000 -> 0 | AG46: =SUM(AA46+AC46+AE46) -> 1.24 | AH46: =SUM(AB46,AD46,AF46) -> 47.963998 | AI46: =SUM(Y46+AG46) -> 2.005 | AJ46: =SUM(Z46,AH46) -> 76.952374 | AL46: =M46*AK46*$AL$2/1000 -> 0 | AM46: 0.16 | AN46: =M46*AM46*$AN$2/1000 -> 6.1864243 | AP46: =M46*AO46*$AP$2/1000 -> 0 | AQ46: =SUM(AK46+AM46+AO46) -> 0.16 | AR46: =SUM(AL46,AN46,AP46) -> 6.1864243 | AT46: =O46*AS46*$AT$2/1000 -> 0 | AV46: =O46*AU46*$AV$2/1000 -> 0 | AX46: =O46*AW46*$AX$2/1000 -> 0 | AY46: =SUM(AS46+AU46+AW46) -> 0 | AZ46: =SUM(AT46,AV46,AX46) -> 0 | BA46: =SUM(AQ46+AY46) -> 0.16 | BB46: =SUM(AR46,AZ46) -> 6.1864243
A47: 37 | E47: L55SA9NA_APN | F47: 1114B | G47: 신 | H47: SY | I47: 31.67 | K47: 31.67 | M47: 31.67 | O47: 31.67 | Q47: =SUM(AI47+BA47) -> 2.825 | R47: =SUM(AJ47+BB47) -> 116.88513 | T47: =I47*S47*$T$2/1000 -> 0 | V47: =I47*U47*$V$2/1000 -> 0 | W47: 2.28 | X47: =I47*W47*$X$2/1000 -> 94.117552 | Y47: =SUM(S47+U47+W47) -> 2.28 | Z47: =SUM(T47,V47,X47) -> 94.117552 | AA47: 0.445 | AB47: =K47*AA47*$AB$2/1000 -> 18.649747 | AD47: =K47*AC47*$AD$2/1000 -> 0 | AE47: 0.1 | AF47: =K47*AE47*$AF$2/1000 -> 4.1178284 | AG47: =SUM(AA47+AC47+AE47) -> 0.545 | AH47: =SUM(AB47,AD47,AF47) -> 22.767576 | AI47: =SUM(Y47+AG47) -> 2.825 | AJ47: =SUM(Z47,AH47) -> 116.88513 | AL47: =M47*AK47*$AL$2/1000 -> 0 | AN47: =M47*AM47*$AN$2/1000 -> 0 | AP47: =M47*AO47*$AP$2/1000 -> 0 | AQ47: =SUM(AK47+AM47+AO47) -> 0 | AR47: =SUM(AL47,AN47,AP47) -> 0 | AT47: =O47*AS47*$AT$2/1000 -> 0 | AV47: =O47*AU47*$AV$2/1000 -> 0 | AX47: =O47*AW47*$AX$2/1000 -> 0 | AY47: =SUM(AS47+AU47+AW47) -> 0 | AZ47: =SUM(AT47,AV47,AX47) -> 0 | BA47: =SUM(AQ47+AY47) -> 0 | BB47: =SUM(AR47,AZ47) -> 0
A48: 38 | E48: P55SA9N_APN | F48: 1123A | G48: 신 | H48: SY | I48: 30.33 | K48: 30.33 | M48: 30.33 | O48: 30.33 | Q48: =SUM(AI48+BA48) -> 0.4 | R48: =SUM(AJ48+BB48) -> 15.813213 | T48: =I48*S48*$T$2/1000 -> 0 | V48: =I48*U48*$V$2/1000 -> 0 | W48: 0.4 | X48: =I48*W48*$X$2/1000 -> 15.813213 | Y48: =SUM(S48+U48+W48) -> 0.4 | Z48: =SUM(T48,V48,X48) -> 15.813213 | AB48: =K48*AA48*$AB$2/1000 -> 0 | AD48: =K48*AC48*$AD$2/1000 -> 0 | AF48: =K48*AE48*$AF$2/1000 -> 0 | AG48: =SUM(AA48+AC48+AE48) -> 0 | AH48: =SUM(AB48,AD48,AF48) -> 0 | AI48: =SUM(Y48+AG48) -> 0.4 | AJ48: =SUM(Z48,AH48) -> 15.813213 | AL48: =M48*AK48*$AL$2/1000 -> 0 | AN48: =M48*AM48*$AN$2/1000 -> 0 | AP48: =M48*AO48*$AP$2/1000 -> 0 | AQ48: =SUM(AK48+AM48+AO48) -> 0 | AR48: =SUM(AL48,AN48,AP48) -> 0 | AT48: =O48*AS48*$AT$2/1000 -> 0 | AV48: =O48*AU48*$AV$2/1000 -> 0 | AX48: =O48*AW48*$AX$2/1000 -> 0 | AY48: =SUM(AS48+AU48+AW48) -> 0 | AZ48: =SUM(AT48,AV48,AX48) -> 0 | BA48: =SUM(AQ48+AY48) -> 0 | BB48: =SUM(AR48,AZ48) -> 0
A49: 27 | E49: L43F7_DPN | F49: 1117C | G49: 구 | H49: SY | I49: 5.5 | K49: 5.5 | M49: 5.5 | O49: 10.61 | Q49: =SUM(AI49+BA49) -> 7.916 | R49: =SUM(AJ49+BB49) -> 109.33332 | T49: =I49*S49*$T$2/1000 -> 0 | V49: =I49*U49*$V$2/1000 -> 0 | X49: =I49*W49*$X$2/1000 -> 0 | Y49: =SUM(S49+U49+W49) -> 0 | Z49: =SUM(T49+V49+X49) -> 0 | AB49: =K49*AA49*$AB$2/1000 -> 0 | AD49: =K49*AC49*$AD$2/1000 -> 0 | AF49: =K49*AE49*$AF$2/1000 -> 0 | AG49: =SUM(AA49+AC49+AE49) -> 0 | AH49: =SUM(AB49+AD49+AF49) -> 0 | AI49: =SUM(Y49+AG49) -> 0 | AJ49: =SUM(Z49,AH49) -> 0 | AL49: =M49*AK49*$AL$2/1000 -> 0 | AN49: =M49*AM49*$AN$2/1000 -> 0 | AP49: =M49*AO49*$AP$2/1000 -> 0 | AQ49: =SUM(AK49+AM49+AO49) -> 0 | AR49: =SUM(AL49+AN49+AP49) -> 0 | AS49: 0.182 | AT49: =O49*AS49*$AT$2/1000 -> 2.608248 | AU49: 2.255 | AV49: =O49*AU49*$AV$2/1000 -> 31.13695 | AW49: 5.479 | AX49: =O49*AW49*$AX$2/1000 -> 75.588124 | AY49: =SUM(AS49+AU49+AW49) -> 7.916 | AZ49: =SUM(AT49+AV49+AX49) -> 109.33332 | BA49: =SUM(AQ49+AY49) -> 7.916 | BB49: =SUM(AR49,AZ49) -> 109.33332
A50: 26 | E50: L50F7_DPN | F50: 1118C | G50: 구 | H50: SY | M50: 10.83 | O50: 10.83 | Q50: =SUM(AI50+BA50) -> 9.034 | R50: =SUM(AJ50+BB50) -> 127.32975 | T50: =I50*S50*$T$2/1000 -> 0 | V50: =I50*U50*$V$2/1000 -> 0 | X50: =I50*W50*$X$2/1000 -> 0 | Y50: =SUM(S50+U50+W50) -> 0 | Z50: =SUM(T50+V50+X50) -> 0 | AB50: =K50*AA50*$AB$2/1000 -> 0 | AD50: =K50*AC50*$AD$2/1000 -> 0 | AF50: =K50*AE50*$AF$2/1000 -> 0 | AG50: =SUM(AA50+AC50+AE50) -> 0 | AH50: =SUM(AB50+AD50+AF50) -> 0 | AI50: =SUM(Y50+AG50) -> 0 | AJ50: =SUM(Z50,AH50) -> 0 | AL50: =M50*AK50*$AL$2/1000 -> 0 | AN50: =M50*AM50*$AN$2/1000 -> 0 | AO50: 0.005 | AP50: =M50*AO50*$AP$2/1000 -> 0.07222527 | AQ50: =SUM(AK50+AM50+AO50) -> 0.005 | AR50: =SUM(AL50+AN50+AP50) -> 0.07222527 | AS50: 0.145 | AT50: =O50*AS50*$AT$2/1000 -> 2.1210874 | AU50: 2.587 | AV50: =O50*AU50*$AV$2/1000 -> 36.461877 | AW50: 6.297 | AX50: =O50*AW50*$AX$2/1000 -> 88.674558 | AY50: =SUM(AS50+AU50+AW50) -> 9.029 | AZ50: =SUM(AT50+AV50+AX50) -> 127.25752 | BA50: =SUM(AQ50+AY50) -> 9.034 | BB50: =SUM(AR50,AZ50) -> 127.32975
A51: 27 | E51: L55F8_DPN | F51: 1119C | G51: 구 | H51: SY | M51: 11.8 | O51: 11.8 | Q51: =SUM(AI51+BA51) -> 25.917 | R51: =SUM(AJ51+BB51) -> 397.79553 | T51: =I51*S51*$T$2/1000 -> 0 | V51: =I51*U51*$V$2/1000 -> 0 | X51: =I51*W51*$X$2/1000 -> 0 | Y51: =SUM(S51+U51+W51) -> 0 | Z51: =SUM(T51+V51+X51) -> 0 | AB51: =K51*AA51*$AB$2/1000 -> 0 | AD51: =K51*AC51*$AD$2/1000 -> 0 | AF51: =K51*AE51*$AF$2/1000 -> 0 | AG51: =SUM(AA51+AC51+AE51) -> 0 | AH51: =SUM(AB51+AD51+AF51) -> 0 | AI51: =SUM(Y51+AG51) -> 0 | AJ51: =SUM(Z51,AH51) -> 0 | AL51: =M51*AK51*$AL$2/1000 -> 0 | AN51: =M51*AM51*$AN$2/1000 -> 0 | AO51: 0.107 | AP51: =M51*AO51*$AP$2/1000 -> 1.6840559 | AQ51: =SUM(AK51+AM51+AO51) -> 0.107 | AR51: =SUM(AL51+AN51+AP51) -> 1.6840559 | AS51: 0.063 | AT51: =O51*AS51*$AT$2/1000 -> 1.0041178 | AU51: 4.748 | AV51: =O51*AU51*$AV$2/1000 -> 72.913317 | AW51: 20.999 | AX51: =O51*AW51*$AX$2/1000 -> 322.19404 | AY51: =SUM(AS51+AU51+AW51) -> 25.81 | AZ51: =SUM(AT51+AV51+AX51) -> 396.11148 | BA51: =SUM(AQ51+AY51) -> 25.917 | BB51: =SUM(AR51,AZ51) -> 397.79553
E52: L43S6_DVD | G52: 신 | H52: SY | O52: 7.99 | Q52: =SUM(AI52+BA52) -> 24.316 | R52: =SUM(AJ52+BB52) -> 252.6255 | T52: =I52*S52*$T$2/1000 -> 0 | V52: =I52*U52*$V$2/1000 -> 0 | X52: =I52*W52*$X$2/1000 -> 0 | Y52: =SUM(S52+U52+W52) -> 0 | Z52: =SUM(T52+V52+X52) -> 0 | AB52: =K52*AA52*$AB$2/1000 -> 0 | AD52: =K52*AC52*$AD$2/1000 -> 0 | AF52: =K52*AE52*$AF$2/1000 -> 0 | AG52: =SUM(AA52+AC52+AE52) -> 0 | AH52: =SUM(AB52+AD52+AF52) -> 0 | AI52: =SUM(Y52+AG52) -> 0 | AJ52: =SUM(Z52,AH52) -> 0 | AL52: =M52*AK52*$AL$2/1000 -> 0 | AN52: =M52*AM52*$AN$2/1000 -> 0 | AP52: =M52*AO52*$AP$2/1000 -> 0 | AQ52: =SUM(AK52+AM52+AO52) -> 0 | AR52: =SUM(AL52+AN52+AP52) -> 0 | AT52: =O52*AS52*$AT$2/1000 -> 0 | AU52: 0.089 | AV52: =O52*AU52*$AV$2/1000 -> 0.92544567 | AW52: 24.227 | AX52: =O52*AW52*$AX$2/1000 -> 251.70005 | AY52: =SUM(AS52+AU52+AW52) -> 24.316 | AZ52: =SUM(AT52+AV52+AX52) -> 252.6255 | BA52: =SUM(AQ52+AY52) -> 24.316 | BB52: =SUM(AR52,AZ52) -> 252.6255
E53: L43S6N_DVD | G53: 신 | H53: SY | O53: 8.39 | Q53: =SUM(AI53+BA53) -> 0.031 | R53: =SUM(AJ53+BB53) -> 0.33848373 | T53: =I53*S53*$T$2/1000 -> 0 | V53: =I53*U53*$V$2/1000 -> 0 | X53: =I53*W53*$X$2/1000 -> 0 | Y53: =SUM(S53+U53+W53) -> 0 | Z53: =SUM(T53+V53+X53) -> 0 | AB53: =K53*AA53*$AB$2/1000 -> 0 | AD53: =K53*AC53*$AD$2/1000 -> 0 | AF53: =K53*AE53*$AF$2/1000 -> 0 | AG53: =SUM(AA53+AC53+AE53) -> 0 | AH53: =SUM(AB53+AD53+AF53) -> 0 | AI53: =SUM(Y53+AG53) -> 0 | AJ53: =SUM(Z53,AH53) -> 0 | AL53: =M53*AK53*$AL$2/1000 -> 0 | AN53: =M53*AM53*$AN$2/1000 -> 0 | AP53: =M53*AO53*$AP$2/1000 -> 0 | AQ53: =SUM(AK53+AM53+AO53) -> 0 | AR53: =SUM(AL53+AN53+AP53) -> 0 | AT53: =O53*AS53*$AT$2/1000 -> 0 | AU53: 0.031 | AV53: =O53*AU53*$AV$2/1000 -> 0.33848373 | AX53: =O53*AW53*$AX$2/1000 -> 0 | AY53: =SUM(AS53+AU53+AW53) -> 0.031 | AZ53: =SUM(AT53+AV53+AX53) -> 0.33848373 | BA53: =SUM(AQ53+AY53) -> 0.031 | BB53: =SUM(AR53,AZ53) -> 0.33848373
E54: L55S6_DVD | G54: 신 | H54: SY | O54: 8.94 | Q54: =SUM(AI54+BA54) -> 36.705 | R54: =SUM(AJ54+BB54) -> 427.1216 | T54: =I54*S54*$T$2/1000 -> 0 | V54: =I54*U54*$V$2/1000 -> 0 | X54: =I54*W54*$X$2/1000 -> 0 | Y54: =SUM(S54+U54+W54) -> 0 | Z54: =SUM(T54+V54+X54) -> 0 | AB54: =K54*AA54*$AB$2/1000 -> 0 | AD54: =K54*AC54*$AD$2/1000 -> 0 | AF54: =K54*AE54*$AF$2/1000 -> 0 | AG54: =SUM(AA54+AC54+AE54) -> 0 | AH54: =SUM(AB54+AD54+AF54) -> 0 | AI54: =SUM(Y54+AG54) -> 0 | AJ54: =SUM(Z54,AH54) -> 0 | AL54: =M54*AK54*$AL$2/1000 -> 0 | AN54: =M54*AM54*$AN$2/1000 -> 0 | AP54: =M54*AO54*$AP$2/1000 -> 0 | AQ54: =SUM(AK54+AM54+AO54) -> 0 | AR54: =SUM(AL54+AN54+AP54) -> 0 | AS54: 0.98 | AT54: =O54*AS54*$AT$2/1000 -> 11.83384 | AU54: =0.029+0.207 -> 0.236 | AV54: =O54*AU54*$AV$2/1000 -> 2.7457669 | AW54: 35.489 | AX54: =O54*AW54*$AX$2/1000 -> 412.54199 | AY54: =SUM(AS54+AU54+AW54) -> 36.705 | AZ54: =SUM(AT54+AV54+AX54) -> 427.1216 | BA54: =SUM(AQ54+AY54) -> 36.705 | BB54: =SUM(AR54,AZ54) -> 427.1216
E55: L65S6_DVD | O55: 9.86 | Q55: =SUM(AI55+BA55) -> 15.188 | R55: =SUM(AJ55+BB55) -> 194.72172 | T55: =I55*S55*$T$2/1000 -> 0 | V55: =I55*U55*$V$2/1000 -> 0 | X55: =I55*W55*$X$2/1000 -> 0 | Y55: =SUM(S55+U55+W55) -> 0 | Z55: =SUM(T55+V55+X55) -> 0 | AB55: =K55*AA55*$AB$2/1000 -> 0 | AD55: =K55*AC55*$AD$2/1000 -> 0 | AF55: =K55*AE55*$AF$2/1000 -> 0 | AG55: =SUM(AA55+AC55+AE55) -> 0 | AH55: =SUM(AB55+AD55+AF55) -> 0 | AI55: =SUM(Y55+AG55) -> 0 | AJ55: =SUM(Z55,AH55) -> 0 | AL55: =M55*AK55*$AL$2/1000 -> 0 | AN55: =M55*AM55*$AN$2/1000 -> 0 | AP55: =M55*AO55*$AP$2/1000 -> 0 | AQ55: =SUM(AK55+AM55+AO55) -> 0 | AR55: =SUM(AL55+AN55+AP55) -> 0 | AT55: =O55*AS55*$AT$2/1000 -> 0 | AV55: =O55*AU55*$AV$2/1000 -> 0 | AW55: 15.188 | AX55: =O55*AW55*$AX$2/1000 -> 194.72172 | AY55: =SUM(AS55+AU55+AW55) -> 15.188 | AZ55: =SUM(AT55+AV55+AX55) -> 194.72172 | BA55: =SUM(AQ55+AY55) -> 15.188 | BB55: =SUM(AR55,AZ55) -> 194.72172
E56: L65S6N_DVD | G56: 신 | H56: SY | O56: 9.86 | Q56: =SUM(AI56+BA56) -> 0.721 | R56: =SUM(AJ56+BB56) -> 9.5434606 | T56: =I56*S56*$T$2/1000 -> 0 | V56: =I56*U56*$V$2/1000 -> 0 | X56: =I56*W56*$X$2/1000 -> 0 | Y56: =SUM(S56+U56+W56) -> 0 | Z56: =SUM(T56+V56+X56) -> 0 | AB56: =K56*AA56*$AB$2/1000 -> 0 | AD56: =K56*AC56*$AD$2/1000 -> 0 | AF56: =K56*AE56*$AF$2/1000 -> 0 | AG56: =SUM(AA56+AC56+AE56) -> 0 | AH56: =SUM(AB56+AD56+AF56) -> 0 | AI56: =SUM(Y56+AG56) -> 0 | AJ56: =SUM(Z56,AH56) -> 0 | AL56: =M56*AK56*$AL$2/1000 -> 0 | AN56: =M56*AM56*$AN$2/1000 -> 0 | AP56: =M56*AO56*$AP$2/1000 -> 0 | AQ56: =SUM(AK56+AM56+AO56) -> 0 | AR56: =SUM(AL56+AN56+AP56) -> 0 | AS56: 0.6 | AT56: =O56*AS56*$AT$2/1000 -> 7.9908004 | AU56: =0.027+0.094 -> 0.121 | AV56: =O56*AU56*$AV$2/1000 -> 1.5526602 | AX56: =O56*AW56*$AX$2/1000 -> 0 | AY56: =SUM(AS56+AU56+AW56) -> 0.721 | AZ56: =SUM(AT56+AV56+AX56) -> 9.5434606 | BA56: =SUM(AQ56+AY56) -> 0.721 | BB56: =SUM(AR56,AZ56) -> 9.5434606
E57: L75S6N_DVD | G57: 신 | H57: SY | O57: 12.94 | Q57: =SUM(AI57+BA57) -> 5.242 | R57: =SUM(AJ57+BB57) -> 88.493571 | T57: =I57*S57*$T$2/1000 -> 0 | V57: =I57*U57*$V$2/1000 -> 0 | X57: =I57*W57*$X$2/1000 -> 0 | Y57: =SUM(S57+U57+W57) -> 0 | Z57: =SUM(T57+V57+X57) -> 0 | AB57: =K57*AA57*$AB$2/1000 -> 0 | AD57: =K57*AC57*$AD$2/1000 -> 0 | AF57: =K57*AE57*$AF$2/1000 -> 0 | AG57: =SUM(AA57+AC57+AE57) -> 0 | AH57: =SUM(AB57+AD57+AF57) -> 0 | AI57: =SUM(Y57+AG57) -> 0 | AJ57: =SUM(Z57,AH57) -> 0 | AL57: =M57*AK57*$AL$2/1000 -> 0 | AN57: =M57*AM57*$AN$2/1000 -> 0 | AP57: =M57*AO57*$AP$2/1000 -> 0 | AQ57: =SUM(AK57+AM57+AO57) -> 0 | AR57: =SUM(AL57+AN57+AP57) -> 0 | AS57: 0.45 | AT57: =O57*AS57*$AT$2/1000 -> 7.8651843 | AV57: =O57*AU57*$AV$2/1000 -> 0 | AW57: =0.025+4.767 -> 4.792 | AX57: =O57*AW57*$AX$2/1000 -> 80.628386 | AY57: =SUM(AS57+AU57+AW57) -> 5.242 | AZ57: =SUM(AT57+AV57+AX57) -> 88.493571 | BA57: =SUM(AQ57+AY57) -> 5.242 | BB57: =SUM(AR57,AZ57) -> 88.493571
E58: L85S6N_DVD | G58: 신 | H58: SY | O58: 17.22 | Q58: =SUM(AI58+BA58) -> 0.33 | R58: =SUM(AJ58+BB58) -> 7.6494925 | T58: =I58*S58*$T$2/1000 -> 0 | V58: =I58*U58*$V$2/1000 -> 0 | X58: =I58*W58*$X$2/1000 -> 0 | Y58: =SUM(S58+U58+W58) -> 0 | Z58: =SUM(T58+V58+X58) -> 0 | AB58: =K58*AA58*$AB$2/1000 -> 0 | AD58: =K58*AC58*$AD$2/1000 -> 0 | AF58: =K58*AE58*$AF$2/1000 -> 0 | AG58: =SUM(AA58+AC58+AE58) -> 0 | AH58: =SUM(AB58+AD58+AF58) -> 0 | AI58: =SUM(Y58+AG58) -> 0 | AJ58: =SUM(Z58,AH58) -> 0 | AL58: =M58*AK58*$AL$2/1000 -> 0 | AN58: =M58*AM58*$AN$2/1000 -> 0 | AP58: =M58*AO58*$AP$2/1000 -> 0 | AQ58: =SUM(AK58+AM58+AO58) -> 0 | AR58: =SUM(AL58+AN58+AP58) -> 0 | AS58: 0.3 | AT58: =O58*AS58*$AT$2/1000 -> 6.9777679 | AV58: =O58*AU58*$AV$2/1000 -> 0 | AW58: =0.015+0.015 -> 0.03 | AX58: =O58*AW58*$AX$2/1000 -> 0.67172465 | AY58: =SUM(AS58+AU58+AW58) -> 0.33 | AZ58: =SUM(AT58+AV58+AX58) -> 7.6494925 | BA58: =SUM(AQ58+AY58) -> 0.33 | BB58: =SUM(AR58,AZ58) -> 7.6494925
A59: 39 | E59: 소 계 | Q59: =SUM(Q30:Q58) -> 864.359 | R59: =SUM(R30:R58) -> 23778.003 | S59: =SUM(S30:S58) -> 85.554 | T59: =SUM(T30:T58) -> 2531.2878 | U59: =SUM(U30:U58) -> 66.805 | V59: =SUM(V30:V58) -> 2081.2358 | W59: =SUM(W30:W58) -> 54.115 | X59: =SUM(X30:X58) -> 1659.2709 | ... BB59: =SUM(BB30:BB58) -> 11308.118
A60: 40 | D60: MNT | E60: SD25 | F60: 749A | G60: 구 | H60: SY | I60: 2.61 | K60: 2.61 | M60: 2.61 | O60: 2.61 | Q60: =SUM(AI60+BA60) -> 0 | R60: =SUM(AJ60+BB60) -> 0 | T60: =I60*S60*$T$2/1000 -> 0 | V60: =I60*U60*$V$2/1000 -> 0 | X60: =I60*W60*$X$2/1000 -> 0 | Y60: =SUM(S60+U60+W60) -> 0 | Z60: =SUM(T60+V60+X60) -> 0 | AB60: =K60*AA60*$AB$2/1000 -> 0 | AD60: =K60*AC60*$AD$2/1000 -> 0 | AF60: =K60*AE60*$AF$2/1000 -> 0 | AG60: =SUM(AA60+AC60+AE60) -> 0 | AH60: =SUM(AB60+AD60+AF60) -> 0 | AI60: =SUM(Y60+AG60) -> 0 | AJ60: =SUM(Z60,AH60) -> 0 | AL60: =M60*AK60*$AL$2/1000 -> 0 | AN60: =M60*AM60*$AN$2/1000 -> 0 | AP60: =M60*AO60*$AP$2/1000 -> 0 | AQ60: =SUM(AK60+AM60+AO60) -> 0 | AR60: =SUM(AL60+AN60+AP60) -> 0 | AT60: =O60*AS60*$AT$2/1000 -> 0 | AV60: =O60*AU60*$AV$2/1000 -> 0 | AX60: =O60*AW60*$AX$2/1000 -> 0 | AY60: =SUM(AS60+AU60+AW60) -> 0 | AZ60: =SUM(AT60+AV60+AX60) -> 0 | BA60: =SUM(AQ60+AY60) -> 0 | BB60: =SUM(AR60,AZ60) -> 0
A61: 41 | E61: SD25 C | F61: 749C | G61: 구 | H61: SY | I61: 2.76 | K61: 2.76 | M61: 2.76 | O61: 2.76 | Q61: =SUM(AI61+BA61) -> 0 | R61: =SUM(AJ61+BB61) -> 0 | T61: =I61*S61*$T$2/1000 -> 0 | V61: =I61*U61*$V$2/1000 -> 0 | X61: =I61*W61*$X$2/1000 -> 0 | Y61: =SUM(S61+U61+W61) -> 0 | Z61: =SUM(T61+V61+X61) -> 0 | AB61: =K61*AA61*$AB$2/1000 -> 0 | AD61: =K61*AC61*$AD$2/1000 -> 0 | AF61: =K61*AE61*$AF$2/1000 -> 0 | AG61: =SUM(AA61+AC61+AE61) -> 0 | AH61: =SUM(AB61+AD61+AF61) -> 0 | AI61: =SUM(Y61+AG61) -> 0 | AJ61: =SUM(Z61,AH61) -> 0 | AL61: =M61*AK61*$AL$2/1000 -> 0 | AN61: =M61*AM61*$AN$2/1000 -> 0 | AP61: =M61*AO61*$AP$2/1000 -> 0 | AQ61: =SUM(AK61+AM61+AO61) -> 0 | AR61: =SUM(AL61+AN61+AP61) -> 0 | AT61: =O61*AS61*$AT$2/1000 -> 0 | AV61: =O61*AU61*$AV$2/1000 -> 0 | AX61: =O61*AW61*$AX$2/1000 -> 0 | AY61: =SUM(AS61+AU61+AW61) -> 0 | AZ61: =SUM(AT61+AV61+AX61) -> 0 | BA61: =SUM(AQ61+AY61) -> 0 | BB61: =SUM(AR61,AZ61) -> 0
A62: 42 | E62: P2514_TPN | F62: 749D | G62: 구 | H62: SY | I62: 3.11 | K62: 3.11 | M62: 3.11 | O62: 3.11 | Q62: =SUM(AI62+BA62) -> 0 | R62: =SUM(AJ62+BB62) -> 0 | T62: =I62*S62*$T$2/1000 -> 0 | V62: =I62*U62*$V$2/1000 -> 0 | X62: =I62*W62*$X$2/1000 -> 0 | Y62: =SUM(S62+U62+W62) -> 0 | Z62: =SUM(T62+V62+X62) -> 0 | AB62: =K62*AA62*$AB$2/1000 -> 0 | AD62: =K62*AC62*$AD$2/1000 -> 0 | AF62: =K62*AE62*$AF$2/1000 -> 0 | AG62: =SUM(AA62+AC62+AE62) -> 0 | AH62: =SUM(AB62+AD62+AF62) -> 0 | AI62: =SUM(Y62+AG62) -> 0 | AJ62: =SUM(Z62,AH62) -> 0 | AL62: =M62*AK62*$AL$2/1000 -> 0 | AN62: =M62*AM62*$AN$2/1000 -> 0 | AP62: =M62*AO62*$AP$2/1000 -> 0 | AQ62: =SUM(AK62+AM62+AO62) -> 0 | AR62: =SUM(AL62+AN62+AP62) -> 0 | AT62: =O62*AS62*$AT$2/1000 -> 0 | AV62: =O62*AU62*$AV$2/1000 -> 0 | AX62: =O62*AW62*$AX$2/1000 -> 0 | AY62: =SUM(AS62+AU62+AW62) -> 0 | AZ62: =SUM(AT62+AV62+AX62) -> 0 | BA62: =SUM(AQ62+AY62) -> 0 | BB62: =SUM(AR62,AZ62) -> 0
A63: 43 | E63: P2514_TPNC | F63: 749F | G63: 구 | H63: SY | I63: 3.36 | K63: 3.36 | M63: 3.36 | O63: 3.36 | Q63: =SUM(AI63+BA63) -> 5.967 | R63: =SUM(AJ63+BB63) -> 26.344822 | S63: 1.012 | T63: =I63*S63*$T$2/1000 -> 4.2357446 | V63: =I63*U63*$V$2/1000 -> 0 | X63: =I63*W63*$X$2/1000 -> 0 | Y63: =SUM(S63+U63+W63) -> 1.012 | Z63: =SUM(T63+V63+X63) -> 4.2357446 | AB63: =K63*AA63*$AB$2/1000 -> 0 | AD63: =K63*AC63*$AD$2/1000 -> 0 | AF63: =K63*AE63*$AF$2/1000 -> 0 | AG63: =SUM(AA63+AC63+AE63) -> 0 | AH63: =SUM(AB63+AD63+AF63) -> 0 | AI63: =SUM(Y63+AG63) -> 1.012 | AJ63: =SUM(Z63,AH63) -> 4.2357446 | AL63: =M63*AK63*$AL$2/1000 -> 0 | AN63: =M63*AM63*$AN$2/1000 -> 0 | AO63: 1.667 | AP63: =M63*AO63*$AP$2/1000 -> 7.4707739 | AQ63: =SUM(AK63+AM63+AO63) -> 1.667 | AR63: =SUM(AL63+AN63+AP63) -> 7.4707739 | AS63: 1.584 | AT63: =O63*AS63*$AT$2/1000 -> 7.1888028 | AU63: 1.271 | AV63: =O63*AU63*$AV$2/1000 -> 5.5577495 | AW63: 0.433 | AX63: =O63*AW63*$AX$2/1000 -> 1.8917514 | AY63: =SUM(AS63+AU63+AW63) -> 3.288 | AZ63: =SUM(AT63+AV63+AX63) -> 14.638304 | BA63: =SUM(AQ63+AY63) -> 4.955 | BB63: =SUM(AR63,AZ63) -> 22.109078
A64: 46 | E64: P2514_BPN | F64: 749G | G64: 신 | H64: SY | I64: 3.47 | K64: 3.47 | M64: 3.47 | O64: 3.47 | Q64: =SUM(AI64+BA64) -> 0 | R64: =SUM(AJ64+BB64) -> 0 | T64: =I64*S64*$T$2/1000 -> 0 | V64: =I64*U64*$V$2/1000 -> 0 | X64: =I64*W64*$X$2/1000 -> 0 | Y64: =SUM(S64+U64+W64) -> 0 | Z64: =SUM(T64+V64+X64) -> 0 | AB64: =K64*AA64*$AB$2/1000 -> 0 | AD64: =K64*AC64*$AD$2/1000 -> 0 | AF64: =K64*AE64*$AF$2/1000 -> 0 | AG64: =SUM(AA64+AC64+AE64) -> 0 | AH64: =SUM(AB64+AD64+AF64) -> 0 | AI64: =SUM(Y64+AG64) -> 0 | AJ64: =SUM(Z64,AH64) -> 0 | AL64: =M64*AK64*$AL$2/1000 -> 0 | AN64: =M64*AM64*$AN$2/1000 -> 0 | AP64: =M64*AO64*$AP$2/1000 -> 0 | AQ64: =SUM(AK64+AM64+AO64) -> 0 | AR64: =SUM(AL64+AN64+AP64) -> 0 | AT64: =O64*AS64*$AT$2/1000 -> 0 | AV64: =O64*AU64*$AV$2/1000 -> 0 | AX64: =O64*AW64*$AX$2/1000 -> 0 | AY64: =SUM(AS64+AU64+AW64) -> 0 | AZ64: =SUM(AT64+AV64+AX64) -> 0 | BA64: =SUM(AQ64+AY64) -> 0 | BB64: =SUM(AR64,AZ64) -> 0
A65: 41 | E65: P2514_BPN HF | F65: 749K | G65: 구 | H65: SY | I65: 3.72 | K65: 3.71 | M65: 3.71 | O65: 3.7 | Q65: =SUM(AI65+BA65) -> 887.691 | R65: =SUM(AJ65+BB65) -> 4290.8488 | S65: 109.846 | T65: =I65*S65*$T$2/1000 -> 509.02272 | U65: 79.983 | V65: =I65*U65*$V$2/1000 -> 379.12729 | W65: 84.832 | X65: =I65*W65*$X$2/1000 -> 411.32997 | Y65: =SUM(S65+U65+W65) -> 274.661 | Z65: =SUM(T65+V65+X65) -> 1299.48 | AA65: 29.48 | AB65: =K65*AA65*$AB$2/1000 -> 144.73257 | AC65: 74.294 | AD65: =K65*AC65*$AD$2/1000 -> 365.7868 | AE65: 40.018 | AF65: =K65*AE65*$AF$2/1000 -> 193.04096 | AG65: =SUM(AA65+AC65+AE65) -> 143.792 | AH65: =SUM(AB65+AD65+AF65) -> 703.56033 | AI65: =SUM(Y65+AG65) -> 418.453 | AJ65: =SUM(Z65,AH65) -> 2003.0403 | AK65: 76.186 | AL65: =M65*AK65*$AL$2/1000 -> 361.46138 | AM65: 62.194 | AN65: =M65*AM65*$AN$2/1000 -> 305.22022 | AO65: 120.07 | AP65: =M65*AO65*$AP$2/1000 -> 594.15415 | AQ65: =SUM(AK65+AM65+AO65) -> 258.45 | AR65: =SUM(AL65+AN65+AP65) -> 1260.8357 | AS65: 67.81 | AT65: =O65*AS65*$AT$2/1000 -> 338.88909 | AU65: 50.556 | AV65: =O65*AU65*$AV$2/1000 -> 243.43811 | AW65: 92.422 | AX65: =O65*AW65*$AX$2/1000 -> 444.64557 | AY65: =SUM(AS65+AU65+AW65) -> 210.788 | AZ65: =SUM(AT65+AV65+AX65) -> 1026.9728 | BA65: =SUM(AQ65+AY65) -> 469.238 | BB65: =SUM(AR65,AZ65) -> 2287.8085
A66: 45 | E66: P2514N_TPN | F66: 749E | G66: 구 | H66: SY | I66: 3.45 | K66: 3.45 | M66: 3.45 | O66: 3.45 | Q66: =SUM(AI66+BA66) -> 0 | R66: =SUM(AJ66+BB66) -> 0 | T66: =I66*S66*$T$2/1000 -> 0 | V66: =I66*U66*$V$2/1000 -> 0 | X66: =I66*W66*$X$2/1000 -> 0 | Y66: =SUM(S66+U66+W66) -> 0 | Z66: =SUM(T66+V66+X66) -> 0 | AB66: =K66*AA66*$AB$2/1000 -> 0 | AD66: =K66*AC66*$AD$2/1000 -> 0 | AF66: =K66*AE66*$AF$2/1000 -> 0 | AG66: =SUM(AA66+AC66+AE66) -> 0 | AH66: =SUM(AB66+AD66+AF66) -> 0 | AI66: =SUM(Y66+AG66) -> 0 | AJ66: =SUM(Z66,AH66) -> 0 | AL66: =M66*AK66*$AL$2/1000 -> 0 | AN66: =M66*AM66*$AN$2/1000 -> 0 | AP66: =M66*AO66*$AP$2/1000 -> 0 | AQ66: =SUM(AK66+AM66+AO66) -> 0 | AR66: =SUM(AL66+AN66+AP66) -> 0 | AT66: =O66*AS66*$AT$2/1000 -> 0 | AV66: =O66*AU66*$AV$2/1000 -> 0 | AX66: =O66*AW66*$AX$2/1000 -> 0 | AY66: =SUM(AS66+AU66+AW66) -> 0 | AZ66: =SUM(AT66+AV66+AX66) -> 0 | BA66: =SUM(AQ66+AY66) -> 0 | BB66: =SUM(AR66,AZ66) -> 0
A67: 48 | E67: P2514N_BPN | F67: 749H | G67: 구 | H67: SY | I67: 3.82 | K67: 3.82 | M67: 3.82 | O67: 3.82 | Q67: =SUM(AI67+BA67) -> 0 | R67: =SUM(AJ67+BB67) -> 0 | T67: =I67*S67*$T$2/1000 -> 0 | V67: =I67*U67*$V$2/1000 -> 0 | X67: =I67*W67*$X$2/1000 -> 0 | Y67: =SUM(S67+U67+W67) -> 0 | Z67: =SUM(T67+V67+X67) -> 0 | AB67: =K67*AA67*$AB$2/1000 -> 0 | AD67: =K67*AC67*$AD$2/1000 -> 0 | AF67: =K67*AE67*$AF$2/1000 -> 0 | AG67: =SUM(AA67+AC67+AE67) -> 0 | AH67: =SUM(AB67+AD67+AF67) -> 0 | AI67: =SUM(Y67+AG67) -> 0 | AJ67: =SUM(Z67,AH67) -> 0 | AL67: =M67*AK67*$AL$2/1000 -> 0 | AN67: =M67*AM67*$AN$2/1000 -> 0 | AP67: =M67*AO67*$AP$2/1000 -> 0 | AQ67: =SUM(AK67+AM67+AO67) -> 0 | AR67: =SUM(AL67+AN67+AP67) -> 0 | AT67: =O67*AS67*$AT$2/1000 -> 0 | AV67: =O67*AU67*$AV$2/1000 -> 0 | AX67: =O67*AW67*$AX$2/1000 -> 0 | AY67: =SUM(AS67+AU67+AW67) -> 0 | AZ67: =SUM(AT67+AV67+AX67) -> 0 | BA67: =SUM(AQ67+AY67) -> 0 | BB67: =SUM(AR67,AZ67) -> 0
A68: 48 | E68: P2514N_BPN HF | F68: 749J | G68: 구 | H68: SY | I68: 4.07 | K68: 4.07 | M68: 4.07 | O68: 4.07 | Q68: =SUM(AI68+BA68) -> 17.617 | R68: =SUM(AJ68+BB68) -> 93.759479 | S68: 0.44 | T68: =I68*S68*$T$2/1000 -> 2.2307817 | U68: 1.692 | V68: =I68*U68*$V$2/1000 -> 8.7748396 | W68: 1.342 | X68: =I68*W68*$X$2/1000 -> 7.1192565 | Y68: =SUM(S68+U68+W68) -> 3.474 | Z68: =SUM(T68+V68+X68) -> 18.124878 | AA68: 4.026 | AB68: =K68*AA68*$AB$2/1000 -> 21.683683 | AC68: 3.432 | AD68: =K68*AC68*$AD$2/1000 -> 18.537112 | AE68: 2.376 | AF68: =K68*AE68*$AF$2/1000 -> 12.57364 | AG68: =SUM(AA68+AC68+AE68) -> 9.834 | AH68: =SUM(AB68+AD68+AF68) -> 52.794435 | AI68: =SUM(Y68+AG68) -> 13.308 | AJ68: =SUM(Z68,AH68) -> 70.919313 | AK68: 0.198 | AL68: =M68*AK68*$AL$2/1000 -> 1.0305579 | AN68: =M68*AM68*$AN$2/1000 -> 0 | AP68: =M68*AO68*$AP$2/1000 -> 0 | AQ68: =SUM(AK68+AM68+AO68) -> 0.198 | AR68: =SUM(AL68+AN68+AP68) -> 1.0305579 | AS68: 0.198 | AT68: =O68*AS68*$AT$2/1000 -> 1.0884832 | AU68: 2.823 | AV68: =O68*AU68*$AV$2/1000 -> 14.952693 | AW68: 1.09 | AX68: =O68*AW68*$AX$2/1000 -> 5.7684322 | AY68: =SUM(AS68+AU68+AW68) -> 4.111 | AZ68: =SUM(AT68+AV68+AX68) -> 21.809609 | BA68: =SUM(AQ68+AY68) -> 4.309 | BB68: =SUM(AR68,AZ68) -> 22.840167
A69: 48 | E69: P2514Z_FPN(VE) | F69: 842A | G69: 구 | H69: SY | I69: 3.73 | K69: 3.73 | M69: 3.73 | O69: 3.73 | Q69: =SUM(AI69+BA69) -> 0 | R69: =SUM(AJ69+BB69) -> 0 | T69: =I69*S69*$T$2/1000 -> 0 | V69: =I69*U69*$V$2/1000 -> 0 | X69: =I69*W69*$X$2/1000 -> 0 | Y69: =SUM(S69+U69+W69) -> 0 | Z69: =SUM(T69+V69+X69) -> 0 | AB69: =K69*AA69*$AB$2/1000 -> 0 | AD69: =K69*AC69*$AD$2/1000 -> 0 | AF69: =K69*AE69*$AF$2/1000 -> 0 | AG69: =SUM(AA69+AC69+AE69) -> 0 | AH69: =SUM(AB69+AD69+AF69) -> 0 | AI69: =SUM(Y69+AG69) -> 0 | AJ69: =SUM(Z69,AH69) -> 0 | AL69: =M69*AK69*$AL$2/1000 -> 0 | AN69: =M69*AM69*$AN$2/1000 -> 0 | AP69: =M69*AO69*$AP$2/1000 -> 0 | AQ69: =SUM(AK69+AM69+AO69) -> 0 | AR69: =SUM(AL69+AN69+AP69) -> 0 | AT69: =O69*AS69*$AT$2/1000 -> 0 | AV69: =O69*AU69*$AV$2/1000 -> 0 | AX69: =O69*AW69*$AX$2/1000 -> 0 | AY69: =SUM(AS69+AU69+AW69) -> 0 | AZ69: =SUM(AT69+AV69+AX69) -> 0 | BA69: =SUM(AQ69+AY69) -> 0 | BB69: =SUM(AR69,AZ69) -> 0
A70: 49 | E70: P2514Z_FPN C | F70: 842B | G70: 구 | H70: SY | I70: 4.34 | K70: 4.34 | M70: 4.34 | O70: 4.34 | Q70: =SUM(AI70+BA70) -> 0 | R70: =SUM(AJ70+BB70) -> 0 | T70: =I70*S70*$T$2/1000 -> 0 | V70: =I70*U70*$V$2/1000 -> 0 | X70: =I70*W70*$X$2/1000 -> 0 | Y70: =SUM(S70+U70+W70) -> 0 | Z70: =SUM(T70+V70+X70) -> 0 | AB70: =K70*AA70*$AB$2/1000 -> 0 | AD70: =K70*AC70*$AD$2/1000 -> 0 | AF70: =K70*AE70*$AF$2/1000 -> 0 | AG70: =SUM(AA70+AC70+AE70) -> 0 | AH70: =SUM(AB70+AD70+AF70) -> 0 | AI70: =SUM(Y70+AG70) -> 0 | AJ70: =SUM(Z70,AH70) -> 0 | AL70: =M70*AK70*$AL$2/1000 -> 0 | AN70: =M70*AM70*$AN$2/1000 -> 0 | AP70: =M70*AO70*$AP$2/1000 -> 0 | AQ70: =SUM(AK70+AM70+AO70) -> 0 | AR70: =SUM(AL70+AN70+AP70) -> 0 | AT70: =O70*AS70*$AT$2/1000 -> 0 | AV70: =O70*AU70*$AV$2/1000 -> 0 | AX70: =O70*AW70*$AX$2/1000 -> 0 | AY70: =SUM(AS70+AU70+AW70) -> 0 | AZ70: =SUM(AT70+AV70+AX70) -> 0 | BA70: =SUM(AQ70+AY70) -> 0 | BB70: =SUM(AR70,AZ70) -> 0
A71: 50 | E71: P2514Z_FPN HF | F71: 842D | G71: 구 | H71: SY | I71: 3.93 | K71: 3.93 | M71: 3.93 | O71: 3.93 | Q71: =SUM(AI71+BA71) -> 0 | R71: =SUM(AJ71+BB71) -> 0 | T71: =I71*S71*$T$2/1000 -> 0 | V71: =I71*U71*$V$2/1000 -> 0 | X71: =I71*W71*$X$2/1000 -> 0 | Y71: =SUM(S71+U71+W71) -> 0 | Z71: =SUM(T71+V71+X71) -> 0 | AB71: =K71*AA71*$AB$2/1000 -> 0 | AD71: =K71*AC71*$AD$2/1000 -> 0 | AF71: =K71*AE71*$AF$2/1000 -> 0 | AG71: =SUM(AA71+AC71+AE71) -> 0 | AH71: =SUM(AB71+AD71+AF71) -> 0 | AI71: =SUM(Y71+AG71) -> 0 | AJ71: =SUM(Z71,AH71) -> 0 | AL71: =M71*AK71*$AL$2/1000 -> 0 | AN71: =M71*AM71*$AN$2/1000 -> 0 | AP71: =M71*AO71*$AP$2/1000 -> 0 | AQ71: =SUM(AK71+AM71+AO71) -> 0 | AR71: =SUM(AL71+AN71+AP71) -> 0 | AT71: =O71*AS71*$AT$2/1000 -> 0 | AV71: =O71*AU71*$AV$2/1000 -> 0 | AX71: =O71*AW71*$AX$2/1000 -> 0 | AY71: =SUM(AS71+AU71+AW71) -> 0 | AZ71: =SUM(AT71+AV71+AX71) -> 0 | BA71: =SUM(AQ71+AY71) -> 0 | BB71: =SUM(AR71,AZ71) -> 0
A72: 51 | E72: P2514Z_TPN | F72: 842E | G72: 구 | H72: SY | I72: 4.12 | K72: 4.12 | M72: 4.12 | O72: 4.12 | Q72: =SUM(AI72+BA72) -> 0 | R72: =SUM(AJ72+BB72) -> 0 | T72: =I72*S72*$T$2/1000 -> 0 | V72: =I72*U72*$V$2/1000 -> 0 | X72: =I72*W72*$X$2/1000 -> 0 | Y72: =SUM(S72+U72+W72) -> 0 | Z72: =SUM(T72+V72+X72) -> 0 | AB72: =K72*AA72*$AB$2/1000 -> 0 | AD72: =K72*AC72*$AD$2/1000 -> 0 | AF72: =K72*AE72*$AF$2/1000 -> 0 | AG72: =SUM(AA72+AC72+AE72) -> 0 | AH72: =SUM(AB72+AD72+AF72) -> 0 | AI72: =SUM(Y72+AG72) -> 0 | AJ72: =SUM(Z72,AH72) -> 0 | AL72: =M72*AK72*$AL$2/1000 -> 0 | AN72: =M72*AM72*$AN$2/1000 -> 0 | AP72: =M72*AO72*$AP$2/1000 -> 0 | AQ72: =SUM(AK72+AM72+AO72) -> 0 | AR72: =SUM(AL72+AN72+AP72) -> 0 | AT72: =O72*AS72*$AT$2/1000 -> 0 | AV72: =O72*AU72*$AV$2/1000 -> 0 | AX72: =O72*AW72*$AX$2/1000 -> 0 | AY72: =SUM(AS72+AU72+AW72) -> 0 | AZ72: =SUM(AT72+AV72+AX72) -> 0 | BA72: =SUM(AQ72+AY72) -> 0 | BB72: =SUM(AR72,AZ72) -> 0
A73: 52 | E73: P2514Z_TPNC | F73: 842F | G73: 구 | H73: SY | I73: 4.06 | K73: 4.05 | M73: 4.05 | O73: 4.05 | Q73: =SUM(AI73+BA73) -> 163.944 | R73: =SUM(AJ73+BB73) -> 866.56625 | S73: 6.864 | T73: =I73*S73*$T$2/1000 -> 34.71469 | U73: 18.216 | V73: =I73*U73*$V$2/1000 -> 94.237438 | W73: 11.088 | X73: =I73*W73*$X$2/1000 -> 58.676873 | Y73: =SUM(S73+U73+W73) -> 36.168 | Z73: =SUM(T73+V73+X73) -> 187.629 | AA73: 13.068 | AB73: =K73*AA73*$AB$2/1000 -> 70.03724 | AC73: 10.274 | AD73: =K73*AC73*$AD$2/1000 -> 55.219817 | AE73: 15.95 | AF73: =K73*AE73*$AF$2/1000 -> 83.991607 | AG73: =SUM(AA73+AC73+AE73) -> 39.292 | AH73: =SUM(AB73+AD73+AF73) -> 209.24866 | AI73: =SUM(Y73+AG73) -> 75.46 | AJ73: =SUM(Z73,AH73) -> 396.87766 | AK73: 16.5 | AL73: =M73*AK73*$AL$2/1000 -> 85.457815 | AM73: 15.048 | AN73: =M73*AM73*$AN$2/1000 -> 80.616643 | AO73: 16.544 | AP73: =M73*AO73*$AP$2/1000 -> 89.368868 | AQ73: =SUM(AK73+AM73+AO73) -> 48.092 | AR73: =SUM(AL73+AN73+AP73) -> 255.44333 | AS73: 7.128 | AT73: =O73*AS73*$AT$2/1000 -> 38.992837 | AU73: 17.424 | AV73: =O73*AU73*$AV$2/1000 -> 91.83686 | AW73: 15.84 | AX73: =O73*AW73*$AX$2/1000 -> 83.415563 | AY73: =SUM(AS73+AU73+AW73) -> 40.392 | AZ73: =SUM(AT73+AV73+AX73) -> 214.24526 | BA73: =SUM(AQ73+AY73) -> 88.484 | BB73: =SUM(AR73,AZ73) -> 469.68858
A74: 53 | E74: P3514Z_FPN(VE) | F74: 843A | G74: 구 | H74: SY | I74: 4.2 | K74: 4.2 | M74: 4.2 | O74: 4.2 | Q74: =SUM(AI74+BA74) -> 0 | R74: =SUM(AJ74+BB74) -> 0 | T74: =I74*S74*$T$2/1000 -> 0 | V74: =I74*U74*$V$2/1000 -> 0 | X74: =I74*W74*$X$2/1000 -> 0 | Y74: =SUM(S74+U74+W74) -> 0 | Z74: =SUM(T74+V74+X74) -> 0 | AB74: =K74*AA74*$AB$2/1000 -> 0 | AD74: =K74*AC74*$AD$2/1000 -> 0 | AF74: =K74*AE74*$AF$2/1000 -> 0 | AG74: =SUM(AA74+AC74+AE74) -> 0 | AH74: =SUM(AB74+AD74+AF74) -> 0 | AI74: =SUM(Y74+AG74) -> 0 | AJ74: =SUM(Z74,AH74) -> 0 | AL74: =M74*AK74*$AL$2/1000 -> 0 | AN74: =M74*AM74*$AN$2/1000 -> 0 | AP74: =M74*AO74*$AP$2/1000 -> 0 | AQ74: =SUM(AK74+AM74+AO74) -> 0 | AR74: =SUM(AL74+AN74+AP74) -> 0 | AT74: =O74*AS74*$AT$2/1000 -> 0 | AV74: =O74*AU74*$AV$2/1000 -> 0 | AX74: =O74*AW74*$AX$2/1000 -> 0 | AY74: =SUM(AS74+AU74+AW74) -> 0 | AZ74: =SUM(AT74+AV74+AX74) -> 0 | BA74: =SUM(AQ74+AY74) -> 0 | BB74: =SUM(AR74,AZ74) -> 0
A75: 55 | E75: P3514_APN | F75: 1150A | G75: 신 | H75: SY | I75: 4.49 | K75: 4.49 | M75: 4.49 | O75: 4.49 | Q75: =SUM(AI75+BA75) -> 1.662 | R75: =SUM(AJ75+BB75) -> 9.7937606 | T75: =I75*S75*$T$2/1000 -> 0 | V75: =I75*U75*$V$2/1000 -> 0 | W75: 0.936 | X75: =I75*W75*$X$2/1000 -> 5.4778471 | Y75: =SUM(S75+U75+W75) -> 0.936 | Z75: =SUM(T75+V75+X75) -> 5.4778471 | AA75: 0.594 | AB75: =K75*AA75*$AB$2/1000 -> 3.5293738 | AC75: 0.132 | AD75: =K75*AC75*$AD$2/1000 -> 0.7865397 | AF75: =K75*AE75*$AF$2/1000 -> 0 | AG75: =SUM(AA75+AC75+AE75) -> 0.726 | AH75: =SUM(AB75+AD75+AF75) -> 4.3159135 | AI75: =SUM(Y75+AG75) -> 1.662 | AJ75: =SUM(Z75,AH75) -> 9.7937606 | AL75: =M75*AK75*$AL$2/1000 -> 0 | AN75: =M75*AM75*$AN$2/1000 -> 0 | AP75: =M75*AO75*$AP$2/1000 -> 0 | AQ75: =SUM(AK75+AM75+AO75) -> 0 | AR75: =SUM(AL75+AN75+AP75) -> 0 | AT75: =O75*AS75*$AT$2/1000 -> 0 | AV75: =O75*AU75*$AV$2/1000 -> 0 | AX75: =O75*AW75*$AX$2/1000 -> 0 | AY75: =SUM(AS75+AU75+AW75) -> 0 | AZ75: =SUM(AT75+AV75+AX75) -> 0 | BA75: =SUM(AQ75+AY75) -> 0 | BB75: =SUM(AR75,AZ75) -> 0
E76: P3514N_APN | F76: 1150B | G76: 신 | H76: SY | I76: 4.8 | K76: 4.8 | M76: 4.8 | O76: 4.8 | Q76: =SUM(AI76+BA76) -> 0 | R76: =SUM(AJ76+BB76) -> 0 | T76: =I76*S76*$T$2/1000 -> 0 | V76: =I76*U76*$V$2/1000 -> 0 | X76: =I76*W76*$X$2/1000 -> 0 | Y76: =SUM(S76+U76+W76) -> 0 | Z76: =SUM(T76+V76+X76) -> 0 | AB76: =K76*AA76*$AB$2/1000 -> 0 | AD76: =K76*AC76*$AD$2/1000 -> 0 | AF76: =K76*AE76*$AF$2/1000 -> 0 | AG76: =SUM(AA76+AC76+AE76) -> 0 | AH76: =SUM(AB76+AD76+AF76) -> 0 | AI76: =SUM(Y76+AG76) -> 0 | AJ76: =SUM(Z76,AH76) -> 0 | AL76: =M76*AK76*$AL$2/1000 -> 0 | AN76: =M76*AM76*$AN$2/1000 -> 0 | AP76: =M76*AO76*$AP$2/1000 -> 0 | AQ76: =SUM(AK76+AM76+AO76) -> 0 | AR76: =SUM(AL76+AN76+AP76) -> 0 | AT76: =O76*AS76*$AT$2/1000 -> 0 | AV76: =O76*AU76*$AV$2/1000 -> 0 | AX76: =O76*AW76*$AX$2/1000 -> 0 | AY76: =SUM(AS76+AU76+AW76) -> 0 | AZ76: =SUM(AT76+AV76+AX76) -> 0 | BA76: =SUM(AQ76+AY76) -> 0 | BB76: =SUM(AR76,AZ76) -> 0
E77: P3514_APN HF | F77: 1150C | G77: 신 | H77: SY | I77: 4.79 | K77: 4.79 | M77: 4.79 | O77: 4.78 | Q77: =SUM(AI77+BA77) -> 46.899 | R77: =SUM(AJ77+BB77) -> 294.22023 | S77: 0.494 | T77: =I77*S77*$T$2/1000 -> 2.9476264 | U77: 0.198 | V77: =I77*U77*$V$2/1000 -> 1.2084957 | W77: 1.924 | X77: =I77*W77*$X$2/1000 -> 12.012359 | Y77: =SUM(S77+U77+W77) -> 2.616 | Z77: =SUM(T77+V77+X77) -> 16.168481 | AA77: 4.839 | AB77: =K77*AA77*$AB$2/1000 -> 30.672983 | AC77: 3.64 | AD77: =K77*AC77*$AD$2/1000 -> 23.13861 | AE77: 5.092 | AF77: =K77*AE77*$AF$2/1000 -> 31.713494 | AG77: =SUM(AA77+AC77+AE77) -> 13.571 | AH77: =SUM(AB77+AD77+AF77) -> 85.525087 | AI77: =SUM(Y77+AG77) -> 16.187 | AJ77: =SUM(Z77,AH77) -> 101.69357 | AK77: 3.96 | AL77: =M77*AK77*$AL$2/1000 -> 24.257359 | AM77: 4.68 | AN77: =M77*AM77*$AN$2/1000 -> 29.653248 | AO77: 5.307 | AP77: =M77*AO77*$AP$2/1000 -> 33.905903 | AQ77: =SUM(AK77+AM77+AO77) -> 13.947 | AR77: =SUM(AL77+AN77+AP77) -> 87.81651 | AS77: 2.019 | AT77: =O77*AS77*$AT$2/1000 -> 13.035459 | AU77: 4.316 | AV77: =O77*AU77*$AV$2/1000 -> 26.848713 | AW77: 10.43 | AX77: =O77*AW77*$AX$2/1000 -> 64.82598 | AY77: =SUM(AS77+AU77+AW77) -> 16.765 | AZ77: =SUM(AT77+AV77+AX77) -> 104.71015 | BA77: =SUM(AQ77+AY77) -> 30.712 | BB77: =SUM(AR77,AZ77) -> 192.52666
A78: 56 | E78: P3514ZN_FPN | F78: 843C | G78: 구 | H78: SY | I78: 4.8 | K78: 4.8 | M78: 4.8 | O78: 4.8 | Q78: =SUM(AI78+BA78) -> 0 | R78: =SUM(AJ78+BB78) -> 0 | T78: =I78*S78*$T$2/1000 -> 0 | V78: =I78*U78*$V$2/1000 -> 0 | X78: =I78*W78*$X$2/1000 -> 0 | Y78: =SUM(S78+U78+W78) -> 0 | Z78: =SUM(T78+V78+X78) -> 0 | AB78: =K78*AA78*$AB$2/1000 -> 0 | AD78: =K78*AC78*$AD$2/1000 -> 0 | AF78: =K78*AE78*$AF$2/1000 -> 0 | AG78: =SUM(AA78+AC78+AE78) -> 0 | AH78: =SUM(AB78+AD78+AF78) -> 0 | AI78: =SUM(Y78+AG78) -> 0 | AJ78: =SUM(Z78,AH78) -> 0 | AL78: =M78*AK78*$AL$2/1000 -> 0 | AN78: =M78*AM78*$AN$2/1000 -> 0 | AP78: =M78*AO78*$AP$2/1000 -> 0 | AQ78: =SUM(AK78+AM78+AO78) -> 0 | AR78: =SUM(AL78+AN78+AP78) -> 0 | AT78: =O78*AS78*$AT$2/1000 -> 0 | AV78: =O78*AU78*$AV$2/1000 -> 0 | AX78: =O78*AW78*$AX$2/1000 -> 0 | AY78: =SUM(AS78+AU78+AW78) -> 0 | AZ78: =SUM(AT78+AV78+AX78) -> 0 | BA78: =SUM(AQ78+AY78) -> 0 | BB78: =SUM(AR78,AZ78) -> 0
A79: 57 | E79: P3514Z_FPN HF | F79: 843D | G79: 구 | H79: SY | I79: 4.43 | K79: 4.43 | M79: 4.43 | O79: 4.43 | Q79: =SUM(AI79+BA79) -> 0 | R79: =SUM(AJ79+BB79) -> 0 | T79: =I79*S79*$T$2/1000 -> 0 | V79: =I79*U79*$V$2/1000 -> 0 | X79: =I79*W79*$X$2/1000 -> 0 | Y79: =SUM(S79+U79+W79) -> 0 | Z79: =SUM(T79+V79+X79) -> 0 | AB79: =K79*AA79*$AB$2/1000 -> 0 | AD79: =K79*AC79*$AD$2/1000 -> 0 | AF79: =K79*AE79*$AF$2/1000 -> 0 | AG79: =SUM(AA79+AC79+AE79) -> 0 | AH79: =SUM(AB79+AD79+AF79) -> 0 | AI79: =SUM(Y79+AG79) -> 0 | AJ79: =SUM(Z79,AH79) -> 0 | AL79: =M79*AK79*$AL$2/1000 -> 0 | AN79: =M79*AM79*$AN$2/1000 -> 0 | AP79: =M79*AO79*$AP$2/1000 -> 0 | AQ79: =SUM(AK79+AM79+AO79) -> 0 | AR79: =SUM(AL79+AN79+AP79) -> 0 | AT79: =O79*AS79*$AT$2/1000 -> 0 | AV79: =O79*AU79*$AV$2/1000 -> 0 | AX79: =O79*AW79*$AX$2/1000 -> 0 | AY79: =SUM(AS79+AU79+AW79) -> 0 | AZ79: =SUM(AT79+AV79+AX79) -> 0 | BA79: =SUM(AQ79+AY79) -> 0 | BB79: =SUM(AR79,AZ79) -> 0
A80: 58 | E80: P4519_APN | F80: 1098A | G80: 신 | H80: SY | I80: 5.48 | K80: 5.47 | M80: 5.47 | O80: 5.47 | Q80: =SUM(AI80+BA80) -> 83.317 | R80: =SUM(AJ80+BB80) -> 594.76706 | S80: 7.68 | T80: =I80*S80*$T$2/1000 -> 52.426608 | U80: 10.304 | V80: =I80*U80*$V$2/1000 -> 71.950005 | W80: 10.72 | X80: =I80*W80*$X$2/1000 -> 76.570777 | Y80: =SUM(S80+U80+W80) -> 28.704 | Z80: =SUM(T80+V80+X80) -> 200.94739 | AA80: 7.568 | AB80: =K80*AA80*$AB$2/1000 -> 54.781425 | AC80: 9.184 | AD80: =K80*AC80*$AD$2/1000 -> 66.66833 | AE80: 5.12 | AF80: =K80*AE80*$AF$2/1000 -> 36.414761 | AG80: =SUM(AA80+AC80+AE80) -> 21.872 | AH80: =SUM(AB80+AD80+AF80) -> 157.86452 | AI80: =SUM(Y80+AG80) -> 50.576 | AJ80: =SUM(Z80,AH80) -> 358.81191 | AK80: 4.512 | AL80: =M80*AK80*$AL$2/1000 -> 31.562343 | AM80: 9.216 | AN80: =M80*AM80*$AN$2/1000 -> 66.683855 | AO80: 2.128 | AP80: =M80*AO80*$AP$2/1000 -> 15.525645 | AQ80: =SUM(AK80+AM80+AO80) -> 15.856 | AR80: =SUM(AL80+AN80+AP80) -> 113.77184 | AS80: 7.408 | AT80: =O80*AS80*$AT$2/1000 -> 54.733146 | AU80: 7.232 | AV80: =O80*AU80*$AV$2/1000 -> 51.48253 | AW80: 2.245 | AX80: =O80*AW80*$AX$2/1000 -> 15.967633 | AY80: =SUM(AS80+AU80+AW80) -> 16.885 | AZ80: =SUM(AT80+AV80+AX80) -> 122.18331 | BA80: =SUM(AQ80+AY80) -> 32.741 | BB80: =SUM(AR80,AZ80) -> 235.95515
A81: 59 | E81: P4519N_APN | F81: 1098B | G81: 신 | H81: SY | I81: 6.35 | K81: 6.35 | M81: 6.35 | O81: 6.35 | Q81: =SUM(AI81+BA81) -> 15.951 | R81: =SUM(AJ81+BB81) -> 131.84611 | S81: 1.344 | T81: =I81*S81*$T$2/1000 -> 10.631217 | U81: 1.92 | V81: =I81*U81*$V$2/1000 -> 15.53529 | W81: 2.688 | X81: =I81*W81*$X$2/1000 -> 22.247986 | Y81: =SUM(S81+U81+W81) -> 5.952 | Z81: =SUM(T81+V81+X81) -> 48.414493 | AA81: 1.727 | AB81: =K81*AA81*$AB$2/1000 -> 14.512123 | AC81: 0.624 | AD81: =K81*AC81*$AD$2/1000 -> 5.2584614 | AF81: =K81*AE81*$AF$2/1000 -> 0 | AG81: =SUM(AA81+AC81+AE81) -> 2.351 | AH81: =SUM(AB81+AD81+AF81) -> 19.770584 | AI81: =SUM(Y81+AG81) -> 8.303 | AJ81: =SUM(Z81,AH81) -> 68.185077 | AK81: 2.304 | AL81: =M81*AK81*$AL$2/1000 -> 18.709794 | AM81: 1.392 | AN81: =M81*AM81*$AN$2/1000 -> 11.692405 | AO81: 1.2 | AP81: =M81*AO81*$AP$2/1000 -> 10.163556 | AQ81: =SUM(AK81+AM81+AO81) -> 4.896 | AR81: =SUM(AL81+AN81+AP81) -> 40.565756 | AS81: 1.136 | AT81: =O81*AS81*$AT$2/1000 -> 9.7434817 | AU81: 1.232 | AV81: =O81*AU81*$AV$2/1000 -> 10.181191 | AW81: 0.384 | AX81: =O81*AW81*$AX$2/1000 -> 3.1706028 | AY81: =SUM(AS81+AU81+AW81) -> 2.752 | AZ81: =SUM(AT81+AV81+AX81) -> 23.095275 | BA81: =SUM(AQ81+AY81) -> 7.648 | BB81: =SUM(AR81,AZ81) -> 63.661031
A82: 60 | E82: P4519S_APN | F82: 1139A | G82: 신 | H82: SY | I82: 5.7 | K82: 5.7 | M82: 5.7 | O82: 5.7 | Q82: =SUM(AI82+BA82) -> 2.783 | R82: =SUM(AJ82+BB82) -> 20.71755 | T82: =I82*S82*$T$2/1000 -> 0 | U82: 0.799 | V82: =I82*U82*$V$2/1000 -> 5.8031801 | W82: 0.448 | X82: =I82*W82*$X$2/1000 -> 3.3284388 | Y82: =SUM(S82+U82+W82) -> 1.247 | Z82: =SUM(T82+V82+X82) -> 9.131619 | AA82: 1.536 | AB82: =K82*AA82*$AB$2/1000 -> 11.585931 | AD82: =K82*AC82*$AD$2/1000 -> 0 | AF82: =K82*AE82*$AF$2/1000 -> 0 | AG82: =SUM(AA82+AC82+AE82) -> 1.536 | AH82: =SUM(AB82+AD82+AF82) -> 11.585931 | AI82: =SUM(Y82+AG82) -> 2.783 | AJ82: =SUM(Z82,AH82) -> 20.71755 | AL82: =M82*AK82*$AL$2/1000 -> 0 | AN82: =M82*AM82*$AN$2/1000 -> 0 | AP82: =M82*AO82*$AP$2/1000 -> 0 | AQ82: =SUM(AK82+AM82+AO82) -> 0 | AR82: =SUM(AL82+AN82+AP82) -> 0 | AT82: =O82*AS82*$AT$2/1000 -> 0 | AV82: =O82*AU82*$AV$2/1000 -> 0 | AX82: =O82*AW82*$AX$2/1000 -> 0 | AY82: =SUM(AS82+AU82+AW82) -> 0 | AZ82: =SUM(AT82+AV82+AX82) -> 0 | BA82: =SUM(AQ82+AY82) -> 0 | BB82: =SUM(AR82,AZ82) -> 0
A83: 61 | E83: P4519SN_APN | F83: 1139B | G83: 신 | H83: SY | I83: 6.45 | K83: 6.45 | M83: 6.45 | O83: 6.45 | Q83: =SUM(AI83+BA83) -> 0 | R83: =SUM(AJ83+BB83) -> 0 | T83: =I83*S83*$T$2/1000 -> 0 | V83: =I83*U83*$V$2/1000 -> 0 | X83: =I83*W83*$X$2/1000 -> 0 | Y83: =SUM(S83+U83+W83) -> 0 | Z83: =SUM(T83+V83+X83) -> 0 | AB83: =K83*AA83*$AB$2/1000 -> 0 | AD83: =K83*AC83*$AD$2/1000 -> 0 | AF83: =K83*AE83*$AF$2/1000 -> 0 | AG83: =SUM(AA83+AC83+AE83) -> 0 | AH83: =SUM(AB83+AD83+AF83) -> 0 | AI83: =SUM(Y83+AG83) -> 0 | AJ83: =SUM(Z83,AH83) -> 0 | AL83: =M83*AK83*$AL$2/1000 -> 0 | AN83: =M83*AM83*$AN$2/1000 -> 0 | AP83: =M83*AO83*$AP$2/1000 -> 0 | AQ83: =SUM(AK83+AM83+AO83) -> 0 | AR83: =SUM(AL83+AN83+AP83) -> 0 | AT83: =O83*AS83*$AT$2/1000 -> 0 | AV83: =O83*AU83*$AV$2/1000 -> 0 | AX83: =O83*AW83*$AX$2/1000 -> 0 | AY83: =SUM(AS83+AU83+AW83) -> 0 | AZ83: =SUM(AT83+AV83+AX83) -> 0 | BA83: =SUM(AQ83+AY83) -> 0 | BB83: =SUM(AR83,AZ83) -> 0
A84: 57 | E84: P4519S_APN HF | F84: 1139C | G84: 구 | H84: SY | I84: 6 | K84: 6 | M84: 6 | O84: 6 | Q84: =SUM(AI84+BA84) -> 11.544 | R84: =SUM(AJ84+BB84) -> 90.727726 | T84: =I84*S84*$T$2/1000 -> 0 | U84: 0.192 | V84: =I84*U84*$V$2/1000 -> 1.4679014 | W84: 0.608 | X84: =I84*W84*$X$2/1000 -> 4.7549126 | Y84: =SUM(S84+U84+W84) -> 0.8 | Z84: =SUM(T84+V84+X84) -> 6.2228141 | AA84: 0.288 | AB84: =K84*AA84*$AB$2/1000 -> 2.286697 | AC84: 0.585 | AD84: =K84*AC84*$AD$2/1000 -> 4.6580859 | AE84: 1.728 | AF84: =K84*AE84*$AF$2/1000 -> 13.480785 | AG84: =SUM(AA84+AC84+AE84) -> 2.601 | AH84: =SUM(AB84+AD84+AF84) -> 20.425567 | AI84: =SUM(Y84+AG84) -> 3.401 | AJ84: =SUM(Z84,AH84) -> 26.648382 | AK84: 2.502 | AL84: =M84*AK84*$AL$2/1000 -> 19.197796 | AM84: 1.033 | AN84: =M84*AM84*$AN$2/1000 -> 8.1986524 | AO84: 1.312 | AP84: =M84*AO84*$AP$2/1000 -> 10.499674 | AQ84: =SUM(AK84+AM84+AO84) -> 4.847 | AR84: =SUM(AL84+AN84+AP84) -> 37.896122 | AS84: 1.536 | AT84: =O84*AS84*$AT$2/1000 -> 12.448143 | AU84: 0.608 | AV84: =O84*AU84*$AV$2/1000 -> 4.7475437 | AW84: 1.152 | AX84: =O84*AW84*$AX$2/1000 -> 8.9875354 | AY84: =SUM(AS84+AU84+AW84) -> 3.296 | AZ84: =SUM(AT84+AV84+AX84) -> 26.183222 | BA84: =SUM(AQ84+AY84) -> 8.143 | BB84: =SUM(AR84,AZ84) -> 64.079344
E85: P5015_APN | F85: VG-FSA3BA/ZA | G85: 신 | H85: SY | I85: 19.3 | K85: 19.3 | M85: 19.3 | O85: 19.3 | Q85: =SUM(AI85+BA85) -> 0.25 | R85: =SUM(AJ85+BB85) -> 6.3257815 | T85: =I85*S85*$T$2/1000 -> 0 | V85: =I85*U85*$V$2/1000 -> 0 | W85: 0.16 | X85: =I85*W85*$X$2/1000 -> 4.0249918 | Y85: =SUM(S85+U85+W85) -> 0.16 | Z85: =SUM(T85+V85+X85) -> 4.0249918 | AA85: 0.06 | AB85: =K85*AA85*$AB$2/1000 -> 1.5324046 | AC85: 0.03 | AD85: =K85*AC85*$AD$2/1000 -> 0.76838511 | AF85: =K85*AE85*$AF$2/1000 -> 0 | AG85: =SUM(AA85+AC85+AE85) -> 0.09 | AH85: =SUM(AB85+AD85+AF85) -> 2.3007897 | AI85: =SUM(Y85+AG85) -> 0.25 | AJ85: =SUM(Z85,AH85) -> 6.3257815 | AL85: =M85*AK85*$AL$2/1000 -> 0 | AN85: =M85*AM85*$AN$2/1000 -> 0 | AP85: =M85*AO85*$AP$2/1000 -> 0 | AQ85: =SUM(AK85+AM85+AO85) -> 0 | AR85: =SUM(AL85+AN85+AP85) -> 0 | AT85: =O85*AS85*$AT$2/1000 -> 0 | AV85: =O85*AU85*$AV$2/1000 -> 0 | AX85: =O85*AW85*$AX$2/1000 -> 0 | AY85: =SUM(AS85+AU85+AW85) -> 0 | AZ85: =SUM(AT85+AV85+AX85) -> 0 | BA85: =SUM(AQ85+AY85) -> 0 | BB85: =SUM(AR85,AZ85) -> 0
E86: P5015N_APN | F86: VG-FSA3BA/XL | G86: 신 | H86: SY | I86: 19.65 | K86: 19.65 | M86: 19.65 | O86: 19.65 | Q86: =SUM(AI86+BA86) -> 0 | R86: =SUM(AJ86+BB86) -> 0 | T86: =I86*S86*$T$2/1000 -> 0 | V86: =I86*U86*$V$2/1000 -> 0 | X86: =I86*W86*$X$2/1000 -> 0 | Y86: =SUM(S86+U86+W86) -> 0 | Z86: =SUM(T86+V86+X86) -> 0 | AB86: =K86*AA86*$AB$2/1000 -> 0 | AD86: =K86*AC86*$AD$2/1000 -> 0 | AF86: =K86*AE86*$AF$2/1000 -> 0 | AG86: =SUM(AA86+AC86+AE86) -> 0 | AH86: =SUM(AB86+AD86+AF86) -> 0 | AI86: =SUM(Y86+AG86) -> 0 | AJ86: =SUM(Z86,AH86) -> 0 | AL86: =M86*AK86*$AL$2/1000 -> 0 | AN86: =M86*AM86*$AN$2/1000 -> 0 | AP86: =M86*AO86*$AP$2/1000 -> 0 | AQ86: =SUM(AK86+AM86+AO86) -> 0 | AR86: =SUM(AL86+AN86+AP86) -> 0 | AT86: =O86*AS86*$AT$2/1000 -> 0 | AV86: =O86*AU86*$AV$2/1000 -> 0 | AX86: =O86*AW86*$AX$2/1000 -> 0 | AY86: =SUM(AS86+AU86+AW86) -> 0 | AZ86: =SUM(AT86+AV86+AX86) -> 0 | BA86: =SUM(AQ86+AY86) -> 0 | BB86: =SUM(AR86,AZ86) -> 0
A87: 62 | E87: P6519_APN | F87: 1132A | G87: 신 | H87: SY | I87: 7.02 | K87: 7.01 | M87: 7.01 | O87: 7.01 | Q87: =SUM(AI87+BA87) -> 15.914 | R87: =SUM(AJ87+BB87) -> 142.67682 | S87: 6.144 | T87: =I87*S87*$T$2/1000 -> 53.727706 | U87: 3.344 | V87: =I87*U87*$V$2/1000 -> 29.912162 | W87: 1.248 | X87: =I87*W87*$X$2/1000 -> 11.419298 | Y87: =SUM(S87+U87+W87) -> 10.736 | Z87: =SUM(T87+V87+X87) -> 95.059166 | AA87: 0.048 | AB87: =K87*AA87*$AB$2/1000 -> 0.44527071 | AC87: 0.128 | AD87: =K87*AC87*$AD$2/1000 -> 1.1907713 | AE87: 0.432 | AF87: =K87*AE87*$AF$2/1000 -> 3.9375125 | AG87: =SUM(AA87+AC87+AE87) -> 0.608 | AH87: =SUM(AB87+AD87+AF87) -> 5.5735545 | AI87: =SUM(Y87+AG87) -> 11.344 | AJ87: =SUM(Z87,AH87) -> 100.63272 | AK87: 0.496 | AL87: =M87*AK87*$AL$2/1000 -> 4.4464408 | AM87: 0.768 | AN87: =M87*AM87*$AN$2/1000 -> 7.1214781 | AO87: 0.352 | AP87: =M87*AO87*$AP$2/1000 -> 3.2911782 | AQ87: =SUM(AK87+AM87+AO87) -> 1.616 | AR87: =SUM(AL87+AN87+AP87) -> 14.859097 | AS87: 0.688 | AT87: =O87*AS87*$AT$2/1000 -> 6.5143122 | AU87: 2.043 | AV87: =O87*AU87*$AV$2/1000 -> 18.638052 | AW87: 0.223 | AX87: =O87*AW87*$AX$2/1000 -> 2.0326367 | AY87: =SUM(AS87+AU87+AW87) -> 2.954 | AZ87: =SUM(AT87+AV87+AX87) -> 27.185001 | BA87: =SUM(AQ87+AY87) -> 4.57 | BB87: =SUM(AR87,AZ87) -> 42.044098
A88: 63 | E88: P6519N_APN | F88: 1132B | G88: 신 | H88: SY | I88: 7.75 | K88: 7.75 | M88: 7.75 | O88: 7.75 | Q88: =SUM(AI88+BA88) -> 7.244 | R88: =SUM(AJ88+BB88) -> 73.380052 | S88: 0.384 | T88: =I88*S88*$T$2/1000 -> 3.7071734 | U88: 0.848 | V88: =I88*U88*$V$2/1000 -> 8.3741738 | W88: 0.864 | X88: =I88*W88*$X$2/1000 -> 8.7277673 | Y88: =SUM(S88+U88+W88) -> 2.096 | Z88: =SUM(T88+V88+X88) -> 20.809115 | AA88: 0.672 | AB88: =K88*AA88*$AB$2/1000 -> 6.8918506 | AC88: 1.301 | AD88: =K88*AC88*$AD$2/1000 -> 13.380717 | AE88: 0.32 | AF88: =K88*AE88*$AF$2/1000 -> 3.2245704 | AG88: =SUM(AA88+AC88+AE88) -> 2.293 | AH88: =SUM(AB88+AD88+AF88) -> 23.497138 | AI88: =SUM(Y88+AG88) -> 4.389 | AJ88: =SUM(Z88,AH88) -> 44.306252 | AK88: 0.119 | AL88: =M88*AK88*$AL$2/1000 -> 1.179401 | AM88: 0.528 | AN88: =M88*AM88*$AN$2/1000 -> 5.4128567 | AO88: 0.512 | AP88: =M88*AO88*$AP$2/1000 -> 5.2925184 | AQ88: =SUM(AK88+AM88+AO88) -> 1.159 | AR88: =SUM(AL88+AN88+AP88) -> 11.884776 | AS88: 0.24 | AT88: =O88*AS88*$AT$2/1000 -> 2.5123206 | AU88: 0.496 | AV88: =O88*AU88*$AV$2/1000 -> 5.00262 | AW88: 0.96 | AX88: =O88*AW88*$AX$2/1000 -> 9.6740832 | AY88: =SUM(AS88+AU88+AW88) -> 1.696 | AZ88: =SUM(AT88+AV88+AX88) -> 17.189024 | BA88: =SUM(AQ88+AY88) -> 2.855 | BB88: =SUM(AR88,AZ88) -> 29.0738
A89: 57 | E89: P6519_APN HF | F89: 1132C | G89: 구 | H89: SY | I89: 7.32 | K89: 7.31 | M89: 7.31 | O89: 7.31 | Q89: =SUM(AI89+BA89) -> 95.581 | R89: =SUM(AJ89+BB89) -> 909.9002 | S89: 9.952 | T89: =I89*S89*$T$2/1000 -> 90.746822 | U89: 6.288 | V89: =I89*U89*$V$2/1000 -> 58.650002 | W89: 5.296 | X89: =I89*W89*$X$2/1000 -> 50.529706 | Y89: =SUM(S89+U89+W89) -> 21.536 | Z89: =SUM(T89+V89+X89) -> 199.92653 | AA89: 2.56 | AB89: =K89*AA89*$AB$2/1000 -> 24.764081 | AC89: 4.528 | AD89: =K89*AC89*$AD$2/1000 -> 43.926254 | AE89: 10.557 | AF89: =K89*AE89*$AF$2/1000 -> 100.34092 | AG89: =SUM(AA89+AC89+AE89) -> 17.645 | AH89: =SUM(AB89+AD89+AF89) -> 169.03126 | AI89: =SUM(Y89+AG89) -> 39.181 | AJ89: =SUM(Z89,AH89) -> 368.95779 | AK89: 12.288 | AL89: =M89*AK89*$AL$2/1000 -> 114.87126 | AM89: 10.048 | AN89: =M89*AM89*$AN$2/1000 -> 97.16009 | AO89: 7.728 | AP89: =M89*AO89*$AP$2/1000 -> 75.348603 | AQ89: =SUM(AK89+AM89+AO89) -> 30.064 | AR89: =SUM(AL89+AN89+AP89) -> 287.37996 | AS89: 8.64 | AT89: =O89*AS89*$AT$2/1000 -> 85.308682 | AU89: 6.352 | AV89: =O89*AU89*$AV$2/1000 -> 60.428527 | AW89: 11.344 | AX89: =O89*AW89*$AX$2/1000 -> 107.82525 | AY89: =SUM(AS89+AU89+AW89) -> 26.336 | AZ89: =SUM(AT89+AV89+AX89) -> 253.56246 | BA89: =SUM(AQ89+AY89) -> 56.4 | BB89: =SUM(AR89,AZ89) -> 540.94242
A90: 57 | E90: P10020_APN HF | F90: 1138C | G90: 구 | H90: SY | I90: 12.88 | K90: 12.87 | M90: 12.87 | O90: 12.87 | Q90: =SUM(AI90+BA90) -> 19.488 | R90: =SUM(AJ90+BB90) -> 327.26876 | S90: 3.968 | T90: =I90*S90*$T$2/1000 -> 63.664525 | U90: 0.24 | V90: =I90*U90*$V$2/1000 -> 3.9388689 | W90: 0.384 | X90: =I90*W90*$X$2/1000 -> 6.4466605 | Y90: =SUM(S90+U90+W90) -> 4.592 | Z90: =SUM(T90+V90+X90) -> 74.050055 | AA90: 1.216 | AB90: =K90*AA90*$AB$2/1000 -> 20.709852 | AC90: 0.768 | AD90: =K90*AC90*$AD$2/1000 -> 13.11717 | AE90: 0.24 | AF90: =K90*AE90*$AF$2/1000 -> 4.0161504 | AG90: =SUM(AA90+AC90+AE90) -> 2.224 | AH90: =SUM(AB90+AD90+AF90) -> 37.843172 | AI90: =SUM(Y90+AG90) -> 6.816 | AJ90: =SUM(Z90,AH90) -> 111.89323 | AK90: 1.488 | AL90: =M90*AK90*$AL$2/1000 -> 24.490311 | AM90: 3.616 | AN90: =M90*AM90*$AN$2/1000 -> 61.559895 | AO90: 1.92 | AP90: =M90*AO90*$AP$2/1000 -> 32.958732 | AQ90: =SUM(AK90+AM90+AO90) -> 7.024 | AR90: =SUM(AL90+AN90+AP90) -> 119.00894 | AS90: 2.816 | AT90: =O90*AS90*$AT$2/1000 -> 48.952324 | AU90: 1.504 | AV90: =O90*AU90*$AV$2/1000 -> 25.190717 | AW90: 1.328 | AX90: =O90*AW90*$AX$2/1000 -> 22.223554 | AY90: =SUM(AS90+AU90+AW90) -> 5.648 | AZ90: =SUM(AT90+AV90+AX90) -> 96.366594 | BA90: =SUM(AQ90+AY90) -> 12.672 | BB90: =SUM(AR90,AZ90) -> 215.37553
A91: 64 | E91: P10020_APN | F91: 1138A | G91: 신 | H91: SY | I91: 12.57 | K91: 12.57 | M91: 12.57 | O91: 12.57 | Q91: =SUM(AI91+BA91) -> 0.256 | R91: =SUM(AJ91+BB91) -> 4.2920617 | T91: =I91*S91*$T$2/1000 -> 0 | V91: =I91*U91*$V$2/1000 -> 0 | X91: =I91*W91*$X$2/1000 -> 0 | Y91: =SUM(S91+U91+W91) -> 0 | Z91: =SUM(T91+V91+X91) -> 0 | AB91: =K91*AA91*$AB$2/1000 -> 0 | AD91: =K91*AC91*$AD$2/1000 -> 0 | AF91: =K91*AE91*$AF$2/1000 -> 0 | AG91: =SUM(AA91+AC91+AE91) -> 0 | AH91: =SUM(AB91+AD91+AF91) -> 0 | AI91: =SUM(Y91+AG91) -> 0 | AJ91: =SUM(Z91,AH91) -> 0 | AL91: =M91*AK91*$AL$2/1000 -> 0 | AN91: =M91*AM91*$AN$2/1000 -> 0 | AO91: 0.256 | AP91: =M91*AO91*$AP$2/1000 -> 4.2920617 | AQ91: =SUM(AK91+AM91+AO91) -> 0.256 | AR91: =SUM(AL91+AN91+AP91) -> 4.2920617 | AT91: =O91*AS91*$AT$2/1000 -> 0 | AV91: =O91*AU91*$AV$2/1000 -> 0 | AX91: =O91*AW91*$AX$2/1000 -> 0 | AY91: =SUM(AS91+AU91+AW91) -> 0 | AZ91: =SUM(AT91+AV91+AX91) -> 0 | BA91: =SUM(AQ91+AY91) -> 0.256 | BB91: =SUM(AR91,AZ91) -> 4.2920617
A92: 65 | E92: P10020N_APN | F92: 1138B | G92: 신 | H92: SY | I92: 13.25 | K92: 13.25 | M92: 13.25 | O92: 13.25 | Q92: =SUM(AI92+BA92) -> 1.805 | R92: =SUM(AJ92+BB92) -> 31.155136 | S92: 0.224 | T92: =I92*S92*$T$2/1000 -> 3.6972079 | U92: 0.288 | V92: =I92*U92*$V$2/1000 -> 4.8624235 | W92: 0.368 | X92: =I92*W92*$X$2/1000 -> 6.3555247 | Y92: =SUM(S92+U92+W92) -> 0.88 | Z92: =SUM(T92+V92+X92) -> 14.915156 | AB92: =K92*AA92*$AB$2/1000 -> 0 | AD92: =K92*AC92*$AD$2/1000 -> 0 | AE92: 0.064 | AF92: =K92*AE92*$AF$2/1000 -> 1.102595 | AG92: =SUM(AA92+AC92+AE92) -> 0.064 | AH92: =SUM(AB92+AD92+AF92) -> 1.102595 | AI92: =SUM(Y92+AG92) -> 0.944 | AJ92: =SUM(Z92,AH92) -> 16.017751 | AL92: =M92*AK92*$AL$2/1000 -> 0 | AN92: =M92*AM92*$AN$2/1000 -> 0 | AO92: 0.512 | AP92: =M92*AO92*$AP$2/1000 -> 9.0484992 | AQ92: =SUM(AK92+AM92+AO92) -> 0.512 | AR92: =SUM(AL92+AN92+AP92) -> 9.0484992 | AS92: 0.112 | AT92: =O92*AS92*$AT$2/1000 -> 2.0044536 | AU92: 0.082 | AV92: =O92*AU92*$AV$2/1000 -> 1.413982 | AW92: 0.155 | AX92: =O92*AW92*$AX$2/1000 -> 2.67045 | AY92: =SUM(AS92+AU92+AW92) -> 0.349 | AZ92: =SUM(AT92+AV92+AX92) -> 6.0888857 | BA92: =SUM(AQ92+AY92) -> 0.861 | BB92: =SUM(AR92,AZ92) -> 15.137385
A93: 66 | E93: 소 계 | Q93: =SUM(Q60:Q92) -> 1377.913 | R93: =SUM(R60:R92) -> 7914.5906 | S93: =SUM(S60:S92) -> 148.352 | T93: =SUM(T60:T92) -> 831.75282 | U93: =SUM(U60:U92) -> 124.312 | V93: =SUM(V60:V92) -> 683.84207 | W93: =SUM(W60:W92) -> 122.906 | X93: =SUM(X60:X92) -> 689.02237 | ... BB93: =SUM(BB60:BB92) -> 4205.5338
A94: 67 | D94: LFD | E94: F8014_EPN | F94: 481B | H94: SY | I94: 13 | Q94: =SUM(AI94+BA94) -> 0 | R94: =SUM(AJ94+BB94) -> 0 | T94: =I94*S94*$T$2/1000 -> 0 | V94: =I94*U94*$V$2/1000 -> 0 | X94: =I94*W94*$X$2/1000 -> 0 | Y94: =SUM(S94+U94+W94) -> 0 | Z94: =SUM(T94+V94+X94) -> 0 | AB94: =K94*AA94*$AB$2/1000 -> 0 | AD94: =K94*AC94*$AD$2/1000 -> 0 | AF94: =K94*AE94*$AF$2/1000 -> 0 | AG94: =SUM(AA94+AC94+AE94) -> 0 | AH94: =SUM(AB94+AD94+AF94) -> 0 | AI94: =SUM(Y94+AG94) -> 0 | AJ94: =SUM(Z94,AH94) -> 0 | AL94: =M94*AK94*$AL$2/1000 -> 0 | AN94: =M94*AM94*$AN$2/1000 -> 0 | AP94: =M94*AO94*$AP$2/1000 -> 0 | AQ94: =SUM(AK94+AM94+AO94) -> 0 | AR94: =SUM(AL94+AN94+AP94) -> 0 | AT94: =O94*AS94*$AT$2/1000 -> 0 | AV94: =O94*AU94*$AV$2/1000 -> 0 | AX94: =O94*AW94*$AX$2/1000 -> 0 | AY94: =SUM(AS94+AU94+AW94) -> 0 | AZ94: =SUM(AT94+AV94+AX94) -> 0 | BA94: =SUM(AQ94+AY94) -> 0 | BB94: =SUM(AR94,AZ94) -> 0
A95: 68 | E95: L46SF_DPN | F95: 610B | H95: SY | I95: 11.45 | Q95: =SUM(AI95+BA95) -> 0 | R95: =SUM(AJ95+BB95) -> 0 | T95: =I95*S95*$T$2/1000 -> 0 | V95: =I95*U95*$V$2/1000 -> 0 | X95: =I95*W95*$X$2/1000 -> 0 | Y95: =SUM(S95+U95+W95) -> 0 | Z95: =SUM(T95+V95+X95) -> 0 | AB95: =K95*AA95*$AB$2/1000 -> 0 | AD95: =K95*AC95*$AD$2/1000 -> 0 | AF95: =K95*AE95*$AF$2/1000 -> 0 | AG95: =SUM(AA95+AC95+AE95) -> 0 | AH95: =SUM(AB95+AD95+AF95) -> 0 | AI95: =SUM(Y95+AG95) -> 0 | AJ95: =SUM(Z95,AH95) -> 0 | AL95: =M95*AK95*$AL$2/1000 -> 0 | AN95: =M95*AM95*$AN$2/1000 -> 0 | AP95: =M95*AO95*$AP$2/1000 -> 0 | AQ95: =SUM(AK95+AM95+AO95) -> 0 | AR95: =SUM(AL95+AN95+AP95) -> 0 | AT95: =O95*AS95*$AT$2/1000 -> 0 | AV95: =O95*AU95*$AV$2/1000 -> 0 | AX95: =O95*AW95*$AX$2/1000 -> 0 | AY95: =SUM(AS95+AU95+AW95) -> 0 | AZ95: =SUM(AT95+AV95+AX95) -> 0 | BA95: =SUM(AQ95+AY95) -> 0 | BB95: =SUM(AR95,AZ95) -> 0
A96: 69 | E96: SD45 | F96: 753A | H96: SY | I96: 4 | Q96: =SUM(AI96+BA96) -> 0 | R96: =SUM(AJ96+BB96) -> 0 | T96: =I96*S96*$T$2/1000 -> 0 | V96: =I96*U96*$V$2/1000 -> 0 | X96: =I96*W96*$X$2/1000 -> 0 | Y96: =SUM(S96+U96+W96) -> 0 | Z96: =SUM(T96+V96+X96) -> 0 | AB96: =K96*AA96*$AB$2/1000 -> 0 | AD96: =K96*AC96*$AD$2/1000 -> 0 | AF96: =K96*AE96*$AF$2/1000 -> 0 | AG96: =SUM(AA96+AC96+AE96) -> 0 | AH96: =SUM(AB96+AD96+AF96) -> 0 | AI96: =SUM(Y96+AG96) -> 0 | AJ96: =SUM(Z96,AH96) -> 0 | AL96: =M96*AK96*$AL$2/1000 -> 0 | AN96: =M96*AM96*$AN$2/1000 -> 0 | AP96: =M96*AO96*$AP$2/1000 -> 0 | AQ96: =SUM(AK96+AM96+AO96) -> 0 | AR96: =SUM(AL96+AN96+AP96) -> 0 | AT96: =O96*AS96*$AT$2/1000 -> 0 | AV96: =O96*AU96*$AV$2/1000 -> 0 | AX96: =O96*AW96*$AX$2/1000 -> 0 | AY96: =SUM(AS96+AU96+AW96) -> 0 | AZ96: =SUM(AT96+AV96+AX96) -> 0 | BA96: =SUM(AQ96+AY96) -> 0 | BB96: =SUM(AR96,AZ96) -> 0
A97: 70 | E97: L32S0Z_EPN | F97: 786A | H97: SY | I97: 19.9 | Q97: =SUM(AI97+BA97) -> 0 | R97: =SUM(AJ97+BB97) -> 0 | T97: =I97*S97*$T$2/1000 -> 0 | V97: =I97*U97*$V$2/1000 -> 0 | X97: =I97*W97*$X$2/1000 -> 0 | Y97: =SUM(S97+U97+W97) -> 0 | Z97: =SUM(T97+V97+X97) -> 0 | AB97: =K97*AA97*$AB$2/1000 -> 0 | AD97: =K97*AC97*$AD$2/1000 -> 0 | AF97: =K97*AE97*$AF$2/1000 -> 0 | AG97: =SUM(AA97+AC97+AE97) -> 0 | AH97: =SUM(AB97+AD97+AF97) -> 0 | AI97: =SUM(Y97+AG97) -> 0 | AJ97: =SUM(Z97,AH97) -> 0 | AL97: =M97*AK97*$AL$2/1000 -> 0 | AN97: =M97*AM97*$AN$2/1000 -> 0 | AP97: =M97*AO97*$AP$2/1000 -> 0 | AQ97: =SUM(AK97+AM97+AO97) -> 0 | AR97: =SUM(AL97+AN97+AP97) -> 0 | AT97: =O97*AS97*$AT$2/1000 -> 0 | AV97: =O97*AU97*$AV$2/1000 -> 0 | AX97: =O97*AW97*$AX$2/1000 -> 0 | AY97: =SUM(AS97+AU97+AW97) -> 0 | AZ97: =SUM(AT97+AV97+AX97) -> 0 | BA97: =SUM(AQ97+AY97) -> 0 | BB97: =SUM(AR97,AZ97) -> 0
A98: 71 | E98: 소 계 | Q98: =SUM(Q94:Q97) -> 0 | R98: =SUM(R94:R97) -> 0 | S98: =SUM(S94:S97) -> 0 | T98: =SUM(T94:T97) -> 0 | U98: =SUM(U94:U97) -> 0 | V98: =SUM(V94:V97) -> 0 | W98: =SUM(W94:W97) -> 0 | X98: =SUM(X94:X97) -> 0 | ... BB98: =SUM(BB94:BB97) -> 0
A99: 72 | D99: AV | E99: V70D_DPN(E) | F99: 297B | H99: QD | I99: 5.56 | Q99: =SUM(AI99+BA99) -> 0 | R99: =SUM(AJ99+BB99) -> 0 | T99: =I99*S99*$T$2/1000 -> 0 | V99: =I99*U99*$V$2/1000 -> 0 | X99: =I99*W99*$X$2/1000 -> 0 | Y99: =SUM(S99+U99+W99) -> 0 | Z99: =SUM(T99+V99+X99) -> 0 | AB99: =K99*AA99*$AB$2/1000 -> 0 | AD99: =K99*AC99*$AD$2/1000 -> 0 | AF99: =K99*AE99*$AF$2/1000 -> 0 | AG99: =SUM(AA99+AC99+AE99) -> 0 | AH99: =SUM(AB99+AD99+AF99) -> 0 | AI99: =SUM(Y99+AG99) -> 0 | AJ99: =SUM(Z99,AH99) -> 0 | AL99: =M99*AK99*$AL$2/1000 -> 0 | AN99: =M99*AM99*$AN$2/1000 -> 0 | AP99: =M99*AO99*$AP$2/1000 -> 0 | AQ99: =SUM(AK99+AM99+AO99) -> 0 | AR99: =SUM(AL99+AN99+AP99) -> 0 | AT99: =O99*AS99*$AT$2/1000 -> 0 | AV99: =O99*AU99*$AV$2/1000 -> 0 | AX99: =O99*AW99*$AX$2/1000 -> 0 | AY99: =SUM(AS99+AU99+AW99) -> 0 | AZ99: =SUM(AT99+AV99+AX99) -> 0 | BA99: =SUM(AQ99+AY99) -> 0 | BB99: =SUM(AR99,AZ99) -> 0
A100: 73 | E100: V70DN_DPN(E) | F100: 297C | H100: QD | I100: 6.2 | Q100: =SUM(AI100+BA100) -> 0 | R100: =SUM(AJ100+BB100) -> 0 | T100: =I100*S100*$T$2/1000 -> 0 | V100: =I100*U100*$V$2/1000 -> 0 | X100: =I100*W100*$X$2/1000 -> 0 | Y100: =SUM(S100+U100+W100) -> 0 | Z100: =SUM(T100+V100+X100) -> 0 | AB100: =K100*AA100*$AB$2/1000 -> 0 | AD100: =K100*AC100*$AD$2/1000 -> 0 | AF100: =K100*AE100*$AF$2/1000 -> 0 | AG100: =SUM(AA100+AC100+AE100) -> 0 | AH100: =SUM(AB100+AD100+AF100) -> 0 | AI100: =SUM(Y100+AG100) -> 0 | AJ100: =SUM(Z100,AH100) -> 0 | AL100: =M100*AK100*$AL$2/1000 -> 0 | AN100: =M100*AM100*$AN$2/1000 -> 0 | AP100: =M100*AO100*$AP$2/1000 -> 0 | AQ100: =SUM(AK100+AM100+AO100) -> 0 | AR100: =SUM(AL100+AN100+AP100) -> 0 | AT100: =O100*AS100*$AT$2/1000 -> 0 | AV100: =O100*AU100*$AV$2/1000 -> 0 | AX100: =O100*AW100*$AX$2/1000 -> 0 | AY100: =SUM(AS100+AU100+AW100) -> 0 | AZ100: =SUM(AT100+AV100+AX100) -> 0 | BA100: =SUM(AQ100+AY100) -> 0 | BB100: =SUM(AR100,AZ100) -> 0
...

Sheet Sheet1
C1: ='23년(세부_실적)'!B1 -> ▣ 23년 매출 마감현황
C2: ='23년(세부_실적)'!B2 -> 2024. 01. 19 | V2: ='23년(세부_실적)'!T2 -> 1245.69 | X2: ='23년(세부_실적)'!V2 -> 1274.22 | Z2: ='23년(세부_실적)'!X2 -> 1303.43 | AD2: ='23년(세부_실적)'!AB2 -> 1323.32 | AF2: ='23년(세부_실적)'!AD2-3 -> 1324.09 | AH2: ='23년(세부_실적)'!AF2 -> 1300.23 | AN2: ='23년(세부_실적)'!AL2 -> 1278.83 | AP2: ='23년(세부_실적)'!AN2 -> 1322.79 | AR2: ='23년(세부_실적)'!AP2 -> 1333.8 | AV2: ='23년(세부_실적)'!AT2 -> 1350.71 | AX2: ='23년(세부_실적)'!AV2 -> 1301.41 | AZ2: ='23년(세부_실적)'!AX2 -> 1300.28 | BI2: =V2 -> 1245.69 | BM2: =X2 -> 1274.22 | BQ2: =Z2 -> 1303.43 | BU2: =AD2 -> 1323.32 | BY2: =AF2 -> 1324.09 | CC2: =AH2 -> 1300.23 | CG2: =AN2 -> 1278.83 | CK2: =AP2 -> 1322.79 | CO2: =AR2 -> 1333.8 | CS2: =AV2 -> 1350.71 | CW2: =AX2 -> 1301.41 | DA2: =AZ2 -> 1300.28 | DB2: 매출 | DO2: 원가
C3: ='23년(세부_실적)'!B3 -> 거래선 | D3: ='23년(세부_실적)'!C3 -> 제품 | E3: ='23년(세부_실적)'!D3 -> Set | F3: ='23년(세부_실적)'!E3 -> 모델 | H3: ='23년(세부_실적)'!F3 -> Code | I3: ='23년(세부_실적)'!G3 -> 구분 | J3: ='23년(세부_실적)'!H3 -> 제조지 | K3: ='23년(세부_실적)'!I3 -> 단가 | S3: ='23년(세부_실적)'!Q3 -> 년계 | U3: ='23년(세부_실적)'!S3 -> 1월 | W3: ='23년(세부_실적)'!U3 -> 2월 | Y3: ='23년(세부_실적)'!W3 -> 3월 | AA3: ='23년(세부_실적)'!Y3 -> 1분기 | AC3: ='23년(세부_실적)'!AA3 -> 4월 | AE3: ='23년(세부_실적)'!AC3 -> 5월 | AG3: ='23년(세부_실적)'!AE3 -> 6월 | AI3: ='23년(세부_실적)'!AG3 -> 2분기 | AK3: ='23년(세부_실적)'!AI3 -> 상반기 | AM3: ='23년(세부_실적)'!AK3 -> 7월 | AO3: ='23년(세부_실적)'!AM3 -> 8월 | AQ3: ='23년(세부_실적)'!AO3 -> 9월 | AS3: ='23년(세부_실적)'!AQ3 -> 3분기 | AU3: ='23년(세부_실적)'!AS3 -> 10월 | AW3: ='23년(세부_실적)'!AU3 -> 11월 | AY3: ='23년(세부_실적)'!AW3 -> 12월 | BA3: ='23년(세부_실적)'!AY3 -> 4분기 | BC3: ='23년(세부_실적)'!BA3 -> 하반기 | BF3: 1월 | BJ3: 2월 | BN3: 3월 | BR3: 4월 | BV3: 5월 | BZ3: 6월 | CD3: 7월 | CH3: 8월 | CL3: 9월 | CP3: 10월 | CT3: 11월 | CX3: 12월 | DB3: 1월 | DC3: 2월 | DD3: 3월 | DE3: 4월 | DF3: 5월 | DG3: 6월 | DH3: 7월 | DI3: 8월 | DJ3: 9월 | DK3: 10월 | DL3: 11월 | DM3: 12월 | DO3: 1월 | DP3: 2월 | DQ3: 3월 | DR3: 4월 | DS3: 5월 | DT3: 6월 | DU3: 7월 | DV3: 8월 | DW3: 9월 | DX3: 10월 | DY3: 11월 | DZ3: 12월
K4: ='23년(세부_실적)'!I4 -> 1Q | M4: ='23년(세부_실적)'!K4 -> 2Q | O4: ='23년(세부_실적)'!M4 -> 3Q | Q4: ='23년(세부_실적)'!O4 -> 4Q | BF4: 가공비 | BG4: 재료비 | BH4: 판가 | BJ4: 가공비 | BK4: 재료비 | BL4: 판가 | BN4: 가공비 | BO4: 재료비 | BP4: 판가 | BR4: 가공비 | BS4: 재료비 | BT4: 판가 | BV4: 가공비 | BW4: 재료비 | BX4: 판가 | BZ4: 가공비 | CA4: 재료비 | CB4: 판가 | CD4: 가공비 | CE4: 재료비 | CF4: 판가 | CH4: 가공비 | CI4: 재료비 | CJ4: 판가 | CL4: 가공비 | CM4: 재료비 | CN4: 판가 | CP4: 가공비 | CQ4: 재료비 | CR4: 판가 | CT4: 가공비 | CU4: 재료비 | CV4: 판가 | CX4: 가공비 | CY4: 재료비 | CZ4: 판가
K5: ='23년(세부_실적)'!I5 -> USD | L5: ='23년(세부_실적)'!J5 -> KRW | M5: ='23년(세부_실적)'!K5 -> USD | N5: ='23년(세부_실적)'!L5 -> KRW | O5: ='23년(세부_실적)'!M5 -> USD | P5: ='23년(세부_실적)'!N5 -> KRW | Q5: ='23년(세부_실적)'!O5 -> USD | R5: ='23년(세부_실적)'!P5 -> KRW | S5: K | T5: EA | U5: K | V5: EA | W5: K | X5: EA | Y5: K | Z5: EA | AA5: K | AB5: EA | AC5: K | AD5: EA | AE5: K | AF5: EA | AG5: K | AH5: EA | AI5: K | AJ5: EA | AK5: K | AL5: EA | AM5: K | AN5: EA | AO5: K | AP5: EA | AQ5: K | AR5: EA | AS5: K | AT5: EA | AU5: K | AV5: EA | AW5: K | AX5: EA | AY5: K | AZ5: EA | BA5: K | BB5: EA | BC5: K | BD5: EA | BH5: $ | BI5: \ | BL5: $ | BM5: \ | BP5: $ | BQ5: \ | BT5: $ | BU5: \ | BX5: $ | BY5: \ | CB5: $ | CC5: \ | CF5: $ | CG5: \ | CJ5: $ | CK5: \ | CN5: $ | CO5: \ | CR5: $ | CS5: \ | CV5: $ | CW5: \ | CZ5: $ | DA5: \ | DB5: 15260100472 | DC5: 12915961849 | DD5: 16084860560 | DE5: 17515526429 | DF5: 17791309984 | DG5: 19187531241 | DH5: =+DH6 -> 0 | DI5: =+DI6*CK2 -> 0 | DJ5: =+DJ6*CO2 -> 0 | DK5: =+DK6*CS2 -> 0 | DL5: =+DL6*CW2 -> 0 | DM5: =+DM6*DA2 -> 0 | DO5: =+(DB5-DO6)/1000000 -> #REF! | DP5: =(DC5-DP6)/1000000 -> #REF! | DQ5: =(DD5-DQ6)/1000000 -> #REF! | DR5: =+(DE5-DR6)/1000000 -> #REF! | DS5: =+(DF5-DS6)/1000000 -> #REF! | DT5: =+(DG5-DT6)/1000000 -> #REF!
C6: ='23년(세부_실적)'!B6 -> 합 계 | L6: ='23년(세부_실적)'!J6 -> 0 | M6: ='23년(세부_실적)'!K6 -> 0 | N6: ='23년(세부_실적)'!L6 -> 0 | O6: ='23년(세부_실적)'!M6 -> 0 | P6: ='23년(세부_실적)'!N6 -> 0 | Q6: ='23년(세부_실적)'!O6 -> 0 | R6: ='23년(세부_실적)'!P6 -> 0 | S6: ='23년(세부_실적)'!Q6 -> 19455.781 | T6: =+S6*1000 -> 19455781 | U6: ='23년(세부_실적)'!S6 -> 1499.263 | V6: =+U6*1000 -> 1499263 | W6: ='23년(세부_실적)'!U6 -> 1721.058 | X6: =W6*1000 -> 1721058 | Y6: ='23년(세부_실적)'!W6 -> 1748.564 | Z6: =Y6*1000 -> 1748564 | AA6: ='23년(세부_실적)'!Y6 -> 4968.885 | AB6: =AA6*1000 -> 4968885 | AC6: ='23년(세부_실적)'!AA6 -> 1764.525 | AD6: =AC6*1000 -> 1764525 | AE6: ='23년(세부_실적)'!AC6 -> 1810.281 | AF6: =AE6*1000 -> 1810281 | AG6: ='23년(세부_실적)'!AE6 -> 1716.377 | AH6: =AG6*1000 -> 1716377 | AI6: ='23년(세부_실적)'!AG6 -> 5291.183 | AJ6: =AI6*1000 -> 5291183 | AK6: ='23년(세부_실적)'!AI6 -> 10260.068 | AL6: =AK6*1000 -> 10260068 | AM6: ='23년(세부_실적)'!AK6 -> 1786.742 | AN6: =AM6*1000 -> 1786742 | AO6: ='23년(세부_실적)'!AM6 -> 1754.012 | AP6: =AO6*1000 -> 1754012 | AQ6: ='23년(세부_실적)'!AO6 -> 1702.797 | AR6: =AQ6*1000 -> 1702797 | AS6: ='23년(세부_실적)'!AQ6 -> 5243.551 | AT6: =AS6*1000 -> 5243551 | AU6: ='23년(세부_실적)'!AS6 -> 1225.109 | AV6: =AU6*1000 -> 1225109 | AW6: ='23년(세부_실적)'!AU6 -> 1123.314 | AX6: =AW6*1000 -> 1123314 | AY6: ='23년(세부_실적)'!AW6 -> 1603.739 | AZ6: =AY6*1000 -> 1603739 | BA6: ='23년(세부_실적)'!AY6 -> 3952.162 | BB6: =BA6*1000 -> 3952162 | BC6: ='23년(세부_실적)'!BA6 -> 9195.713 | BD6: =BC6*1000 -> 9195713 | DB6: =SUM(DB7:DB823) -> #REF! | DC6: =SUM(DC7:DC823) -> #REF! | DD6: =SUM(DD7:DD823) -> #REF! | DE6: =SUM(DE7:DE823) -> #REF! | DF6: =SUM(DF7:DF823) -> #REF! | DG6: =SUM(DG7:DG823) -> #REF! | DO6: =SUM(DO7:DO823) -> #REF! | DP6: =SUM(DP7:DP823) -> #REF! | DQ6: =SUM(DQ7:DQ823) -> #REF! | DR6: =SUM(DR7:DR823) -> #REF! | DS6: =SUM(DS7:DS823) -> #REF! | DT6: =SUM(DT7:DT823) -> #REF! | DU6: =SUM(DU7:DU823) -> #REF! | DV6: =SUM(DV7:DV823) -> #REF! | ... DZ6: =SUM(DZ7:DZ823) -> #REF! | EF6: 매출 | EG6: 원가 | EH6: 매출이익
B7: ='23년(세부_실적)'!A7 -> 1 | C7: ='23년(세부_실적)'!B7 -> SEC VD | D7: ='23년(세부_실적)'!C7 -> PD-Board | E7: ='23년(세부_실적)'!D7 -> TV/MFM | F7: ='23년(세부_실적)'!E7 -> L22S0Q_EPN | G7: L22S0Q_EPN | H7: ='23년(세부_실적)'!F7 -> 692A | I7: ='23년(세부_실적)'!G7 -> 구 | J7: ='23년(세부_실적)'!H7 -> QD | K7: ='23년(세부_실적)'!I7 -> 4.12 | L7: ='23년(세부_실적)'!J7 -> 0 | M7: ='23년(세부_실적)'!K7 -> 4.12 | N7: ='23년(세부_실적)'!L7 -> 0 | O7: ='23년(세부_실적)'!M7 -> 4.12 | ... S7: ='23년(세부_실적)'!Q7 -> 0 | T7: =+S7*1000 -> 0 | U7: ='23년(세부_실적)'!S7 -> 0 | V7: =+U7*1000 -> 0 | W7: ='23년(세부_실적)'!U7 -> 0 | X7: =W7*1000 -> 0 | Y7: ='23년(세부_실적)'!W7 -> 0 | Z7: =Y7*1000 -> 0 | AA7: ='23년(세부_실적)'!Y7 -> 0 | AB7: =AA7*1000 -> 0 | AC7: ='23년(세부_실적)'!AA7 -> 0 | AD7: =AC7*1000 -> 0 | AE7: ='23년(세부_실적)'!AC7 -> 0 | AF7: =AE7*1000 -> 0 | AG7: ='23년(세부_실적)'!AE7 -> 0 | AH7: =AG7*1000 -> 0 | AI7: ='23년(세부_실적)'!AG7 -> 0 | AJ7: =AI7*1000 -> 0 | AK7: ='23년(세부_실적)'!AI7 -> 0 | AL7: =AK7*1000 -> 0 | AM7: ='23년(세부_실적)'!AK7 -> 0 | AN7: =AM7*1000 -> 0 | AO7: ='23년(세부_실적)'!AM7 -> 0 | AP7: =AO7*1000 -> 0 | AQ7: ='23년(세부_실적)'!AO7 -> 0 | AR7: =AQ7*1000 -> 0 | AS7: ='23년(세부_실적)'!AQ7 -> 0 | AT7: =AS7*1000 -> 0 | AU7: ='23년(세부_실적)'!AS7 -> 0 | AV7: =AU7*1000 -> 0 | AW7: ='23년(세부_실적)'!AU7 -> 0 | AX7: =AW7*1000 -> 0 | AY7: ='23년(세부_실적)'!AW7 -> 0 | AZ7: =AY7*1000 -> 0 | BA7: ='23년(세부_실적)'!AY7 -> 0 | BB7: =BA7*1000 -> 0 | BC7: ='23년(세부_실적)'!BA7 -> 0 | BD7: =BC7*1000 -> 0 | DB7: =+V7*BH7*$BI$2 -> 0 | DC7: =+X7*BL7*$BM$2 -> 0 | DD7: =+BP7*Z7*$BQ$2 -> 0 | DE7: =+AD7*BT7*$BU$2 -> 0 | DF7: =+BX7*AF7*$BY$2 -> 0 | DG7: =+CB7*AH7*$CC$2 -> 0 | DH7: =+CF7*AN7*$CG$2 -> 0 | DI7: =+CB7*AP7*$AP$2 -> 0 | DJ7: =+CN7*AR7*$AR$2 -> 0 | DK7: =+CR7*AV7*$AV$2 -> 0 | DL7: =+CV7*AX7*$AX$2 -> 0 | DM7: =+CZ7*AZ7*$AZ$2 -> 0 | DO7: =+(BF7+BG7)*V7*$V$2 -> 0 | DP7: =+(BJ7+BK7)*X7*$X$2 -> 0 | DQ7: =+(BN7+BO7)*Z7*$Z$2 -> 0 | DR7: =+(BR7+BS7)*AD7*$AD$2 -> 0 | DS7: =+(BV7+BW7)*AF7*$AF$2 -> 0 | DT7: =+(BZ7+CA7)*AH7*$AH$2 -> 0 | DU7: =+(CD7+CE7)*AN7*$AN$2 -> 0 | DV7: =+(CH7+CI7)*AP7*$AP$2 -> 0 | DW7: =+(CL7+CM7)*AR7*$AR$2 -> 0 | DX7: =+(CP7+CQ7)*AV7*$AV$2 -> 0 | DY7: =+(CT7+CU7)*AX7*$AX$2 -> 0 | DZ7: =+(CX7+CY7)*AZ7*$AZ$2 -> 0 | EF7: =SUM(EF14:EF24) -> #REF! | EG7: =SUM(EG14:EG24) -> #REF! | EH7: =SUM(EH14:EH24) -> #REF!
B8: ='23년(세부_실적)'!A8 -> 2 | F8: ='23년(세부_실적)'!E8 -> L23S0D_EPN | G8: L23S0D_EPN | H8: ='23년(세부_실적)'!F8 -> 746A | I8: ='23년(세부_실적)'!G8 -> 구 | J8: ='23년(세부_실적)'!H8 -> QD | K8: ='23년(세부_실적)'!I8 -> 4.13 | L8: ='23년(세부_실적)'!J8 -> 0 | M8: ='23년(세부_실적)'!K8 -> 4.13 | N8: ='23년(세부_실적)'!L8 -> 0 | O8: ='23년(세부_실적)'!M8 -> 4.13 | ... S8: ='23년(세부_실적)'!Q8 -> 0.028 | T8: =+S8*1000 -> 28 | U8: ='23년(세부_실적)'!S8 -> 0 | V8: =+U8*1000 -> 0 | W8: ='23년(세부_실적)'!U8 -> 0.028 | X8: =W8*1000 -> 28 | Y8: ='23년(세부_실적)'!W8 -> 0 | Z8: =Y8*1000 -> 0 | AA8: ='23년(세부_실적)'!Y8 -> 0.028 | AB8: =AA8*1000 -> 28 | AC8: ='23년(세부_실적)'!AA8 -> 0 | AD8: =AC8*1000 -> 0 | AE8: ='23년(세부_실적)'!AC8 -> 0 | AF8: =AE8*1000 -> 0 | AG8: ='23년(세부_실적)'!AE8 -> 0 | AH8: =AG8*1000 -> 0 | AI8: ='23년(세부_실적)'!AG8 -> 0 | AJ8: =AI8*1000 -> 0 | AK8: ='23년(세부_실적)'!AI8 -> 0.028 | AL8: =AK8*1000 -> 28 | AM8: ='23년(세부_실적)'!AK8 -> 0 | AN8: =AM8*1000 -> 0 | AO8: ='23년(세부_실적)'!AM8 -> 0 | AP8: =AO8*1000 -> 0 | AQ8: ='23년(세부_실적)'!AO8 -> 0 | AR8: =AQ8*1000 -> 0 | AS8: ='23년(세부_실적)'!AQ8 -> 0 | AT8: =AS8*1000 -> 0 | AU8: ='23년(세부_실적)'!AS8 -> 0 | AV8: =AU8*1000 -> 0 | AW8: ='23년(세부_실적)'!AU8 -> 0 | AX8: =AW8*1000 -> 0 | AY8: ='23년(세부_실적)'!AW8 -> 0 | AZ8: =AY8*1000 -> 0 | BA8: ='23년(세부_실적)'!AY8 -> 0 | BB8: =BA8*1000 -> 0 | BC8: ='23년(세부_실적)'!BA8 -> 0 | BD8: =BC8*1000 -> 0 | BF8: 0.66 | BG8: 3.0540567 | BH8: 3.4 | BJ8: 0.66 | BK8: 3.0540567 | BL8: 3.4 | BN8: 0.66 | BO8: 3.0540567 | BP8: 3.4 | BR8: 0.66 | BS8: 3.2041842 | BT8: 3.765 | BV8: 0.66 | BW8: 3.2041842 | BX8: 4.13 | BZ8: 0.66 | CA8: 3.2041842 | CB8: 4.13 | DB8: =+V8*BH8*$BI$2 -> 0 | DC8: =+X8*BL8*$BM$2 -> 121305.74 | DD8: =+BP8*Z8*$BQ$2 -> 0 | DE8: =+AD8*BT8*$BU$2 -> 0 | DF8: =+BX8*AF8*$BY$2 -> 0 | DG8: =+CB8*AH8*$CC$2 -> 0 | DH8: =+CF8*AN8*$CG$2 -> 0 | DI8: =+CB8*AP8*$AP$2 -> 0 | DJ8: =+CN8*AR8*$AR$2 -> 0 | DK8: =+CR8*AV8*$AV$2 -> 0 | DL8: =+CV8*AX8*$AX$2 -> 0 | DM8: =+CZ8*AZ8*$AZ$2 -> 0 | DO8: =+(BF8+BG8)*V8*$V$2 -> 0 | DP8: =+(BJ8+BK8)*X8*$X$2 -> 132510.71 | DQ8: =+(BN8+BO8)*Z8*$Z$2 -> 0 | DR8: =+(BR8+BS8)*AD8*$AD$2 -> 0 | DS8: =+(BV8+BW8)*AF8*$AF$2 -> 0 | DT8: =+(BZ8+CA8)*AH8*$AH$2 -> 0 | DU8: =+(CD8+CE8)*AN8*$AN$2 -> 0 | DV8: =+(CH8+CI8)*AP8*$AP$2 -> 0 | DW8: =+(CL8+CM8)*AR8*$AR$2 -> 0 | DX8: =+(CP8+CQ8)*AV8*$AV$2 -> 0 | DY8: =+(CT8+CU8)*AX8*$AX$2 -> 0 | DZ8: =+(CX8+CY8)*AZ8*$AZ$2 -> 0 | ED8: 삼성 VD | EE8: VD | EF8: =SUM(DB8:DG183) -> #REF! | EG8: =SUM(DO8:DT183) -> #REF! | EH8: =+EF8-EG8 -> #REF!
B9: ='23년(세부_실적)'!A9 -> 3 | F9: ='23년(세부_실적)'!E9 -> L23S0DN_EPN | G9: L23S0DN_EPN | H9: ='23년(세부_실적)'!F9 -> 746B | I9: ='23년(세부_실적)'!G9 -> 구 | J9: ='23년(세부_실적)'!H9 -> QD | K9: ='23년(세부_실적)'!I9 -> 4.3 | L9: ='23년(세부_실적)'!J9 -> 0 | M9: ='23년(세부_실적)'!K9 -> 4.28 | N9: ='23년(세부_실적)'!L9 -> 0 | O9: ='23년(세부_실적)'!M9 -> 4.28 | ... S9: ='23년(세부_실적)'!Q9 -> 34.832 | T9: =+S9*1000 -> 34832 | U9: ='23년(세부_실적)'!S9 -> 1.008 | V9: =+U9*1000 -> 1008 | W9: ='23년(세부_실적)'!U9 -> 0.784 | X9: =W9*1000 -> 784 | Y9: ='23년(세부_실적)'!W9 -> 7.182 | Z9: =Y9*1000 -> 7182 | AA9: ='23년(세부_실적)'!Y9 -> 8.974 | AB9: =AA9*1000 -> 8974 | AC9: ='23년(세부_실적)'!AA9 -> 2.352 | AD9: =AC9*1000 -> 2352 | AE9: ='23년(세부_실적)'!AC9 -> 0.84 | AF9: =AE9*1000 -> 840 | AG9: ='23년(세부_실적)'!AE9 -> 10.248 | AH9: =AG9*1000 -> 10248 | AI9: ='23년(세부_실적)'!AG9 -> 13.44 | AJ9: =AI9*1000 -> 13440 | AK9: ='23년(세부_실적)'!AI9 -> 22.414 | AL9: =AK9*1000 -> 22414 | AM9: ='23년(세부_실적)'!AK9 -> 1.008 | AN9: =AM9*1000 -> 1008 | AO9: ='23년(세부_실적)'!AM9 -> 6.048 | AP9: =AO9*1000 -> 6048 | AQ9: ='23년(세부_실적)'!AO9 -> 3.024 | AR9: =AQ9*1000 -> 3024 | AS9: ='23년(세부_실적)'!AQ9 -> 10.08 | AT9: =AS9*1000 -> 10080 | AU9: ='23년(세부_실적)'!AS9 -> 2.338 | AV9: =AU9*1000 -> 2338 | AW9: ='23년(세부_실적)'!AU9 -> 0 | AX9: =AW9*1000 -> 0 | AY9: ='23년(세부_실적)'!AW9 -> 0 | AZ9: =AY9*1000 -> 0 | BA9: ='23년(세부_실적)'!AY9 -> 2.338 | BB9: =BA9*1000 -> 2338 | BC9: ='23년(세부_실적)'!BA9 -> 12.418 | BD9: =BC9*1000 -> 12418 | BF9: 0.66 | BG9: 3.2676776 | BH9: 3.5 | BJ9: 0.66 | BK9: 3.2676776 | BL9: 3.5 | BN9: 0.66 | BO9: 3.2676776 | BP9: 3.5 | BR9: 0.66 | BS9: 3.4607031 | BT9: 3.9 | BV9: 0.66 | BW9: 3.4607031 | BX9: 4.3 | BZ9: 0.66 | CA9: 3.4607031 | CB9: 4.3 | DB9: =+V9*BH9*$BI$2 -> 4394794.3 | DC9: =+X9*BL9*$BM$2 -> 3496459.7 | DD9: =+BP9*Z9*$BQ$2 -> 32764320 | DE9: =+AD9*BT9*$BU$2 -> 12138550 | DF9: =+BX9*AF9*$BY$2 -> 4782613.1 | DG9: =+CB9*AH9*$CC$2 -> 57296455 | DH9: =+CF9*AN9*$CG$2 -> 0 | DI9: =+CB9*AP9*$AP$2 -> 34401006 | DJ9: =+CN9*AR9*$AR$2 -> 0 | DK9: =+CR9*AV9*$AV$2 -> 0 | DL9: =+CV9*AX9*$AX$2 -> 0 | DM9: =+CZ9*AZ9*$AZ$2 -> 0 | DO9: =+(BF9+BG9)*V9*$V$2 -> 4931810 | DP9: =+(BJ9+BK9)*X9*$X$2 -> 3923704.7 | DQ9: =+(BN9+BO9)*Z9*$Z$2 -> 36767910 | DR9: =+(BR9+BS9)*AD9*$AD$2 -> 12825477 | DS9: =+(BV9+BW9)*AF9*$AF$2 -> 4583192.7 | DT9: =+(BZ9+CA9)*AH9*$AH$2 -> 54907367 | DU9: =+(CD9+CE9)*AN9*$AN$2 -> 0 | DV9: =+(CH9+CI9)*AP9*$AP$2 -> 0 | DW9: =+(CL9+CM9)*AR9*$AR$2 -> 0 | DX9: =+(CP9+CQ9)*AV9*$AV$2 -> 0 | DY9: =+(CT9+CU9)*AX9*$AX$2 -> 0 | DZ9: =+(CX9+CY9)*AZ9*$AZ$2 -> 0 | EE9: JDM | EF9: =SUM(DB185:DG246) -> #REF! | EG9: =SUM(DO185:DT246) -> #REF! | EH9: =+EF9-EG9 -> #REF!
B10: ='23년(세부_실적)'!A10 -> 4 | F10: ='23년(세부_실적)'!E10 -> L23S0DS_EPN | G10: L23S0DS_EPN | H10: ='23년(세부_실적)'!F10 -> 746C | I10: ='23년(세부_실적)'!G10 -> 구 | J10: ='23년(세부_실적)'!H10 -> QD | K10: ='23년(세부_실적)'!I10 -> 4.27 | L10: ='23년(세부_실적)'!J10 -> 0 | M10: ='23년(세부_실적)'!K10 -> 4.27 | N10: ='23년(세부_실적)'!L10 -> 0 | O10: ='23년(세부_실적)'!M10 -> 4.27 | ... S10: ='23년(세부_실적)'!Q10 -> 0 | T10: =+S10*1000 -> 0 | U10: ='23년(세부_실적)'!S10 -> 0 | V10: =+U10*1000 -> 0 | W10: ='23년(세부_실적)'!U10 -> 0 | X10: =W10*1000 -> 0 | Y10: ='23년(세부_실적)'!W10 -> 0 | Z10: =Y10*1000 -> 0 | AA10: ='23년(세부_실적)'!Y10 -> 0 | AB10: =AA10*1000 -> 0 | AC10: ='23년(세부_실적)'!AA10 -> 0 | AD10: =AC10*1000 -> 0 | AE10: ='23년(세부_실적)'!AC10 -> 0 | AF10: =AE10*1000 -> 0 | AG10: ='23년(세부_실적)'!AE10 -> 0 | AH10: =AG10*1000 -> 0 | AI10: ='23년(세부_실적)'!AG10 -> 0 | AJ10: =AI10*1000 -> 0 | AK10: ='23년(세부_실적)'!AI10 -> 0 | AL10: =AK10*1000 -> 0 | AM10: ='23년(세부_실적)'!AK10 -> 0 | AN10: =AM10*1000 -> 0 | AO10: ='23년(세부_실적)'!AM10 -> 0 | AP10: =AO10*1000 -> 0 | AQ10: ='23년(세부_실적)'!AO10 -> 0 | AR10: =AQ10*1000 -> 0 | AS10: ='23년(세부_실적)'!AQ10 -> 0 | AT10: =AS10*1000 -> 0 | AU10: ='23년(세부_실적)'!AS10 -> 0 | AV10: =AU10*1000 -> 0 | AW10: ='23년(세부_실적)'!AU10 -> 0 | AX10: =AW10*1000 -> 0 | AY10: ='23년(세부_실적)'!AW10 -> 0 | AZ10: =AY10*1000 -> 0 | BA10: ='23년(세부_실적)'!AY10 -> 0 | BB10: =BA10*1000 -> 0 | BC10: ='23년(세부_실적)'!BA10 -> 0 | BD10: =BC10*1000 -> 0 | DB10: =+V10*BH10*$BI$2 -> 0 | DC10: =+X10*BL10*$BM$2 -> 0 | DD10: =+BP10*Z10*$BQ$2 -> 0 | DE10: =+AD10*BT10*$BU$2 -> 0 | DF10: =+BX10*AF10*$BY$2 -> 0 | DG10: =+CB10*AH10*$CC$2 -> 0 | DH10: =+CF10*AN10*$CG$2 -> 0 | DI10: =+CB10*AP10*$AP$2 -> 0 | DJ10: =+CN10*AR10*$AR$2 -> 0 | DK10: =+CR10*AV10*$AV$2 -> 0 | DL10: =+CV10*AX10*$AX$2 -> 0 | DM10: =+CZ10*AZ10*$AZ$2 -> 0 | DO10: =+(BF10+BG10)*V10*$V$2 -> 0 | DP10: =+(BJ10+BK10)*X10*$X$2 -> 0 | DQ10: =+(BN10+BO10)*Z10*$Z$2 -> 0 | DR10: =+(BR10+BS10)*AD10*$AD$2 -> 0 | DS10: =+(BV10+BW10)*AF10*$AF$2 -> 0 | DT10: =+(BZ10+CA10)*AH10*$AH$2 -> 0 | DU10: =+(CD10+CE10)*AN10*$AN$2 -> 0 | DV10: =+(CH10+CI10)*AP10*$AP$2 -> 0 | DW10: =+(CL10+CM10)*AR10*$AR$2 -> 0 | DX10: =+(CP10+CQ10)*AV10*$AV$2 -> 0 | DY10: =+(CT10+CU10)*AX10*$AX$2 -> 0 | DZ10: =+(CX10+CY10)*AZ10*$AZ$2 -> 0 | EE10: TV | EF10: =+SUM(DB7:DG7)+SUM(DB11:DG14)+SUM(DB19:DG23)+SUM(DB30:DG44) -> #REF! | EG10: =+SUM(DO7:DT7)+SUM(DO11:DT14)+SUM(DO19:DT23)+SUM(DO30:DT44) -> #REF! | EH10: =+EF10-EG10 -> #REF!
B11: ='23년(세부_실적)'!A11 -> 5 | F11: ='23년(세부_실적)'!E11 -> L23S0DMN_FPN | G11: L23S0DMN_FPN | H11: ='23년(세부_실적)'!F11 -> 746D | I11: ='23년(세부_실적)'!G11 -> 구 | J11: ='23년(세부_실적)'!H11 -> QD | K11: ='23년(세부_실적)'!I11 -> 5.21 | L11: ='23년(세부_실적)'!J11 -> 0 | M11: ='23년(세부_실적)'!K11 -> 5.21 | N11: ='23년(세부_실적)'!L11 -> 0 | O11: ='23년(세부_실적)'!M11 -> 5.21 | ... S11: ='23년(세부_실적)'!Q11 -> 0 | T11: =+S11*1000 -> 0 | U11: ='23년(세부_실적)'!S11 -> 0 | V11: =+U11*1000 -> 0 | W11: ='23년(세부_실적)'!U11 -> 0 | X11: =W11*1000 -> 0 | Y11: ='23년(세부_실적)'!W11 -> 0 | Z11: =Y11*1000 -> 0 | AA11: ='23년(세부_실적)'!Y11 -> 0 | AB11: =AA11*1000 -> 0 | AC11: ='23년(세부_실적)'!AA11 -> 0 | AD11: =AC11*1000 -> 0 | AE11: ='23년(세부_실적)'!AC11 -> 0 | AF11: =AE11*1000 -> 0 | AG11: ='23년(세부_실적)'!AE11 -> 0 | AH11: =AG11*1000 -> 0 | AI11: ='23년(세부_실적)'!AG11 -> 0 | AJ11: =AI11*1000 -> 0 | AK11: ='23년(세부_실적)'!AI11 -> 0 | AL11: =AK11*1000 -> 0 | AM11: ='23년(세부_실적)'!AK11 -> 0 | AN11: =AM11*1000 -> 0 | AO11: ='23년(세부_실적)'!AM11 -> 0 | AP11: =AO11*1000 -> 0 | AQ11: ='23년(세부_실적)'!AO11 -> 0 | AR11: =AQ11*1000 -> 0 | AS11: ='23년(세부_실적)'!AQ11 -> 0 | AT11: =AS11*1000 -> 0 | AU11: ='23년(세부_실적)'!AS11 -> 0 | AV11: =AU11*1000 -> 0 | AW11: ='23년(세부_실적)'!AU11 -> 0 | AX11: =AW11*1000 -> 0 | AY11: ='23년(세부_실적)'!AW11 -> 0 | AZ11: =AY11*1000 -> 0 | BA11: ='23년(세부_실적)'!AY11 -> 0 | BB11: =BA11*1000 -> 0 | BC11: ='23년(세부_실적)'!BA11 -> 0 | BD11: =BC11*1000 -> 0 | BF11: 0.66 | BG11: 3.9150973 | BJ11: 0.66 | BK11: 3.9150973 | BN11: 0.66 | BO11: 3.9150973 | BR11: 0.66 | BS11: 3.9820478 | BV11: 0.66 | BW11: 3.9820478 | BZ11: 0.66 | CA11: 3.9820478 | DB11: =+V11*BH11*$BI$2 -> 0 | DC11: =+X11*BL11*$BM$2 -> 0 | DD11: =+BP11*Z11*$BQ$2 -> 0 | DE11: =+AD11*BT11*$BU$2 -> 0 | DF11: =+BX11*AF11*$BY$2 -> 0 | DG11: =+CB11*AH11*$CC$2 -> 0 | DH11: =+CF11*AN11*$CG$2 -> 0 | DI11: =+CB11*AP11*$AP$2 -> 0 | DJ11: =+CN11*AR11*$AR$2 -> 0 | DK11: =+CR11*AV11*$AV$2 -> 0 | DL11: =+CV11*AX11*$AX$2 -> 0 | DM11: =+CZ11*AZ11*$AZ$2 -> 0 | DO11: =+(BF11+BG11)*V11*$V$2 -> 0 | DP11: =+(BJ11+BK11)*X11*$X$2 -> 0 | DQ11: =+(BN11+BO11)*Z11*$Z$2 -> 0 | DR11: =+(BR11+BS11)*AD11*$AD$2 -> 0 | DS11: =+(BV11+BW11)*AF11*$AF$2 -> 0 | DT11: =+(BZ11+CA11)*AH11*$AH$2 -> 0 | DU11: =+(CD11+CE11)*AN11*$AN$2 -> 0 | DV11: =+(CH11+CI11)*AP11*$AP$2 -> 0 | DW11: =+(CL11+CM11)*AR11*$AR$2 -> 0 | DX11: =+(CP11+CQ11)*AV11*$AV$2 -> 0 | DY11: =+(CT11+CU11)*AX11*$AX$2 -> 0 | DZ11: =+(CX11+CY11)*AZ11*$AZ$2 -> 0 | EE11: MNT | EF11: =SUM(DB8:DG10)+SUM(DB15:DG18)+SUM(DB25:DG27)+SUM(DB46:DG71)+SUM(DB107:DG143)+SUM(DB153:DG154)+SUM(DB185:DG203) -> #REF! | EG11: =SUM(DO8:DT10)+SUM(DO15:DT18)+SUM(DO25:DT27)+SUM(DO46:DT71)+SUM(DO107:DT143)+SUM(DO153:DT154)+SUM(DO185:DT203) -> #REF! | EH11: =+EF11-EG11 -> #REF!
B12: ='23년(세부_실적)'!A12 -> 6 | F12: ='23년(세부_실적)'!E12 -> L23S0DF_FPN | G12: L23S0DF_FPN | H12: ='23년(세부_실적)'!F12 -> 746E | I12: ='23년(세부_실적)'!G12 -> 구 | J12: ='23년(세부_실적)'!H12 -> QD | K12: ='23년(세부_실적)'!I12 -> 6.32 | L12: ='23년(세부_실적)'!J12 -> 0 | M12: ='23년(세부_실적)'!K12 -> 6.32 | N12: ='23년(세부_실적)'!L12 -> 0 | O12: ='23년(세부_실적)'!M12 -> 6.32 | ... S12: ='23년(세부_실적)'!Q12 -> 0 | T12: =+S12*1000 -> 0 | U12: ='23년(세부_실적)'!S12 -> 0 | V12: =+U12*1000 -> 0 | W12: ='23년(세부_실적)'!U12 -> 0 | X12: =W12*1000 -> 0 | Y12: ='23년(세부_실적)'!W12 -> 0 | Z12: =Y12*1000 -> 0 | AA12: ='23년(세부_실적)'!Y12 -> 0 | AB12: =AA12*1000 -> 0 | AC12: ='23년(세부_실적)'!AA12 -> 0 | AD12: =AC12*1000 -> 0 | AE12: ='23년(세부_실적)'!AC12 -> 0 | AF12: =AE12*1000 -> 0 | AG12: ='23년(세부_실적)'!AE12 -> 0 | AH12: =AG12*1000 -> 0 | AI12: ='23년(세부_실적)'!AG12 -> 0 | AJ12: =AI12*1000 -> 0 | AK12: ='23년(세부_실적)'!AI12 -> 0 | AL12: =AK12*1000 -> 0 | AM12: ='23년(세부_실적)'!AK12 -> 0 | AN12: =AM12*1000 -> 0 | AO12: ='23년(세부_실적)'!AM12 -> 0 | AP12: =AO12*1000 -> 0 | AQ12: ='23년(세부_실적)'!AO12 -> 0 | AR12: =AQ12*1000 -> 0 | AS12: ='23년(세부_실적)'!AQ12 -> 0 | AT12: =AS12*1000 -> 0 | AU12: ='23년(세부_실적)'!AS12 -> 0 | AV12: =AU12*1000 -> 0 | AW12: ='23년(세부_실적)'!AU12 -> 0 | AX12: =AW12*1000 -> 0 | AY12: ='23년(세부_실적)'!AW12 -> 0 | AZ12: =AY12*1000 -> 0 | BA12: ='23년(세부_실적)'!AY12 -> 0 | BB12: =BA12*1000 -> 0 | BC12: ='23년(세부_실적)'!BA12 -> 0 | BD12: =BC12*1000 -> 0 | DB12: =+V12*BH12*$BI$2 -> 0 | DC12: =+X12*BL12*$BM$2 -> 0 | DD12: =+BP12*Z12*$BQ$2 -> 0 | DE12: =+AD12*BT12*$BU$2 -> 0 | DF12: =+BX12*AF12*$BY$2 -> 0 | DG12: =+CB12*AH12*$CC$2 -> 0 | DH12: =+CF12*AN12*$CG$2 -> 0 | DI12: =+CB12*AP12*$AP$2 -> 0 | DJ12: =+CN12*AR12*$AR$2 -> 0 | DK12: =+CR12*AV12*$AV$2 -> 0 | DL12: =+CV12*AX12*$AX$2 -> 0 | DM12: =+CZ12*AZ12*$AZ$2 -> 0 | DO12: =+(BF12+BG12)*V12*$V$2 -> 0 | DP12: =+(BJ12+BK12)*X12*$X$2 -> 0 | DQ12: =+(BN12+BO12)*Z12*$Z$2 -> 0 | DR12: =+(BR12+BS12)*AD12*$AD$2 -> 0 | DS12: =+(BV12+BW12)*AF12*$AF$2 -> 0 | DT12: =+(BZ12+CA12)*AH12*$AH$2 -> 0 | DU12: =+(CD12+CE12)*AN12*$AN$2 -> 0 | DV12: =+(CH12+CI12)*AP12*$AP$2 -> 0 | DW12: =+(CL12+CM12)*AR12*$AR$2 -> 0 | DX12: =+(CP12+CQ12)*AV12*$AV$2 -> 0 | DY12: =+(CT12+CU12)*AX12*$AX$2 -> 0 | DZ12: =+(CX12+CY12)*AZ12*$AZ$2 -> 0 | EE12: AV | EF12: =SUM(DB78:DG105)+SUM(DB149:DG152)+SUM(DB155:DG160)+SUM(DB208:DG245) -> #REF! | EG12: =SUM(DO78:DT105)+SUM(DO149:DT152)+SUM(DO155:DT160)+SUM(DO208:DT245) -> #REF! | EH12: =+EF12-EG12 -> #REF!
B13: ='23년(세부_실적)'!A13 -> 7 | F13: ='23년(세부_실적)'!E13 -> L23S0DSR_MPN | G13: L23S0DSR_MPN | H13: ='23년(세부_실적)'!F13 -> 746F | I13: ='23년(세부_실적)'!G13 -> 구 | J13: ='23년(세부_실적)'!H13 -> QD | K13: ='23년(세부_실적)'!I13 -> 5.03 | L13: ='23년(세부_실적)'!J13 -> 0 | M13: ='23년(세부_실적)'!K13 -> 5.02 | N13: ='23년(세부_실적)'!L13 -> 0 | O13: ='23년(세부_실적)'!M13 -> 5.02 | ... S13: ='23년(세부_실적)'!Q13 -> 126.203 | T13: =+S13*1000 -> 126203 | U13: ='23년(세부_실적)'!S13 -> 0 | V13: =+U13*1000 -> 0 | W13: ='23년(세부_실적)'!U13 -> 20.303 | X13: =W13*1000 -> 20303 | Y13: ='23년(세부_실적)'!W13 -> 6.962 | Z13: =Y13*1000 -> 6962 | AA13: ='23년(세부_실적)'!Y13 -> 27.265 | AB13: =AA13*1000 -> 27265 | AC13: ='23년(세부_실적)'!AA13 -> 19.536 | AD13: =AC13*1000 -> 19536 | AE13: ='23년(세부_실적)'!AC13 -> 6.048 | AF13: =AE13*1000 -> 6048 | AG13: ='23년(세부_실적)'!AE13 -> 12.24 | AH13: =AG13*1000 -> 12240 | AI13: ='23년(세부_실적)'!AG13 -> 37.824 | AJ13: =AI13*1000 -> 37824 | AK13: ='23년(세부_실적)'!AI13 -> 65.089 | AL13: =AK13*1000 -> 65089 | AM13: ='23년(세부_실적)'!AK13 -> 13.632 | AN13: =AM13*1000 -> 13632 | AO13: ='23년(세부_실적)'!AM13 -> 14.4 | AP13: =AO13*1000 -> 14400 | AQ13: ='23년(세부_실적)'!AO13 -> 15.96 | AR13: =AQ13*1000 -> 15960 | AS13: ='23년(세부_실적)'!AQ13 -> 43.992 | AT13: =AS13*1000 -> 43992 | AU13: ='23년(세부_실적)'!AS13 -> 3.61 | AV13: =AU13*1000 -> 3610 | AW13: ='23년(세부_실적)'!AU13 -> 0 | AX13: =AW13*1000 -> 0 | AY13: ='23년(세부_실적)'!AW13 -> 13.512 | AZ13: =AY13*1000 -> 13512 | BA13: ='23년(세부_실적)'!AY13 -> 17.122 | BB13: =BA13*1000 -> 17122 | BC13: ='23년(세부_실적)'!BA13 -> 61.114 | BD13: =BC13*1000 -> 61114 | BF13: 0.66 | BG13: 3.3310047 | BH13: 3.5 | BJ13: 0.66 | BK13: 3.3310047 | BL13: 3.5 | BN13: 0.66 | BO13: 3.3310047 | BP13: 3.5 | BR13: 0.66 | BS13: 3.5337022 | BT13: 4.04 | BV13: 0.66 | BW13: 3.5337022 | BX13: 4.58 | BZ13: 0.66 | CA13: 3.5337022 | CB13: 4.58 | DB13: =+V13*BH13*$BI$2 -> 0 | DC13: =+X13*BL13*$BM$2 -> 90546710 | DD13: =+BP13*Z13*$BQ$2 -> 31760679 | DE13: =+AD13*BT13*$BU$2 -> 1.0444361e+08 | DF13: =+BX13*AF13*$BY$2 -> 36677081 | DG13: =+CB13*AH13*$CC$2 -> 72889854 | DH13: =+CF13*AN13*$CG$2 -> 0 | DI13: =+CB13*AP13*$AP$2 -> 87240646 | DJ13: =+CN13*AR13*$AR$2 -> 0 | DK13: =+CR13*AV13*$AV$2 -> 0 | DL13: =+CV13*AX13*$AX$2 -> 0 | DM13: =+CZ13*AZ13*$AZ$2 -> 0 | DO13: =+(BF13+BG13)*V13*$V$2 -> 0 | DP13: =+(BJ13+BK13)*X13*$X$2 -> 1.0324924e+08 | DQ13: =+(BN13+BO13)*Z13*$Z$2 -> 36216291 | DR13: =+(BR13+BS13)*AD13*$AD$2 -> 1.0841718e+08 | DS13: =+(BV13+BW13)*AF13*$AF$2 -> 33583571 | DT13: =+(BZ13+CA13)*AH13*$AH$2 -> 66741995 | DU13: =+(CD13+CE13)*AN13*$AN$2 -> 0 | DV13: =+(CH13+CI13)*AP13*$AP$2 -> 0 | DW13: =+(CL13+CM13)*AR13*$AR$2 -> 0 | DX13: =+(CP13+CQ13)*AV13*$AV$2 -> 0 | DY13: =+(CT13+CU13)*AX13*$AX$2 -> 0 | DZ13: =+(CX13+CY13)*AZ13*$AZ$2 -> 0 | EE13: STB외 | EF13: =SUM(DB162:DG175)+SUM(DB204:DG207) -> #REF! | EG13: =SUM(DO162:DT175)+SUM(DO204:DT207) -> #REF! | EH13: =+EF13-EG13 -> #REF!
B14: ='23년(세부_실적)'!A14 -> 8 | F14: ='23년(세부_실적)'!E14 -> L23S0DSR_RPN | G14: L23S0DSR_RPN | H14: ='23년(세부_실적)'!F14 -> 746G | I14: ='23년(세부_실적)'!G14 -> 구 | J14: ='23년(세부_실적)'!H14 -> QD | K14: ='23년(세부_실적)'!I14 -> 5.03 | L14: ='23년(세부_실적)'!J14 -> 0 | M14: ='23년(세부_실적)'!K14 -> 5.03 | N14: ='23년(세부_실적)'!L14 -> 0 | O14: ='23년(세부_실적)'!M14 -> 5.03 | ... S14: ='23년(세부_실적)'!Q14 -> 4.212 | T14: =+S14*1000 -> 4212 | U14: ='23년(세부_실적)'!S14 -> 0 | V14: =+U14*1000 -> 0 | W14: ='23년(세부_실적)'!U14 -> 0 | X14: =W14*1000 -> 0 | Y14: ='23년(세부_실적)'!W14 -> 1.5 | Z14: =Y14*1000 -> 1500 | AA14: ='23년(세부_실적)'!Y14 -> 1.5 | AB14: =AA14*1000 -> 1500 | AC14: ='23년(세부_실적)'!AA14 -> 0 | AD14: =AC14*1000 -> 0 | AE14: ='23년(세부_실적)'!AC14 -> 0 | AF14: =AE14*1000 -> 0 | AG14: ='23년(세부_실적)'!AE14 -> 0.6 | AH14: =AG14*1000 -> 600 | AI14: ='23년(세부_실적)'!AG14 -> 0.6 | AJ14: =AI14*1000 -> 600 | AK14: ='23년(세부_실적)'!AI14 -> 2.1 | AL14: =AK14*1000 -> 2100 | AM14: ='23년(세부_실적)'!AK14 -> 0 | AN14: =AM14*1000 -> 0 | AO14: ='23년(세부_실적)'!AM14 -> 0 | AP14: =AO14*1000 -> 0 | AQ14: ='23년(세부_실적)'!AO14 -> 0.744 | AR14: =AQ14*1000 -> 744 | AS14: ='23년(세부_실적)'!AQ14 -> 0.744 | AT14: =AS14*1000 -> 744 | AU14: ='23년(세부_실적)'!AS14 -> 0.336 | AV14: =AU14*1000 -> 336 | AW14: ='23년(세부_실적)'!AU14 -> 0.384 | AX14: =AW14*1000 -> 384 | AY14: ='23년(세부_실적)'!AW14 -> 0.648 | AZ14: =AY14*1000 -> 648 | BA14: ='23년(세부_실적)'!AY14 -> 1.368 | BB14: =BA14*1000 -> 1368 | BC14: ='23년(세부_실적)'!BA14 -> 2.112 | BD14: =BC14*1000 -> 2112 | BF14: 0.66 | BG14: 3.3256956 | BH14: 3.8 | BJ14: 0.66 | BK14: 3.3256956 | BL14: 3.8 | BN14: 0.66 | BO14: 3.3256956 | BP14: 3.8 | BR14: 0.66 | BS14: 3.5283931 | BT14: 4.19 | BV14: 0.66 | BW14: 3.5283931 | BX14: 3.8 | BZ14: 0.66 | CA14: 3.5283931 | CB14: 4.58 | DB14: =+V14*BH14*$BI$2 -> 0 | DC14: =+X14*BL14*$BM$2 -> 0 | DD14: =+BP14*Z14*$BQ$2 -> 7429551 | DE14: =+AD14*BT14*$BU$2 -> 0 | DF14: =+BX14*AF14*$BY$2 -> 0 | DG14: =+CB14*AH14*$CC$2 -> 3573032 | DH14: =+CF14*AN14*$CG$2 -> 0 | DI14: =+CB14*AP14*$AP$2 -> 0 | DJ14: =+CN14*AR14*$AR$2 -> 0 | DK14: =+CR14*AV14*$AV$2 -> 0 | DL14: =+CV14*AX14*$AX$2 -> 0 | DM14: =+CZ14*AZ14*$AZ$2 -> 0 | DO14: =+(BF14+BG14)*V14*$V$2 -> 0 | DP14: =+(BJ14+BK14)*X14*$X$2 -> 0 | DQ14: =+(BN14+BO14)*Z14*$Z$2 -> 7792612.8 | DR14: =+(BR14+BS14)*AD14*$AD$2 -> 0 | DS14: =+(BV14+BW14)*AF14*$AF$2 -> 0 | DT14: =+(BZ14+CA14)*AH14*$AH$2 -> 3267524.6 | DU14: =+(CD14+CE14)*AN14*$AN$2 -> 0 | DV14: =+(CH14+CI14)*AP14*$AP$2 -> 0 | DW14: =+(CL14+CM14)*AR14*$AR$2 -> 0 | DX14: =+(CP14+CQ14)*AV14*$AV$2 -> 0 | DY14: =+(CT14+CU14)*AX14*$AX$2 -> 0 | DZ14: =+(CX14+CY14)*AZ14*$AZ$2 -> 0 | EE14: 계 | EF14: =+EF8+EF9 -> #REF! | EG14: =+EG8+EG9 -> #REF! | EH14: =+EH8+EH9 -> #REF!
B15: ='23년(세부_실적)'!A15 -> 9 | F15: ='23년(세부_실적)'!E15 -> L32S0X_EPN | G15: L32S0X_EPN | H15: ='23년(세부_실적)'!F15 -> 750A | I15: ='23년(세부_실적)'!G15 -> 구 | J15: ='23년(세부_실적)'!H15 -> QD | K15: ='23년(세부_실적)'!I15 -> 10.06 | L15: ='23년(세부_실적)'!J15 -> 0 | M15: ='23년(세부_실적)'!K15 -> 10.06 | N15: ='23년(세부_실적)'!L15 -> 0 | O15: ='23년(세부_실적)'!M15 -> 10.06 | ... S15: ='23년(세부_실적)'!Q15 -> 0 | T15: =+S15*1000 -> 0 | U15: ='23년(세부_실적)'!S15 -> 0 | V15: =+U15*1000 -> 0 | W15: ='23년(세부_실적)'!U15 -> 0 | X15: =W15*1000 -> 0 | Y15: ='23년(세부_실적)'!W15 -> 0 | Z15: =Y15*1000 -> 0 | AA15: ='23년(세부_실적)'!Y15 -> 0 | AB15: =AA15*1000 -> 0 | AC15: ='23년(세부_실적)'!AA15 -> 0 | AD15: =AC15*1000 -> 0 | AE15: ='23년(세부_실적)'!AC15 -> 0 | AF15: =AE15*1000 -> 0 | AG15: ='23년(세부_실적)'!AE15 -> 0 | AH15: =AG15*1000 -> 0 | AI15: ='23년(세부_실적)'!AG15 -> 0 | AJ15: =AI15*1000 -> 0 | AK15: ='23년(세부_실적)'!AI15 -> 0 | AL15: =AK15*1000 -> 0 | AM15: ='23년(세부_실적)'!AK15 -> 0 | AN15: =AM15*1000 -> 0 | AO15: ='23년(세부_실적)'!AM15 -> 0 | AP15: =AO15*1000 -> 0 | AQ15: ='23년(세부_실적)'!AO15 -> 0 | AR15: =AQ15*1000 -> 0 | AS15: ='23년(세부_실적)'!AQ15 -> 0 | AT15: =AS15*1000 -> 0 | AU15: ='23년(세부_실적)'!AS15 -> 0 | AV15: =AU15*1000 -> 0 | AW15: ='23년(세부_실적)'!AU15 -> 0 | AX15: =AW15*1000 -> 0 | AY15: ='23년(세부_실적)'!AW15 -> 0 | AZ15: =AY15*1000 -> 0 | BA15: ='23년(세부_실적)'!AY15 -> 0 | BB15: =BA15*1000 -> 0 | BC15: ='23년(세부_실적)'!BA15 -> 0 | BD15: =BC15*1000 -> 0 | BF15: 1 | BG15: 7.948543 | BH15: 7.2 | BJ15: 1 | BK15: 7.948543 | BN15: 1 | BO15: 7.948543 | BP15: 7.2 | BR15: 1 | BS15: 8.27516 | BT15: 8.63 | BV15: 1 | BW15: 8.27516 | BX15: 10.06 | BZ15: 1 | CA15: 8.27516 | CB15: 10.06 | DB15: =+V15*BH15*$BI$2 -> 0 | DC15: =+X15*BL15*$BM$2 -> 0 | DD15: =+BP15*Z15*$BQ$2 -> 0 | DE15: =+AD15*BT15*$BU$2 -> 0 | DF15: =+BX15*AF15*$BY$2 -> 0 | DG15: =+CB15*AH15*$CC$2 -> 0 | DH15: =+CF15*AN15*$CG$2 -> 0 | DI15: =+CB15*AP15*$AP$2 -> 0 | DJ15: =+CN15*AR15*$AR$2 -> 0 | DK15: =+CR15*AV15*$AV$2 -> 0 | DL15: =+CV15*AX15*$AX$2 -> 0 | DM15: =+CZ15*AZ15*$AZ$2 -> 0 | DO15: =+(BF15+BG15)*V15*$V$2 -> 0 | DP15: =+(BJ15+BK15)*X15*$X$2 -> 0 | DQ15: =+(BN15+BO15)*Z15*$Z$2 -> 0 | DR15: =+(BR15+BS15)*AD15*$AD$2 -> 0 | DS15: =+(BV15+BW15)*AF15*$AF$2 -> 0 | DT15: =+(BZ15+CA15)*AH15*$AH$2 -> 0 | DU15: =+(CD15+CE15)*AN15*$AN$2 -> 0 | DV15: =+(CH15+CI15)*AP15*$AP$2 -> 0 | DW15: =+(CL15+CM15)*AR15*$AR$2 -> 0 | DX15: =+(CP15+CQ15)*AV15*$AV$2 -> 0 | DY15: =+(CT15+CU15)*AX15*$AX$2 -> 0 | DZ15: =+(CX15+CY15)*AZ15*$AZ$2 -> 0 | ED15: 머큐리 | EE15: AP 공유기 | EF15: =SUM(DB560:DG566) -> #REF! | EG15: =SUM(DO560:DT566) -> #REF! | EH15: =+EF15-EG15 -> #REF!
B16: ='23년(세부_실적)'!A16 -> 10 | F16: ='23년(세부_실적)'!E16 -> L32S0XN_EPN | G16: L32S0XN_EPN | H16: ='23년(세부_실적)'!F16 -> 750B | I16: ='23년(세부_실적)'!G16 -> 구 | J16: ='23년(세부_실적)'!H16 -> QD | K16: ='23년(세부_실적)'!I16 -> 12.19 | L16: ='23년(세부_실적)'!J16 -> 0 | M16: ='23년(세부_실적)'!K16 -> 12.19 | N16: ='23년(세부_실적)'!L16 -> 0 | O16: ='23년(세부_실적)'!M16 -> 12.19 | ... S16: ='23년(세부_실적)'!Q16 -> 0 | T16: =+S16*1000 -> 0 | U16: ='23년(세부_실적)'!S16 -> 0 | V16: =+U16*1000 -> 0 | W16: ='23년(세부_실적)'!U16 -> 0 | X16: =W16*1000 -> 0 | Y16: ='23년(세부_실적)'!W16 -> 0 | Z16: =Y16*1000 -> 0 | AA16: ='23년(세부_실적)'!Y16 -> 0 | AB16: =AA16*1000 -> 0 | AC16: ='23년(세부_실적)'!AA16 -> 0 | AD16: =AC16*1000 -> 0 | AE16: ='23년(세부_실적)'!AC16 -> 0 | AF16: =AE16*1000 -> 0 | AG16: ='23년(세부_실적)'!AE16 -> 0 | AH16: =AG16*1000 -> 0 | AI16: ='23년(세부_실적)'!AG16 -> 0 | AJ16: =AI16*1000 -> 0 | AK16: ='23년(세부_실적)'!AI16 -> 0 | AL16: =AK16*1000 -> 0 | AM16: ='23년(세부_실적)'!AK16 -> 0 | AN16: =AM16*1000 -> 0 | AO16: ='23년(세부_실적)'!AM16 -> 0 | AP16: =AO16*1000 -> 0 | AQ16: ='23년(세부_실적)'!AO16 -> 0 | AR16: =AQ16*1000 -> 0 | AS16: ='23년(세부_실적)'!AQ16 -> 0 | AT16: =AS16*1000 -> 0 | AU16: ='23년(세부_실적)'!AS16 -> 0 | AV16: =AU16*1000 -> 0 | AW16: ='23년(세부_실적)'!AU16 -> 0 | AX16: =AW16*1000 -> 0 | AY16: ='23년(세부_실적)'!AW16 -> 0 | AZ16: =AY16*1000 -> 0 | BA16: ='23년(세부_실적)'!AY16 -> 0 | BB16: =BA16*1000 -> 0 | BC16: ='23년(세부_실적)'!BA16 -> 0 | BD16: =BC16*1000 -> 0 | DB16: =+V16*BH16*$BI$2 -> 0 | DC16: =+X16*BL16*$BM$2 -> 0 | DD16: =+BP16*Z16*$BQ$2 -> 0 | DE16: =+AD16*BT16*$BU$2 -> 0 | DF16: =+BX16*AF16*$BY$2 -> 0 | DG16: =+CB16*AH16*$CC$2 -> 0 | DH16: =+CF16*AN16*$CG$2 -> 0 | DI16: =+CB16*AP16*$AP$2 -> 0 | DJ16: =+CN16*AR16*$AR$2 -> 0 | DK16: =+CR16*AV16*$AV$2 -> 0 | DL16: =+CV16*AX16*$AX$2 -> 0 | DM16: =+CZ16*AZ16*$AZ$2 -> 0 | DO16: =+(BF16+BG16)*V16*$V$2 -> 0 | DP16: =+(BJ16+BK16)*X16*$X$2 -> 0 | DQ16: =+(BN16+BO16)*Z16*$Z$2 -> 0 | DR16: =+(BR16+BS16)*AD16*$AD$2 -> 0 | DS16: =+(BV16+BW16)*AF16*$AF$2 -> 0 | DT16: =+(BZ16+CA16)*AH16*$AH$2 -> 0 | DU16: =+(CD16+CE16)*AN16*$AN$2 -> 0 | DV16: =+(CH16+CI16)*AP16*$AP$2 -> 0 | DW16: =+(CL16+CM16)*AR16*$AR$2 -> 0 | DX16: =+(CP16+CQ16)*AV16*$AV$2 -> 0 | DY16: =+(CT16+CU16)*AX16*$AX$2 -> 0 | DZ16: =+(CX16+CY16)*AZ16*$AZ$2 -> 0 | ED16: 삼성가전 | EE16: 에어컨외 | EF16: =SUM(DB247:DG306) -> 5.2741068e+09 | EG16: =SUM(DO247:DT306) -> 4.9132607e+09 | EH16: =+EF16-EG16 -> 3.6084607e+08
B17: ='23년(세부_실적)'!A17 -> 11 | F17: ='23년(세부_실적)'!E17 -> F24SFD_APN | G17: F24SFD_APN | H17: ='23년(세부_실적)'!F17 -> 1122A | I17: ='23년(세부_실적)'!G17 -> 신 | J17: ='23년(세부_실적)'!H17 -> SY | K17: ='23년(세부_실적)'!I17 -> 7.34 | L17: ='23년(세부_실적)'!J17 -> 0 | M17: ='23년(세부_실적)'!K17 -> 7.33 | N17: ='23년(세부_실적)'!L17 -> 0 | O17: ='23년(세부_실적)'!M17 -> 7.33 | ... S17: ='23년(세부_실적)'!Q17 -> 28.255 | T17: =+S17*1000 -> 28255 | U17: ='23년(세부_실적)'!S17 -> 3.27 | V17: =+U17*1000 -> 3270 | W17: ='23년(세부_실적)'!U17 -> 3.6 | X17: =W17*1000 -> 3600 | Y17: ='23년(세부_실적)'!W17 -> 2.16 | Z17: =Y17*1000 -> 2160 | AA17: ='23년(세부_실적)'!Y17 -> 9.03 | AB17: =AA17*1000 -> 9030 | AC17: ='23년(세부_실적)'!AA17 -> 2.306 | AD17: =AC17*1000 -> 2306 | AE17: ='23년(세부_실적)'!AC17 -> 4.8 | AF17: =AE17*1000 -> 4800 | AG17: ='23년(세부_실적)'!AE17 -> 3.3 | AH17: =AG17*1000 -> 3300 | AI17: ='23년(세부_실적)'!AG17 -> 10.406 | AJ17: =AI17*1000 -> 10406 | AK17: ='23년(세부_실적)'!AI17 -> 19.436 | AL17: =AK17*1000 -> 19436 | AM17: ='23년(세부_실적)'!AK17 -> 0.96 | AN17: =AM17*1000 -> 960 | AO17: ='23년(세부_실적)'!AM17 -> 1.686 | AP17: =AO17*1000 -> 1686 | AQ17: ='23년(세부_실적)'!AO17 -> 1.407 | AR17: =AQ17*1000 -> 1407 | AS17: ='23년(세부_실적)'!AQ17 -> 4.053 | AT17: =AS17*1000 -> 4053 | AU17: ='23년(세부_실적)'!AS17 -> 1.245 | AV17: =AU17*1000 -> 1245 | AW17: ='23년(세부_실적)'!AU17 -> 1.401 | AX17: =AW17*1000 -> 1401 | AY17: ='23년(세부_실적)'!AW17 -> 2.12 | AZ17: =AY17*1000 -> 2120 | BA17: ='23년(세부_실적)'!AY17 -> 4.766 | BB17: =BA17*1000 -> 4766 | BC17: ='23년(세부_실적)'!BA17 -> 8.819 | BD17: =BC17*1000 -> 8819 | BF17: 0.72 | BG17: 4.9570782 | BH17: 7.55 | BJ17: 0.72 | BK17: 4.9570782 | BL17: 7.55 | BN17: 0.72 | BO17: 4.9570782 | BP17: 7.55 | BR17: 0.72 | BS17: 5.1439582 | BT17: 7.55 | BV17: 0.72 | BW17: 5.1439582 | BX17: 7.55 | BZ17: 0.72 | CA17: 5.1439582 | CB17: 7.55 | DB17: =+V17*BH17*$BI$2 -> 30754218 | DC17: =+X17*BL17*$BM$2 -> 34633300 | DD17: =+BP17*Z17*$BQ$2 -> 21256336 | DE17: =+AD17*BT17*$BU$2 -> 23039398 | DF17: =+BX17*AF17*$BY$2 -> 47985022 | DG17: =+CB17*AH17*$CC$2 -> 32395230 | DH17: =+CF17*AN17*$CG$2 -> 0 | DI17: =+CB17*AP17*$AP$2 -> 16838191 | DJ17: =+CN17*AR17*$AR$2 -> 0 | DK17: =+CR17*AV17*$AV$2 -> 0 | DL17: =+CV17*AX17*$AX$2 -> 0 | DM17: =+CZ17*AZ17*$AZ$2 -> 0 | DO17: =+(BF17+BG17)*V17*$V$2 -> 23125046 | DP17: =+(BJ17+BK17)*X17*$X$2 -> 26041848 | DQ17: =+(BN17+BO17)*Z17*$Z$2 -> 15983296 | DR17: =+(BR17+BS17)*AD17*$AD$2 -> 17894314 | DS17: =+(BV17+BW17)*AF17*$AF$2 -> 37269161 | DT17: =+(BZ17+CA17)*AH17*$AH$2 -> 25160832 | DU17: =+(CD17+CE17)*AN17*$AN$2 -> 0 | DV17: =+(CH17+CI17)*AP17*$AP$2 -> 0 | DW17: =+(CL17+CM17)*AR17*$AR$2 -> 0 | DX17: =+(CP17+CQ17)*AV17*$AV$2 -> 0 | DY17: =+(CT17+CU17)*AX17*$AX$2 -> 0 | DZ17: =+(CX17+CY17)*AZ17*$AZ$2 -> 0 | ED17: 코웨이 | EE17: 정수기외 | EF17: =SUM(DB386:DG559) -> #REF! | EG17: =SUM(DO386:DT559) -> #REF! | EH17: =+EF17-EG17 -> #REF!
B18: ='23년(세부_실적)'!A18 -> 12 | F18: ='23년(세부_실적)'!E18 -> F24SFDN_APN | G18: F24SFDN_APN | H18: ='23년(세부_실적)'!F18 -> 1122B | I18: ='23년(세부_실적)'!G18 -> 신 | J18: ='23년(세부_실적)'!H18 -> SY | K18: ='23년(세부_실적)'!I18 -> 7.9 | L18: ='23년(세부_실적)'!J18 -> 0 | M18: ='23년(세부_실적)'!K18 -> 7.9 | N18: ='23년(세부_실적)'!L18 -> 0 | O18: ='23년(세부_실적)'!M18 -> 7.9 | ... S18: ='23년(세부_실적)'!Q18 -> 1.635 | T18: =+S18*1000 -> 1635 | U18: ='23년(세부_실적)'!S18 -> 0.09 | V18: =+U18*1000 -> 90 | W18: ='23년(세부_실적)'!U18 -> 0.06 | X18: =W18*1000 -> 60 | Y18: ='23년(세부_실적)'!W18 -> 0.09 | Z18: =Y18*1000 -> 90 | AA18: ='23년(세부_실적)'!Y18 -> 0.24 | AB18: =AA18*1000 -> 240 | AC18: ='23년(세부_실적)'!AA18 -> 0.12 | AD18: =AC18*1000 -> 120 | AE18: ='23년(세부_실적)'!AC18 -> 0.111 | AF18: =AE18*1000 -> 111 | AG18: ='23년(세부_실적)'!AE18 -> 0.09 | AH18: =AG18*1000 -> 90 | AI18: ='23년(세부_실적)'!AG18 -> 0.321 | AJ18: =AI18*1000 -> 321 | AK18: ='23년(세부_실적)'!AI18 -> 0.561 | AL18: =AK18*1000 -> 561 | AM18: ='23년(세부_실적)'!AK18 -> 0.069 | AN18: =AM18*1000 -> 69 | AO18: ='23년(세부_실적)'!AM18 -> 0.205 | AP18: =AO18*1000 -> 205 | AQ18: ='23년(세부_실적)'!AO18 -> 0.218 | AR18: =AQ18*1000 -> 218 | AS18: ='23년(세부_실적)'!AQ18 -> 0.492 | AT18: =AS18*1000 -> 492 | AU18: ='23년(세부_실적)'!AS18 -> 0.254 | AV18: =AU18*1000 -> 254 | AW18: ='23년(세부_실적)'!AU18 -> 0.127 | AX18: =AW18*1000 -> 127 | AY18: ='23년(세부_실적)'!AW18 -> 0.201 | AZ18: =AY18*1000 -> 201 | BA18: ='23년(세부_실적)'!AY18 -> 0.582 | BB18: =BA18*1000 -> 582 | BC18: ='23년(세부_실적)'!BA18 -> 1.074 | BD18: =BC18*1000 -> 1074 | BF18: 0.72 | BG18: 4.72 | BJ18: 0.72 | BK18: 4.72 | BN18: 0.72 | BO18: 4.72 | BP18: 7.9 | BR18: 0.72 | BS18: 5.3439582 | BT18: 7.9 | BV18: 0.72 | BW18: 5.3439582 | BX18: 7.9 | BZ18: 0.72 | CA18: 5.3439582 | CB18: 7.9 | DB18: =+V18*BH18*$BI$2 -> 0 | DC18: =+X18*BL18*$BM$2 -> 0 | DD18: =+BP18*Z18*$BQ$2 -> 926738.73 | DE18: =+AD18*BT18*$BU$2 -> 1254507.4 | DF18: =+BX18*AF18*$BY$2 -> 1161094.5 | DG18: =+CB18*AH18*$CC$2 -> 924463.53 | DH18: =+CF18*AN18*$CG$2 -> 0 | DI18: =+CB18*AP18*$AP$2 -> 2142258.4 | DJ18: =+CN18*AR18*$AR$2 -> 0 | DK18: =+CR18*AV18*$AV$2 -> 0 | DL18: =+CV18*AX18*$AX$2 -> 0 | DM18: =+CZ18*AZ18*$AZ$2 -> 0 | DO18: =+(BF18+BG18)*V18*$V$2 -> 609889.82 | DP18: =+(BJ18+BK18)*X18*$X$2 -> 415905.41 | DQ18: =+(BN18+BO18)*Z18*$Z$2 -> 638159.33 | DR18: =+(BR18+BS18)*AD18*$AD$2 -> 962946.87 | DS18: =+(BV18+BW18)*AF18*$AF$2 -> 891244.14 | DT18: =+(BZ18+CA18)*AH18*$AH$2 -> 709608.64 | DU18: =+(CD18+CE18)*AN18*$AN$2 -> 0 | DV18: =+(CH18+CI18)*AP18*$AP$2 -> 0 | DW18: =+(CL18+CM18)*AR18*$AR$2 -> 0 | DX18: =+(CP18+CQ18)*AV18*$AV$2 -> 0 | DY18: =+(CT18+CU18)*AX18*$AX$2 -> 0 | DZ18: =+(CX18+CY18)*AZ18*$AZ$2 -> 0 | ED18: 대덕C | EE18: 조명 | EF18: =SUM(DB567:DG807) -> #REF! | EG18: =SUM(DO567:DT807) -> #REF! | EH18: =+EF18-EG18 -> #REF!
B19: ='23년(세부_실적)'!A19 -> 13 | F19: ='23년(세부_실적)'!E19 -> L23S0T_EPN | G19: L23S0T_EPN | H19: ='23년(세부_실적)'!F19 -> 793A | I19: ='23년(세부_실적)'!G19 -> 구 | J19: ='23년(세부_실적)'!H19 -> QD | K19: ='23년(세부_실적)'!I19 -> 4.19 | L19: ='23년(세부_실적)'!J19 -> 0 | M19: ='23년(세부_실적)'!K19 -> 4.19 | N19: ='23년(세부_실적)'!L19 -> 0 | O19: ='23년(세부_실적)'!M19 -> 4.19 | ... S19: ='23년(세부_실적)'!Q19 -> 0 | T19: =+S19*1000 -> 0 | U19: ='23년(세부_실적)'!S19 -> 0 | V19: =+U19*1000 -> 0 | W19: ='23년(세부_실적)'!U19 -> 0 | X19: =W19*1000 -> 0 | Y19: ='23년(세부_실적)'!W19 -> 0 | Z19: =Y19*1000 -> 0 | AA19: ='23년(세부_실적)'!Y19 -> 0 | AB19: =AA19*1000 -> 0 | AC19: ='23년(세부_실적)'!AA19 -> 0 | AD19: =AC19*1000 -> 0 | AE19: ='23년(세부_실적)'!AC19 -> 0 | AF19: =AE19*1000 -> 0 | AG19: ='23년(세부_실적)'!AE19 -> 0 | AH19: =AG19*1000 -> 0 | AI19: ='23년(세부_실적)'!AG19 -> 0 | AJ19: =AI19*1000 -> 0 | AK19: ='23년(세부_실적)'!AI19 -> 0 | AL19: =AK19*1000 -> 0 | AM19: ='23년(세부_실적)'!AK19 -> 0 | AN19: =AM19*1000 -> 0 | AO19: ='23년(세부_실적)'!AM19 -> 0 | AP19: =AO19*1000 -> 0 | AQ19: ='23년(세부_실적)'!AO19 -> 0 | AR19: =AQ19*1000 -> 0 | AS19: ='23년(세부_실적)'!AQ19 -> 0 | AT19: =AS19*1000 -> 0 | AU19: ='23년(세부_실적)'!AS19 -> 0 | AV19: =AU19*1000 -> 0 | AW19: ='23년(세부_실적)'!AU19 -> 0 | AX19: =AW19*1000 -> 0 | AY19: ='23년(세부_실적)'!AW19 -> 0 | AZ19: =AY19*1000 -> 0 | BA19: ='23년(세부_실적)'!AY19 -> 0 | BB19: =BA19*1000 -> 0 | BC19: ='23년(세부_실적)'!BA19 -> 0 | BD19: =BC19*1000 -> 0 | DB19: =+V19*BH19*$BI$2 -> 0 | DC19: =+X19*BL19*$BM$2 -> 0 | DD19: =+BP19*Z19*$BQ$2 -> 0 | DE19: =+AD19*BT19*$BU$2 -> 0 | DF19: =+BX19*AF19*$BY$2 -> 0 | DG19: =+CB19*AH19*$CC$2 -> 0 | DH19: =+CF19*AN19*$CG$2 -> 0 | DI19: =+CB19*AP19*$AP$2 -> 0 | DJ19: =+CN19*AR19*$AR$2 -> 0 | DK19: =+CR19*AV19*$AV$2 -> 0 | DL19: =+CV19*AX19*$AX$2 -> 0 | DM19: =+CZ19*AZ19*$AZ$2 -> 0 | DO19: =+(BF19+BG19)*V19*$V$2 -> 0 | DP19: =+(BJ19+BK19)*X19*$X$2 -> 0 | DQ19: =+(BN19+BO19)*Z19*$Z$2 -> 0 | DR19: =+(BR19+BS19)*AD19*$AD$2 -> 0 | DS19: =+(BV19+BW19)*AF19*$AF$2 -> 0 | DT19: =+(BZ19+CA19)*AH19*$AH$2 -> 0 | DU19: =+(CD19+CE19)*AN19*$AN$2 -> 0 | DV19: =+(CH19+CI19)*AP19*$AP$2 -> 0 | DW19: =+(CL19+CM19)*AR19*$AR$2 -> 0 | DX19: =+(CP19+CQ19)*AV19*$AV$2 -> 0 | DY19: =+(CT19+CU19)*AX19*$AX$2 -> 0 | DZ19: =+(CX19+CY19)*AZ19*$AZ$2 -> 0 | ED19: 삼성무선 | EE19: N/PC | EF19: =SUM(DB362:DG365) -> 0 | EG19: =SUM(DO362:DT365) -> 0 | EH19: =+EF19-EG19 -> 0
B20: ='23년(세부_실적)'!A20 -> 14 | F20: ='23년(세부_실적)'!E20 -> L32E1P_KPN | G20: L32E1P_KPN | H20: ='23년(세부_실적)'!F20 -> 869A | I20: ='23년(세부_실적)'!G20 -> 구 | J20: ='23년(세부_실적)'!H20 -> SY | K20: ='23년(세부_실적)'!I20 -> 8.64 | L20: ='23년(세부_실적)'!J20 -> 0 | M20: ='23년(세부_실적)'!K20 -> 8.64 | N20: ='23년(세부_실적)'!L20 -> 0 | O20: ='23년(세부_실적)'!M20 -> 8.64 | ... S20: ='23년(세부_실적)'!Q20 -> 0 | T20: =+S20*1000 -> 0 | U20: ='23년(세부_실적)'!S20 -> 0 | V20: =+U20*1000 -> 0 | W20: ='23년(세부_실적)'!U20 -> 0 | X20: =W20*1000 -> 0 | Y20: ='23년(세부_실적)'!W20 -> 0 | Z20: =Y20*1000 -> 0 | AA20: ='23년(세부_실적)'!Y20 -> 0 | AB20: =AA20*1000 -> 0 | AC20: ='23년(세부_실적)'!AA20 -> 0 | AD20: =AC20*1000 -> 0 | AE20: ='23년(세부_실적)'!AC20 -> 0 | AF20: =AE20*1000 -> 0 | AG20: ='23년(세부_실적)'!AE20 -> 0 | AH20: =AG20*1000 -> 0 | AI20: ='23년(세부_실적)'!AG20 -> 0 | AJ20: =AI20*1000 -> 0 | AK20: ='23년(세부_실적)'!AI20 -> 0 | AL20: =AK20*1000 -> 0 | AM20: ='23년(세부_실적)'!AK20 -> 0 | AN20: =AM20*1000 -> 0 | AO20: ='23년(세부_실적)'!AM20 -> 0 | AP20: =AO20*1000 -> 0 | AQ20: ='23년(세부_실적)'!AO20 -> 0 | AR20: =AQ20*1000 -> 0 | AS20: ='23년(세부_실적)'!AQ20 -> 0 | AT20: =AS20*1000 -> 0 | AU20: ='23년(세부_실적)'!AS20 -> 0 | AV20: =AU20*1000 -> 0 | AW20: ='23년(세부_실적)'!AU20 -> 0 | AX20: =AW20*1000 -> 0 | AY20: ='23년(세부_실적)'!AW20 -> 0 | AZ20: =AY20*1000 -> 0 | BA20: ='23년(세부_실적)'!AY20 -> 0 | BB20: =BA20*1000 -> 0 | BC20: ='23년(세부_실적)'!BA20 -> 0 | BD20: =BC20*1000 -> 0 | BN20: 0.98 | BO20: 6.9342769 | BP20: 7 | DB20: =+V20*BH20*$BI$2 -> 0 | DC20: =+X20*BL20*$BM$2 -> 0 | DD20: =+BP20*Z20*$BQ$2 -> 0 | DE20: =+AD20*BT20*$BU$2 -> 0 | DF20: =+BX20*AF20*$BY$2 -> 0 | DG20: =+CB20*AH20*$CC$2 -> 0 | DH20: =+CF20*AN20*$CG$2 -> 0 | DI20: =+CB20*AP20*$AP$2 -> 0 | DJ20: =+CN20*AR20*$AR$2 -> 0 | DK20: =+CR20*AV20*$AV$2 -> 0 | DL20: =+CV20*AX20*$AX$2 -> 0 | DM20: =+CZ20*AZ20*$AZ$2 -> 0 | DO20: =+(BF20+BG20)*V20*$V$2 -> 0 | DP20: =+(BJ20+BK20)*X20*$X$2 -> 0 | DQ20: =+(BN20+BO20)*Z20*$Z$2 -> 0 | DR20: =+(BR20+BS20)*AD20*$AD$2 -> 0 | DS20: =+(BV20+BW20)*AF20*$AF$2 -> 0 | DT20: =+(BZ20+CA20)*AH20*$AH$2 -> 0 | DU20: =+(CD20+CE20)*AN20*$AN$2 -> 0 | DV20: =+(CH20+CI20)*AP20*$AP$2 -> 0 | DW20: =+(CL20+CM20)*AR20*$AR$2 -> 0 | DX20: =+(CP20+CQ20)*AV20*$AV$2 -> 0 | DY20: =+(CT20+CU20)*AX20*$AX$2 -> 0 | DZ20: =+(CX20+CY20)*AZ20*$AZ$2 -> 0 | ED20: HP | EE20: OA | EF20: =SUM(DB310:DG361) -> #REF! | EG20: =SUM(DO310:DT361) -> #REF! | EH20: =+EF20-EG20 -> #REF!
B21: ='23년(세부_실적)'!A21 -> 15 | F21: ='23년(세부_실적)'!E21 -> L32E1P_KPN V | G21: L32E1P_KPN V | H21: ='23년(세부_실적)'!F21 -> 869B | I21: ='23년(세부_실적)'!G21 -> 구 | J21: ='23년(세부_실적)'!H21 -> SY | K21: ='23년(세부_실적)'!I21 -> 7.7 | L21: ='23년(세부_실적)'!J21 -> 0 | M21: ='23년(세부_실적)'!K21 -> 7.7 | N21: ='23년(세부_실적)'!L21 -> 0 | O21: ='23년(세부_실적)'!M21 -> 7.7 | ... S21: ='23년(세부_실적)'!Q21 -> 0 | T21: =+S21*1000 -> 0 | U21: ='23년(세부_실적)'!S21 -> 0 | V21: =+U21*1000 -> 0 | W21: ='23년(세부_실적)'!U21 -> 0 | X21: =W21*1000 -> 0 | Y21: ='23년(세부_실적)'!W21 -> 0 | Z21: =Y21*1000 -> 0 | AA21: ='23년(세부_실적)'!Y21 -> 0 | AB21: =AA21*1000 -> 0 | AC21: ='23년(세부_실적)'!AA21 -> 0 | AD21: =AC21*1000 -> 0 | AE21: ='23년(세부_실적)'!AC21 -> 0 | AF21: =AE21*1000 -> 0 | AG21: ='23년(세부_실적)'!AE21 -> 0 | AH21: =AG21*1000 -> 0 | AI21: ='23년(세부_실적)'!AG21 -> 0 | AJ21: =AI21*1000 -> 0 | AK21: ='23년(세부_실적)'!AI21 -> 0 | AL21: =AK21*1000 -> 0 | AM21: ='23년(세부_실적)'!AK21 -> 0 | AN21: =AM21*1000 -> 0 | AO21: ='23년(세부_실적)'!AM21 -> 0 | AP21: =AO21*1000 -> 0 | AQ21: ='23년(세부_실적)'!AO21 -> 0 | AR21: =AQ21*1000 -> 0 | AS21: ='23년(세부_실적)'!AQ21 -> 0 | AT21: =AS21*1000 -> 0 | AU21: ='23년(세부_실적)'!AS21 -> 0 | AV21: =AU21*1000 -> 0 | AW21: ='23년(세부_실적)'!AU21 -> 0 | AX21: =AW21*1000 -> 0 | AY21: ='23년(세부_실적)'!AW21 -> 0 | AZ21: =AY21*1000 -> 0 | BA21: ='23년(세부_실적)'!AY21 -> 0 | BB21: =BA21*1000 -> 0 | BC21: ='23년(세부_실적)'!BA21 -> 0 | BD21: =BC21*1000 -> 0 | BF21: 0.98 | BG21: 6.3904083 | BJ21: 0.98 | BK21: 6.3904083 | BN21: 0.98 | BO21: 6.3904083 | BR21: 0.98 | BS21: 6.5496653 | BV21: 0.98 | BW21: 6.5496653 | BZ21: 0.98 | CA21: 6.5496653 | DB21: =+V21*BH21*$BI$2 -> 0 | DC21: =+X21*BL21*$BM$2 -> 0 | DD21: =+BP21*Z21*$BQ$2 -> 0 | DE21: =+AD21*BT21*$BU$2 -> 0 | DF21: =+BX21*AF21*$BY$2 -> 0 | DG21: =+CB21*AH21*$CC$2 -> 0 | DH21: =+CF21*AN21*$CG$2 -> 0 | DI21: =+CB21*AP21*$AP$2 -> 0 | DJ21: =+CN21*AR21*$AR$2 -> 0 | DK21: =+CR21*AV21*$AV$2 -> 0 | DL21: =+CV21*AX21*$AX$2 -> 0 | DM21: =+CZ21*AZ21*$AZ$2 -> 0 | DO21: =+(BF21+BG21)*V21*$V$2 -> 0 | DP21: =+(BJ21+BK21)*X21*$X$2 -> 0 | DQ21: =+(BN21+BO21)*Z21*$Z$2 -> 0 | DR21: =+(BR21+BS21)*AD21*$AD$2 -> 0 | DS21: =+(BV21+BW21)*AF21*$AF$2 -> 0 | DT21: =+(BZ21+CA21)*AH21*$AH$2 -> 0 | DU21: =+(CD21+CE21)*AN21*$AN$2 -> 0 | DV21: =+(CH21+CI21)*AP21*$AP$2 -> 0 | DW21: =+(CL21+CM21)*AR21*$AR$2 -> 0 | DX21: =+(CP21+CQ21)*AV21*$AV$2 -> 0 | DY21: =+(CT21+CU21)*AX21*$AX$2 -> 0 | DZ21: =+(CX21+CY21)*AZ21*$AZ$2 -> 0 | ED21: 한화테크윈 | EE21: 보안 | EF21: =SUM(DB366:DG385) -> 5.6705072e+08 | EG21: =SUM(DO366:DT385) -> 3.5854778e+08 | EH21: =+EF21-EG21 -> 2.0850295e+08
B22: ='23년(세부_실적)'!A22 -> 16 | F22: ='23년(세부_실적)'!E22 -> L32E1N_KPN | G22: L32E1N_KPN | H22: ='23년(세부_실적)'!F22 -> 870A | I22: ='23년(세부_실적)'!G22 -> 구 | J22: ='23년(세부_실적)'!H22 -> SY | K22: ='23년(세부_실적)'!I22 -> 8.5 | L22: ='23년(세부_실적)'!J22 -> 0 | M22: ='23년(세부_실적)'!K22 -> 8.5 | N22: ='23년(세부_실적)'!L22 -> 0 | O22: ='23년(세부_실적)'!M22 -> 8.5 | ... S22: ='23년(세부_실적)'!Q22 -> 0.494 | T22: =+S22*1000 -> 494 | U22: ='23년(세부_실적)'!S22 -> 0 | V22: =+U22*1000 -> 0 | W22: ='23년(세부_실적)'!U22 -> 0 | X22: =W22*1000 -> 0 | Y22: ='23년(세부_실적)'!W22 -> 0.494 | Z22: =Y22*1000 -> 494 | AA22: ='23년(세부_실적)'!Y22 -> 0.494 | AB22: =AA22*1000 -> 494 | AC22: ='23년(세부_실적)'!AA22 -> 0 | AD22: =AC22*1000 -> 0 | AE22: ='23년(세부_실적)'!AC22 -> 0 | AF22: =AE22*1000 -> 0 | AG22: ='23년(세부_실적)'!AE22 -> 0 | AH22: =AG22*1000 -> 0 | AI22: ='23년(세부_실적)'!AG22 -> 0 | AJ22: =AI22*1000 -> 0 | AK22: ='23년(세부_실적)'!AI22 -> 0.494 | AL22: =AK22*1000 -> 494 | AM22: ='23년(세부_실적)'!AK22 -> 0 | AN22: =AM22*1000 -> 0 | AO22: ='23년(세부_실적)'!AM22 -> 0 | AP22: =AO22*1000 -> 0 | AQ22: ='23년(세부_실적)'!AO22 -> 0 | AR22: =AQ22*1000 -> 0 | AS22: ='23년(세부_실적)'!AQ22 -> 0 | AT22: =AS22*1000 -> 0 | AU22: ='23년(세부_실적)'!AS22 -> 0 | AV22: =AU22*1000 -> 0 | AW22: ='23년(세부_실적)'!AU22 -> 0 | AX22: =AW22*1000 -> 0 | AY22: ='23년(세부_실적)'!AW22 -> 0 | AZ22: =AY22*1000 -> 0 | BA22: ='23년(세부_실적)'!AY22 -> 0 | BB22: =BA22*1000 -> 0 | BC22: ='23년(세부_실적)'!BA22 -> 0 | BD22: =BC22*1000 -> 0 | BF22: 0.98 | BG22: 6.6723304 | BJ22: 0.98 | BK22: 6.6723304 | BN22: 0.98 | BO22: 6.6723304 | BR22: 0.98 | BS22: 6.8261924 | BV22: 0.98 | BW22: 6.8261924 | BZ22: 0.98 | CA22: 6.8261924 | CB22: 8.5 | DB22: =+V22*BH22*$BI$2 -> 0 | DC22: =+X22*BL22*$BM$2 -> 0 | DD22: =+BP22*Z22*$BQ$2 -> 0 | DE22: =+AD22*BT22*$BU$2 -> 0 | DF22: =+BX22*AF22*$BY$2 -> 0 | DG22: =+CB22*AH22*$CC$2 -> 0 | DH22: =+CF22*AN22*$CG$2 -> 0 | DI22: =+CB22*AP22*$AP$2 -> 0 | DJ22: =+CN22*AR22*$AR$2 -> 0 | DK22: =+CR22*AV22*$AV$2 -> 0 | DL22: =+CV22*AX22*$AX$2 -> 0 | DM22: =+CZ22*AZ22*$AZ$2 -> 0 | DO22: =+(BF22+BG22)*V22*$V$2 -> 0 | DP22: =+(BJ22+BK22)*X22*$X$2 -> 0 | DQ22: =+(BN22+BO22)*Z22*$Z$2 -> 4927292.9 | DR22: =+(BR22+BS22)*AD22*$AD$2 -> 0 | DS22: =+(BV22+BW22)*AF22*$AF$2 -> 0 | DT22: =+(BZ22+CA22)*AH22*$AH$2 -> 0 | DU22: =+(CD22+CE22)*AN22*$AN$2 -> 0 | DV22: =+(CH22+CI22)*AP22*$AP$2 -> 0 | DW22: =+(CL22+CM22)*AR22*$AR$2 -> 0 | DX22: =+(CP22+CQ22)*AV22*$AV$2 -> 0 | DY22: =+(CT22+CU22)*AX22*$AX$2 -> 0 | DZ22: =+(CX22+CY22)*AZ22*$AZ$2 -> 0 | ED22: 신재생 | EE22: 인버터외 | EF22: =SUM(DB817:DG823) -> 0 | EG22: =SUM(DO817:DT823) -> 383966.74 | EH22: =+EF22-EG22 -> -383966.74
B23: ='23년(세부_실적)'!A23 -> 17 | F23: ='23년(세부_실적)'!E23 -> L32E1NR_KPN | G23: L32E1NR_KPN | H23: ='23년(세부_실적)'!F23 -> 870B | I23: ='23년(세부_실적)'!G23 -> 구 | J23: ='23년(세부_실적)'!H23 -> SY | K23: ='23년(세부_실적)'!I23 -> 7.79 | L23: ='23년(세부_실적)'!J23 -> 0 | M23: ='23년(세부_실적)'!K23 -> 7.79 | N23: ='23년(세부_실적)'!L23 -> 0 | O23: ='23년(세부_실적)'!M23 -> 7.79 | ... S23: ='23년(세부_실적)'!Q23 -> 0 | T23: =+S23*1000 -> 0 | U23: ='23년(세부_실적)'!S23 -> 0 | V23: =+U23*1000 -> 0 | W23: ='23년(세부_실적)'!U23 -> 0 | X23: =W23*1000 -> 0 | Y23: ='23년(세부_실적)'!W23 -> 0 | Z23: =Y23*1000 -> 0 | AA23: ='23년(세부_실적)'!Y23 -> 0 | AB23: =AA23*1000 -> 0 | AC23: ='23년(세부_실적)'!AA23 -> 0 | AD23: =AC23*1000 -> 0 | AE23: ='23년(세부_실적)'!AC23 -> 0 | AF23: =AE23*1000 -> 0 | AG23: ='23년(세부_실적)'!AE23 -> 0 | AH23: =AG23*1000 -> 0 | AI23: ='23년(세부_실적)'!AG23 -> 0 | AJ23: =AI23*1000 -> 0 | AK23: ='23년(세부_실적)'!AI23 -> 0 | AL23: =AK23*1000 -> 0 | AM23: ='23년(세부_실적)'!AK23 -> 0 | AN23: =AM23*1000 -> 0 | AO23: ='23년(세부_실적)'!AM23 -> 0 | AP23: =AO23*1000 -> 0 | AQ23: ='23년(세부_실적)'!AO23 -> 0 | AR23: =AQ23*1000 -> 0 | AS23: ='23년(세부_실적)'!AQ23 -> 0 | AT23: =AS23*1000 -> 0 | AU23: ='23년(세부_실적)'!AS23 -> 0 | AV23: =AU23*1000 -> 0 | AW23: ='23년(세부_실적)'!AU23 -> 0 | AX23: =AW23*1000 -> 0 | AY23: ='23년(세부_실적)'!AW23 -> 0 | AZ23: =AY23*1000 -> 0 | BA23: ='23년(세부_실적)'!AY23 -> 0 | BB23: =BA23*1000 -> 0 | BC23: ='23년(세부_실적)'!BA23 -> 0 | BD23: =BC23*1000 -> 0 | BZ23: 0.98 | CA23: 6.1215743 | CB23: 7.79 | DB23: =+V23*BH23*$BI$2 -> 0 | DC23: =+X23*BL23*$BM$2 -> 0 | DD23: =+BP23*Z23*$BQ$2 -> 0 | DE23: =+AD23*BT23*$BU$2 -> 0 | DF23: =+BX23*AF23*$BY$2 -> 0 | DG23: =+CB23*AH23*$CC$2 -> 0 | DH23: =+CF23*AN23*$CG$2 -> 0 | DI23: =+CB23*AP23*$AP$2 -> 0 | DJ23: =+CN23*AR23*$AR$2 -> 0 | DK23: =+CR23*AV23*$AV$2 -> 0 | DL23: =+CV23*AX23*$AX$2 -> 0 | DM23: =+CZ23*AZ23*$AZ$2 -> 0 | DO23: =+(BF23+BG23)*V23*$V$2 -> 0 | DP23: =+(BJ23+BK23)*X23*$X$2 -> 0 | DQ23: =+(BN23+BO23)*Z23*$Z$2 -> 0 | DR23: =+(BR23+BS23)*AD23*$AD$2 -> 0 | DS23: =+(BV23+BW23)*AF23*$AF$2 -> 0 | DT23: =+(BZ23+CA23)*AH23*$AH$2 -> 0 | DU23: =+(CD23+CE23)*AN23*$AN$2 -> 0 | DV23: =+(CH23+CI23)*AP23*$AP$2 -> 0 | DW23: =+(CL23+CM23)*AR23*$AR$2 -> 0 | DX23: =+(CP23+CQ23)*AV23*$AV$2 -> 0 | DY23: =+(CT23+CU23)*AX23*$AX$2 -> 0 | DZ23: =+(CX23+CY23)*AZ23*$AZ$2 -> 0 | ED23: OKI | EE23: OA | EF23: =SUM(DB810:DG814) -> 0 | EG23: =SUM(DP810:DT814) -> 0 | EH23: =+EF23-EG23 -> 0
B24: ='23년(세부_실적)'!A24 -> 18 | F24: ='23년(세부_실적)'!E24 -> 소 계 | G24: 소 계 | K24: ='23년(세부_실적)'!I24 -> 0 | L24: ='23년(세부_실적)'!J24 -> 0 | M24: ='23년(세부_실적)'!K24 -> 0 | N24: ='23년(세부_실적)'!L24 -> 0 | O24: ='23년(세부_실적)'!M24 -> 0 | P24: ='23년(세부_실적)'!N24 -> 0 | Q24: ='23년(세부_실적)'!O24 -> 0 | R24: ='23년(세부_실적)'!P24 -> 0 | S24: ='23년(세부_실적)'!Q24 -> 195.659 | T24: =+S24*1000 -> 195659 | U24: ='23년(세부_실적)'!S24 -> 4.368 | V24: =+U24*1000 -> 4368 | W24: ='23년(세부_실적)'!U24 -> 24.775 | X24: =W24*1000 -> 24775 | Y24: ='23년(세부_실적)'!W24 -> 18.388 | Z24: =Y24*1000 -> 18388 | AA24: ='23년(세부_실적)'!Y24 -> 47.531 | AB24: =AA24*1000 -> 47531 | AC24: ='23년(세부_실적)'!AA24 -> 24.314 | AD24: =AC24*1000 -> 24314 | AE24: ='23년(세부_실적)'!AC24 -> 11.799 | AF24: =AE24*1000 -> 11799 | AG24: ='23년(세부_실적)'!AE24 -> 26.478 | AH24: =AG24*1000 -> 26478 | AI24: ='23년(세부_실적)'!AG24 -> 62.591 | AJ24: =AI24*1000 -> 62591 | AK24: ='23년(세부_실적)'!AI24 -> 110.122 | AL24: =AK24*1000 -> 110122 | AM24: ='23년(세부_실적)'!AK24 -> 15.669 | AN24: =AM24*1000 -> 15669 | AO24: ='23년(세부_실적)'!AM24 -> 22.339 | AP24: =AO24*1000 -> 22339 | AQ24: ='23년(세부_실적)'!AO24 -> 21.353 | AR24: =AQ24*1000 -> 21353 | AS24: ='23년(세부_실적)'!AQ24 -> 59.361 | AT24: =AS24*1000 -> 59361 | AU24: ='23년(세부_실적)'!AS24 -> 7.783 | AV24: =AU24*1000 -> 7783 | AW24: ='23년(세부_실적)'!AU24 -> 1.912 | AX24: =AW24*1000 -> 1912 | AY24: ='23년(세부_실적)'!AW24 -> 16.481 | AZ24: =AY24*1000 -> 16481 | BA24: ='23년(세부_실적)'!AY24 -> 26.176 | BB24: =BA24*1000 -> 26176 | BC24: ='23년(세부_실적)'!BA24 -> 85.537 | BD24: =BC24*1000 -> 85537 | DB24: =+V24*BH24*$BI$2 -> 0 | DC24: =+X24*BL24*$BM$2 -> 0 | DD24: =+BP24*Z24*$BQ$2 -> 0 | DE24: =+AD24*BT24*$BU$2 -> 0 | DF24: =+BX24*AF24*$BY$2 -> 0 | DG24: =+CB24*AH24*$CC$2 -> 0 | DH24: =+CF24*AN24*$CG$2 -> 0 | DI24: =+CB24*AP24*$AP$2 -> 0 | DJ24: =+CN24*AR24*$AR$2 -> 0 | DK24: =+CR24*AV24*$AV$2 -> 0 | DL24: =+CV24*AX24*$AX$2 -> 0 | DM24: =+CZ24*AZ24*$AZ$2 -> 0 | DO24: =+(BF24+BG24)*V24*$V$2 -> 0 | DP24: =+(BJ24+BK24)*X24*$X$2 -> 0 | DQ24: =+(BN24+BO24)*Z24*$Z$2 -> 0 | DR24: =+(BR24+BS24)*AD24*$AD$2 -> 0 | DS24: =+(BV24+BW24)*AF24*$AF$2 -> 0 | DT24: =+(BZ24+CA24)*AH24*$AH$2 -> 0 | DU24: =+(CD24+CE24)*AN24*$AN$2 -> 0 | DV24: =+(CH24+CI24)*AP24*$AP$2 -> 0 | DW24: =+(CL24+CM24)*AR24*$AR$2 -> 0 | DX24: =+(CP24+CQ24)*AV24*$AV$2 -> 0 | DY24: =+(CT24+CU24)*AX24*$AX$2 -> 0 | DZ24: =+(CX24+CY24)*AZ24*$AZ$2 -> 0 | ED24: 기타 | EF24: =SUM(DB824:DG824) -> #REF!
B25: ='23년(세부_실적)'!A25 -> 19 | E25: ='23년(세부_실적)'!D25 -> LFD | F25: ='23년(세부_실적)'!E25 -> F24AF_FPN | G25: F24AF_FPN | H25: ='23년(세부_실적)'!F25 -> 861A | I25: ='23년(세부_실적)'!G25 -> 구 | J25: ='23년(세부_실적)'!H25 -> QD | K25: ='23년(세부_실적)'!I25 -> 10.2 | L25: ='23년(세부_실적)'!J25 -> 0 | M25: ='23년(세부_실적)'!K25 -> 10.2 | N25: ='23년(세부_실적)'!L25 -> 0 | O25: ='23년(세부_실적)'!M25 -> 10.2 | ... S25: ='23년(세부_실적)'!Q25 -> 0 | T25: =+S25*1000 -> 0 | U25: ='23년(세부_실적)'!S25 -> 0 | V25: =+U25*1000 -> 0 | W25: ='23년(세부_실적)'!U25 -> 0 | X25: =W25*1000 -> 0 | Y25: ='23년(세부_실적)'!W25 -> 0 | Z25: =Y25*1000 -> 0 | AA25: ='23년(세부_실적)'!Y25 -> 0 | AB25: =AA25*1000 -> 0 | AC25: ='23년(세부_실적)'!AA25 -> 0 | AD25: =AC25*1000 -> 0 | AE25: ='23년(세부_실적)'!AC25 -> 0 | AF25: =AE25*1000 -> 0 | AG25: ='23년(세부_실적)'!AE25 -> 0 | AH25: =AG25*1000 -> 0 | AI25: ='23년(세부_실적)'!AG25 -> 0 | AJ25: =AI25*1000 -> 0 | AK25: ='23년(세부_실적)'!AI25 -> 0 | AL25: =AK25*1000 -> 0 | AM25: ='23년(세부_실적)'!AK25 -> 0 | AN25: =AM25*1000 -> 0 | AO25: ='23년(세부_실적)'!AM25 -> 0 | AP25: =AO25*1000 -> 0 | AQ25: ='23년(세부_실적)'!AO25 -> 0 | AR25: =AQ25*1000 -> 0 | AS25: ='23년(세부_실적)'!AQ25 -> 0 | AT25: =AS25*1000 -> 0 | AU25: ='23년(세부_실적)'!AS25 -> 0 | AV25: =AU25*1000 -> 0 | AW25: ='23년(세부_실적)'!AU25 -> 0 | AX25: =AW25*1000 -> 0 | AY25: ='23년(세부_실적)'!AW25 -> 0 | AZ25: =AY25*1000 -> 0 | BA25: ='23년(세부_실적)'!AY25 -> 0 | BB25: =BA25*1000 -> 0 | BC25: ='23년(세부_실적)'!BA25 -> 0 | BD25: =BC25*1000 -> 0 | DB25: =+V25*BH25*$BI$2 -> 0 | DC25: =+X25*BL25*$BM$2 -> 0 | DD25: =+BP25*Z25*$BQ$2 -> 0 | DE25: =+AD25*BT25*$BU$2 -> 0 | DF25: =+BX25*AF25*$BY$2 -> 0 | DG25: =+CB25*AH25*$CC$2 -> 0 | DH25: =+CF25*AN25*$CG$2 -> 0 | DI25: =+CB25*AP25*$AP$2 -> 0 | DJ25: =+CN25*AR25*$AR$2 -> 0 | DK25: =+CR25*AV25*$AV$2 -> 0 | DL25: =+CV25*AX25*$AX$2 -> 0 | DM25: =+CZ25*AZ25*$AZ$2 -> 0 | DO25: =+(BF25+BG25)*V25*$V$2 -> 0 | DP25: =+(BJ25+BK25)*X25*$X$2 -> 0 | DQ25: =+(BN25+BO25)*Z25*$Z$2 -> 0 | DR25: =+(BR25+BS25)*AD25*$AD$2 -> 0 | DS25: =+(BV25+BW25)*AF25*$AF$2 -> 0 | DT25: =+(BZ25+CA25)*AH25*$AH$2 -> 0 | DU25: =+(CD25+CE25)*AN25*$AN$2 -> 0 | DV25: =+(CH25+CI25)*AP25*$AP$2 -> 0 | DW25: =+(CL25+CM25)*AR25*$AR$2 -> 0 | DX25: =+(CP25+CQ25)*AV25*$AV$2 -> 0 | DY25: =+(CT25+CU25)*AX25*$AX$2 -> 0 | DZ25: =+(CX25+CY25)*AZ25*$AZ$2 -> 0
B26: ='23년(세부_실적)'!A26 -> 20 | F26: ='23년(세부_실적)'!E26 -> F32E6_CPN | G26: F32E1P_KPN | H26: ='23년(세부_실적)'!F26 -> 1256A | I26: ='23년(세부_실적)'!G26 -> 구 | J26: ='23년(세부_실적)'!H26 -> SY | K26: ='23년(세부_실적)'!I26 -> 0 | L26: ='23년(세부_실적)'!J26 -> 0 | M26: ='23년(세부_실적)'!K26 -> 0 | N26: ='23년(세부_실적)'!L26 -> 0 | O26: ='23년(세부_실적)'!M26 -> 14.38 | ... S26: ='23년(세부_실적)'!Q26 -> 23.786 | T26: =+S26*1000 -> 23786 | U26: ='23년(세부_실적)'!S26 -> 0 | V26: =+U26*1000 -> 0 | W26: ='23년(세부_실적)'!U26 -> 0 | X26: =W26*1000 -> 0 | Y26: ='23년(세부_실적)'!W26 -> 0 | Z26: =Y26*1000 -> 0 | AA26: ='23년(세부_실적)'!Y26 -> 0 | AB26: =AA26*1000 -> 0 | AC26: ='23년(세부_실적)'!AA26 -> 0 | AD26: =AC26*1000 -> 0 | AE26: ='23년(세부_실적)'!AC26 -> 0 | AF26: =AE26*1000 -> 0 | AG26: ='23년(세부_실적)'!AE26 -> 0 | AH26: =AG26*1000 -> 0 | AI26: ='23년(세부_실적)'!AG26 -> 0 | AJ26: =AI26*1000 -> 0 | AK26: ='23년(세부_실적)'!AI26 -> 0 | AL26: =AK26*1000 -> 0 | AM26: ='23년(세부_실적)'!AK26 -> 0 | AN26: =AM26*1000 -> 0 | AO26: ='23년(세부_실적)'!AM26 -> 0.12 | AP26: =AO26*1000 -> 120 | AQ26: ='23년(세부_실적)'!AO26 -> 4.262 | AR26: =AQ26*1000 -> 4262 | AS26: ='23년(세부_실적)'!AQ26 -> 4.382 | AT26: =AS26*1000 -> 4382 | AU26: ='23년(세부_실적)'!AS26 -> 4.752 | AV26: =AU26*1000 -> 4752 | AW26: ='23년(세부_실적)'!AU26 -> 6.912 | AX26: =AW26*1000 -> 6912 | AY26: ='23년(세부_실적)'!AW26 -> 7.74 | AZ26: =AY26*1000 -> 7740 | BA26: ='23년(세부_실적)'!AY26 -> 19.404 | BB26: =BA26*1000 -> 19404 | BC26: ='23년(세부_실적)'!BA26 -> 23.786 | BD26: =BC26*1000 -> 23786 | BF26: 1.35 | BG26: 9.2595094 | BJ26: 1.35 | BK26: 9.2595094 | BN26: 1.35 | BO26: 9.2595094 | BR26: 1.35 | BS26: 9.2595094 | BV26: 1.35 | BW26: 9.2595094 | BZ26: 1.35 | CA26: 9.2595094 | DB26: =+V26*BH26*$BI$2 -> 0 | DC26: =+X26*BL26*$BM$2 -> 0 | DD26: =+BP26*Z26*$BQ$2 -> 0 | DE26: =+AD26*BT26*$BU$2 -> 0 | DF26: =+BX26*AF26*$BY$2 -> 0 | DG26: =+CB26*AH26*$CC$2 -> 0 | DH26: =+CF26*AN26*$CG$2 -> 0 | DI26: =+CB26*AP26*$AP$2 -> 0 | DJ26: =+CN26*AR26*$AR$2 -> 0 | DK26: =+CR26*AV26*$AV$2 -> 0 | DL26: =+CV26*AX26*$AX$2 -> 0 | DM26: =+CZ26*AZ26*$AZ$2 -> 0 | DO26: =+(BF26+BG26)*V26*$V$2 -> 0 | DP26: =+(BJ26+BK26)*X26*$X$2 -> 0 | DQ26: =+(BN26+BO26)*Z26*$Z$2 -> 0 | DR26: =+(BR26+BS26)*AD26*$AD$2 -> 0 | DS26: =+(BV26+BW26)*AF26*$AF$2 -> 0 | DT26: =+(BZ26+CA26)*AH26*$AH$2 -> 0 | DU26: =+(CD26+CE26)*AN26*$AN$2 -> 0 | DV26: =+(CH26+CI26)*AP26*$AP$2 -> 0 | DW26: =+(CL26+CM26)*AR26*$AR$2 -> 0 | DX26: =+(CP26+CQ26)*AV26*$AV$2 -> 0 | DY26: =+(CT26+CU26)*AX26*$AX$2 -> 0 | DZ26: =+(CX26+CY26)*AZ26*$AZ$2 -> 0
B27: ='23년(세부_실적)'!A27 -> 21 | F27: ='23년(세부_실적)'!E27 -> F32E1P_RPN | G27: F32E1P_RPN | H27: ='23년(세부_실적)'!F27 -> 882B | I27: ='23년(세부_실적)'!G27 -> 구 | J27: ='23년(세부_실적)'!H27 -> SY | K27: ='23년(세부_실적)'!I27 -> 9.73 | L27: ='23년(세부_실적)'!J27 -> 0 | M27: ='23년(세부_실적)'!K27 -> 9.72 | N27: ='23년(세부_실적)'!L27 -> 0 | O27: ='23년(세부_실적)'!M27 -> 9.72 | ... S27: ='23년(세부_실적)'!Q27 -> 69.224 | T27: =+S27*1000 -> 69224 | U27: ='23년(세부_실적)'!S27 -> 5.362 | V27: =+U27*1000 -> 5362 | W27: ='23년(세부_실적)'!U27 -> 9.45 | X27: =W27*1000 -> 9450 | Y27: ='23년(세부_실적)'!W27 -> 8.613 | Z27: =Y27*1000 -> 8613 | AA27: ='23년(세부_실적)'!Y27 -> 23.425 | AB27: =AA27*1000 -> 23425 | AC27: ='23년(세부_실적)'!AA27 -> 8.895 | AD27: =AC27*1000 -> 8895 | AE27: ='23년(세부_실적)'!AC27 -> 10.854 | AF27: =AE27*1000 -> 10854 | AG27: ='23년(세부_실적)'!AE27 -> 9.45 | AH27: =AG27*1000 -> 9450 | AI27: ='23년(세부_실적)'!AG27 -> 29.199 | AJ27: =AI27*1000 -> 29199 | AK27: ='23년(세부_실적)'!AI27 -> 52.624 | AL27: =AK27*1000 -> 52624 | AM27: ='23년(세부_실적)'!AK27 -> 5.206 | AN27: =AM27*1000 -> 5206 | AO27: ='23년(세부_실적)'!AM27 -> 7.641 | AP27: =AO27*1000 -> 7641 | AQ27: ='23년(세부_실적)'!AO27 -> 1.863 | AR27: =AQ27*1000 -> 1863 | AS27: ='23년(세부_실적)'!AQ27 -> 14.71 | AT27: =AS27*1000 -> 14710 | AU27: ='23년(세부_실적)'!AS27 -> 0.594 | AV27: =AU27*1000 -> 594 | AW27: ='23년(세부_실적)'!AU27 -> 0.999 | AX27: =AW27*1000 -> 999 | AY27: ='23년(세부_실적)'!AW27 -> 0.297 | AZ27: =AY27*1000 -> 297 | BA27: ='23년(세부_실적)'!AY27 -> 1.89 | BB27: =BA27*1000 -> 1890 | BC27: ='23년(세부_실적)'!BA27 -> 16.6 | BD27: =BC27*1000 -> 16600 | BF27: 1.3 | BG27: 7.6855352 | BH27: 8 | BJ27: 1.3 | BK27: 7.6855352 | BL27: 8 | BN27: 1.3 | BO27: 7.6855352 | BP27: 8 | BR27: 1.3 | BS27: 8.1654647 | BT27: 8.87 | BV27: 1.3 | BW27: 8.1654647 | BX27: 9.74 | BZ27: 1.3 | CA27: 8.1654647 | CB27: 9.74 | DB27: =+V27*BH27*$BI$2 -> 53435118 | DC27: =+X27*BL27*$BM$2 -> 96331032 | DD27: =+BP27*Z27*$BQ$2 -> 89811541 | DE27: =+AD27*BT27*$BU$2 -> 1.0440816e+08 | DF27: =+BX27*AF27*$BY$2 -> 1.3998009e+08 | DG27: =+CB27*AH27*$CC$2 -> 1.1967707e+08 | DH27: =+CF27*AN27*$CG$2 -> 0 | DI27: =+CB27*AP27*$AP$2 -> 98446450 | DJ27: =+CN27*AR27*$AR$2 -> 0 | DK27: =+CR27*AV27*$AV$2 -> 0 | DL27: =+CV27*AX27*$AX$2 -> 0 | DM27: =+CZ27*AZ27*$AZ$2 -> 0 | DO27: =+(BF27+BG27)*V27*$V$2 -> 60017892 | DP27: =+(BJ27+BK27)*X27*$X$2 -> 1.0819823e+08 | DQ27: =+(BN27+BO27)*Z27*$Z$2 -> 1.0087559e+08 | DR27: =+(BR27+BS27)*AD27*$AD$2 -> 1.1141734e+08 | DS27: =+(BV27+BW27)*AF27*$AF$2 -> 1.3603456e+08 | DT27: =+(BZ27+CA27)*AH27*$AH$2 -> 1.1630381e+08 | DU27: =+(CD27+CE27)*AN27*$AN$2 -> 0 | DV27: =+(CH27+CI27)*AP27*$AP$2 -> 0 | DW27: =+(CL27+CM27)*AR27*$AR$2 -> 0 | DX27: =+(CP27+CQ27)*AV27*$AV$2 -> 0 | DY27: =+(CT27+CU27)*AX27*$AX$2 -> 0 | DZ27: =+(CX27+CY27)*AZ27*$AZ$2 -> 0
B28: ='23년(세부_실적)'!A28 -> 22 | F28: ='23년(세부_실적)'!E28 -> 소 계 | G28: 소 계 | K28: ='23년(세부_실적)'!I28 -> 0 | L28: ='23년(세부_실적)'!J28 -> 0 | M28: ='23년(세부_실적)'!K28 -> 0 | N28: ='23년(세부_실적)'!L28 -> 0 | O28: ='23년(세부_실적)'!M28 -> 0 | P28: ='23년(세부_실적)'!N28 -> 0 | Q28: ='23년(세부_실적)'!O28 -> 0 | R28: ='23년(세부_실적)'!P28 -> 0 | S28: ='23년(세부_실적)'!Q28 -> 93.01 | T28: =+S28*1000 -> 93010 | U28: ='23년(세부_실적)'!S28 -> 5.362 | V28: =+U28*1000 -> 5362 | W28: ='23년(세부_실적)'!U28 -> 9.45 | X28: =W28*1000 -> 9450 | Y28: ='23년(세부_실적)'!W28 -> 8.613 | Z28: =Y28*1000 -> 8613 | AA28: ='23년(세부_실적)'!Y28 -> 23.425 | AB28: =AA28*1000 -> 23425 | AC28: ='23년(세부_실적)'!AA28 -> 8.895 | AD28: =AC28*1000 -> 8895 | AE28: ='23년(세부_실적)'!AC28 -> 10.854 | AF28: =AE28*1000 -> 10854 | AG28: ='23년(세부_실적)'!AE28 -> 9.45 | AH28: =AG28*1000 -> 9450 | AI28: ='23년(세부_실적)'!AG28 -> 29.199 | AJ28: =AI28*1000 -> 29199 | AK28: ='23년(세부_실적)'!AI28 -> 52.624 | AL28: =AK28*1000 -> 52624 | AM28: ='23년(세부_실적)'!AK28 -> 5.206 | AN28: =AM28*1000 -> 5206 | AO28: ='23년(세부_실적)'!AM28 -> 7.761 | AP28: =AO28*1000 -> 7761 | AQ28: ='23년(세부_실적)'!AO28 -> 6.125 | AR28: =AQ28*1000 -> 6125 | AS28: ='23년(세부_실적)'!AQ28 -> 19.092 | AT28: =AS28*1000 -> 19092 | AU28: ='23년(세부_실적)'!AS28 -> 5.346 | AV28: =AU28*1000 -> 5346 | AW28: ='23년(세부_실적)'!AU28 -> 7.911 | AX28: =AW28*1000 -> 7911 | AY28: ='23년(세부_실적)'!AW28 -> 8.037 | AZ28: =AY28*1000 -> 8037 | BA28: ='23년(세부_실적)'!AY28 -> 21.294 | BB28: =BA28*1000 -> 21294 | BC28: ='23년(세부_실적)'!BA28 -> 40.386 | BD28: =BC28*1000 -> 40386 | DB28: =+V28*BH28*$BI$2 -> 0 | DC28: =+X28*BL28*$BM$2 -> 0 | DD28: =+BP28*Z28*$BQ$2 -> 0 | DE28: =+AD28*BT28*$BU$2 -> 0 | DF28: =+BX28*AF28*$BY$2 -> 0 | DG28: =+CB28*AH28*$CC$2 -> 0 | DH28: =+CF28*AN28*$CG$2 -> 0 | DI28: =+CB28*AP28*$AP$2 -> 0 | DJ28: =+CN28*AR28*$AR$2 -> 0 | DK28: =+CR28*AV28*$AV$2 -> 0 | DL28: =+CV28*AX28*$AX$2 -> 0 | DM28: =+CZ28*AZ28*$AZ$2 -> 0 | DO28: =+(BF28+BG28)*V28*$V$2 -> 0 | DP28: =+(BJ28+BK28)*X28*$X$2 -> 0 | DQ28: =+(BN28+BO28)*Z28*$Z$2 -> 0 | DR28: =+(BR28+BS28)*AD28*$AD$2 -> 0 | DS28: =+(BV28+BW28)*AF28*$AF$2 -> 0 | DT28: =+(BZ28+CA28)*AH28*$AH$2 -> 0 | DU28: =+(CD28+CE28)*AN28*$AN$2 -> 0 | DV28: =+(CH28+CI28)*AP28*$AP$2 -> 0 | DW28: =+(CL28+CM28)*AR28*$AR$2 -> 0 | DX28: =+(CP28+CQ28)*AV28*$AV$2 -> 0 | DY28: =+(CT28+CU28)*AX28*$AX$2 -> 0 | DZ28: =+(CX28+CY28)*AZ28*$AZ$2 -> 0
B29: ='23년(세부_실적)'!A29 -> 23 | D29: ='23년(세부_실적)'!C29 -> 제품계 | K29: ='23년(세부_실적)'!I29 -> 0 | L29: ='23년(세부_실적)'!J29 -> 0 | M29: ='23년(세부_실적)'!K29 -> 0 | N29: ='23년(세부_실적)'!L29 -> 0 | O29: ='23년(세부_실적)'!M29 -> 0 | P29: ='23년(세부_실적)'!N29 -> 0 | Q29: ='23년(세부_실적)'!O29 -> 0 | R29: ='23년(세부_실적)'!P29 -> 0 | S29: ='23년(세부_실적)'!Q29 -> 288.669 | T29: =+S29*1000 -> 288669 | U29: ='23년(세부_실적)'!S29 -> 9.73 | V29: =+U29*1000 -> 9730 | W29: ='23년(세부_실적)'!U29 -> 34.225 | X29: =W29*1000 -> 34225 | Y29: ='23년(세부_실적)'!W29 -> 27.001 | Z29: =Y29*1000 -> 27001 | AA29: ='23년(세부_실적)'!Y29 -> 70.956 | AB29: =AA29*1000 -> 70956 | AC29: ='23년(세부_실적)'!AA29 -> 33.209 | AD29: =AC29*1000 -> 33209 | AE29: ='23년(세부_실적)'!AC29 -> 22.653 | AF29: =AE29*1000 -> 22653 | AG29: ='23년(세부_실적)'!AE29 -> 35.928 | AH29: =AG29*1000 -> 35928 | AI29: ='23년(세부_실적)'!AG29 -> 91.79 | AJ29: =AI29*1000 -> 91790 | AK29: ='23년(세부_실적)'!AI29 -> 162.746 | AL29: =AK29*1000 -> 162746 | AM29: ='23년(세부_실적)'!AK29 -> 20.875 | AN29: =AM29*1000 -> 20875 | AO29: ='23년(세부_실적)'!AM29 -> 30.1 | AP29: =AO29*1000 -> 30100 | AQ29: ='23년(세부_실적)'!AO29 -> 27.478 | AR29: =AQ29*1000 -> 27478 | AS29: ='23년(세부_실적)'!AQ29 -> 78.453 | AT29: =AS29*1000 -> 78453 | AU29: ='23년(세부_실적)'!AS29 -> 13.129 | AV29: =AU29*1000 -> 13129 | AW29: ='23년(세부_실적)'!AU29 -> 9.823 | AX29: =AW29*1000 -> 9823 | AY29: ='23년(세부_실적)'!AW29 -> 24.518 | AZ29: =AY29*1000 -> 24518 | BA29: ='23년(세부_실적)'!AY29 -> 47.47 | BB29: =BA29*1000 -> 47470 | BC29: ='23년(세부_실적)'!BA29 -> 125.923 | BD29: =BC29*1000 -> 125923 | DB29: =+V29*BH29*$BI$2 -> 0 | DC29: =+X29*BL29*$BM$2 -> 0 | DD29: =+BP29*Z29*$BQ$2 -> 0 | DE29: =+AD29*BT29*$BU$2 -> 0 | DF29: =+BX29*AF29*$BY$2 -> 0 | DG29: =+CB29*AH29*$CC$2 -> 0 | DH29: =+CF29*AN29*$CG$2 -> 0 | DI29: =+CB29*AP29*$AP$2 -> 0 | DJ29: =+CN29*AR29*$AR$2 -> 0 | DK29: =+CR29*AV29*$AV$2 -> 0 | DL29: =+CV29*AX29*$AX$2 -> 0 | DM29: =+CZ29*AZ29*$AZ$2 -> 0 | DO29: =+(BF29+BG29)*V29*$V$2 -> 0 | DP29: =+(BJ29+BK29)*X29*$X$2 -> 0 | DQ29: =+(BN29+BO29)*Z29*$Z$2 -> 0 | DR29: =+(BR29+BS29)*AD29*$AD$2 -> 0 | DS29: =+(BV29+BW29)*AF29*$AF$2 -> 0 | DT29: =+(BZ29+CA29)*AH29*$AH$2 -> 0 | DU29: =+(CD29+CE29)*AN29*$AN$2 -> 0 | DV29: =+(CH29+CI29)*AP29*$AP$2 -> 0 | DW29: =+(CL29+CM29)*AR29*$AR$2 -> 0 | DX29: =+(CP29+CQ29)*AV29*$AV$2 -> 0 | DY29: =+(CT29+CU29)*AX29*$AX$2 -> 0 | DZ29: =+(CX29+CY29)*AZ29*$AZ$2 -> 0
B30: ='23년(세부_실적)'!A30 -> 24 | D30: ='23년(세부_실적)'!C30 -> SMPS | E30: ='23년(세부_실적)'!D30 -> TV | F30: ='23년(세부_실적)'!E30 -> P32SF_FPN | G30: P32SF_FPN | H30: ='23년(세부_실적)'!F30 -> 844A | I30: ='23년(세부_실적)'!G30 -> 구 | J30: ='23년(세부_실적)'!H30 -> QD | K30: ='23년(세부_실적)'!I30 -> 5.6 | L30: ='23년(세부_실적)'!J30 -> 0 | M30: ='23년(세부_실적)'!K30 -> 5.6 | N30: ='23년(세부_실적)'!L30 -> 0 | O30: ='23년(세부_실적)'!M30 -> 5.6 | ... S30: ='23년(세부_실적)'!Q30 -> 0 | T30: =+S30*1000 -> 0 | U30: ='23년(세부_실적)'!S30 -> 0 | V30: =+U30*1000 -> 0 | W30: ='23년(세부_실적)'!U30 -> 0 | X30: =W30*1000 -> 0 | Y30: ='23년(세부_실적)'!W30 -> 0 | Z30: =Y30*1000 -> 0 | AA30: ='23년(세부_실적)'!Y30 -> 0 | AB30: =AA30*1000 -> 0 | AC30: ='23년(세부_실적)'!AA30 -> 0 | AD30: =AC30*1000 -> 0 | AE30: ='23년(세부_실적)'!AC30 -> 0 | AF30: =AE30*1000 -> 0 | AG30: ='23년(세부_실적)'!AE30 -> 0 | AH30: =AG30*1000 -> 0 | AI30: ='23년(세부_실적)'!AG30 -> 0 | AJ30: =AI30*1000 -> 0 | AK30: ='23년(세부_실적)'!AI30 -> 0 | AL30: =AK30*1000 -> 0 | AM30: ='23년(세부_실적)'!AK30 -> 0 | AN30: =AM30*1000 -> 0 | AO30: ='23년(세부_실적)'!AM30 -> 0 | AP30: =AO30*1000 -> 0 | AQ30: ='23년(세부_실적)'!AO30 -> 0 | AR30: =AQ30*1000 -> 0 | AS30: ='23년(세부_실적)'!AQ30 -> 0 | AT30: =AS30*1000 -> 0 | AU30: ='23년(세부_실적)'!AS30 -> 0 | AV30: =AU30*1000 -> 0 | AW30: ='23년(세부_실적)'!AU30 -> 0 | AX30: =AW30*1000 -> 0 | AY30: ='23년(세부_실적)'!AW30 -> 0 | AZ30: =AY30*1000 -> 0 | BA30: ='23년(세부_실적)'!AY30 -> 0 | BB30: =BA30*1000 -> 0 | BC30: ='23년(세부_실적)'!BA30 -> 0 | BD30: =BC30*1000 -> 0 | DB30: =+V30*BH30*$BI$2 -> 0 | DC30: =+X30*BL30*$BM$2 -> 0 | DD30: =+BP30*Z30*$BQ$2 -> 0 | DE30: =+AD30*BT30*$BU$2 -> 0 | DF30: =+BX30*AF30*$BY$2 -> 0 | DG30: =+CB30*AH30*$CC$2 -> 0 | DH30: =+CF30*AN30*$CG$2 -> 0 | DI30: =+CB30*AP30*$AP$2 -> 0 | DJ30: =+CN30*AR30*$AR$2 -> 0 | DK30: =+CR30*AV30*$AV$2 -> 0 | DL30: =+CV30*AX30*$AX$2 -> 0 | DM30: =+CZ30*AZ30*$AZ$2 -> 0 | DO30: =+(BF30+BG30)*V30*$V$2 -> 0 | DP30: =+(BJ30+BK30)*X30*$X$2 -> 0 | DQ30: =+(BN30+BO30)*Z30*$Z$2 -> 0 | DR30: =+(BR30+BS30)*AD30*$AD$2 -> 0 | DS30: =+(BV30+BW30)*AF30*$AF$2 -> 0 | DT30: =+(BZ30+CA30)*AH30*$AH$2 -> 0 | DU30: =+(CD30+CE30)*AN30*$AN$2 -> 0 | DV30: =+(CH30+CI30)*AP30*$AP$2 -> 0 | DW30: =+(CL30+CM30)*AR30*$AR$2 -> 0 | DX30: =+(CP30+CQ30)*AV30*$AV$2 -> 0 | DY30: =+(CT30+CU30)*AX30*$AX$2 -> 0 | DZ30: =+(CX30+CY30)*AZ30*$AZ$2 -> 0
B31: ='23년(세부_실적)'!A31 -> 25 | F31: ='23년(세부_실적)'!E31 -> P32SFN_FPN | G31: P32SFN_FPN | H31: ='23년(세부_실적)'!F31 -> 844B | I31: ='23년(세부_실적)'!G31 -> 구 | J31: ='23년(세부_실적)'!H31 -> QD | K31: ='23년(세부_실적)'!I31 -> 7.03 | L31: ='23년(세부_실적)'!J31 -> 0 | M31: ='23년(세부_실적)'!K31 -> 7.03 | N31: ='23년(세부_실적)'!L31 -> 0 | O31: ='23년(세부_실적)'!M31 -> 7.03 | ... S31: ='23년(세부_실적)'!Q31 -> 0 | T31: =+S31*1000 -> 0 | U31: ='23년(세부_실적)'!S31 -> 0 | V31: =+U31*1000 -> 0 | W31: ='23년(세부_실적)'!U31 -> 0 | X31: =W31*1000 -> 0 | Y31: ='23년(세부_실적)'!W31 -> 0 | Z31: =Y31*1000 -> 0 | AA31: ='23년(세부_실적)'!Y31 -> 0 | AB31: =AA31*1000 -> 0 | AC31: ='23년(세부_실적)'!AA31 -> 0 | AD31: =AC31*1000 -> 0 | AE31: ='23년(세부_실적)'!AC31 -> 0 | AF31: =AE31*1000 -> 0 | AG31: ='23년(세부_실적)'!AE31 -> 0 | AH31: =AG31*1000 -> 0 | AI31: ='23년(세부_실적)'!AG31 -> 0 | AJ31: =AI31*1000 -> 0 | AK31: ='23년(세부_실적)'!AI31 -> 0 | AL31: =AK31*1000 -> 0 | AM31: ='23년(세부_실적)'!AK31 -> 0 | AN31: =AM31*1000 -> 0 | AO31: ='23년(세부_실적)'!AM31 -> 0 | AP31: =AO31*1000 -> 0 | AQ31: ='23년(세부_실적)'!AO31 -> 0 | AR31: =AQ31*1000 -> 0 | AS31: ='23년(세부_실적)'!AQ31 -> 0 | AT31: =AS31*1000 -> 0 | AU31: ='23년(세부_실적)'!AS31 -> 0 | AV31: =AU31*1000 -> 0 | AW31: ='23년(세부_실적)'!AU31 -> 0 | AX31: =AW31*1000 -> 0 | AY31: ='23년(세부_실적)'!AW31 -> 0 | AZ31: =AY31*1000 -> 0 | BA31: ='23년(세부_실적)'!AY31 -> 0 | BB31: =BA31*1000 -> 0 | BC31: ='23년(세부_실적)'!BA31 -> 0 | BD31: =BC31*1000 -> 0 | DB31: =+V31*BH31*$BI$2 -> 0 | DC31: =+X31*BL31*$BM$2 -> 0 | DD31: =+BP31*Z31*$BQ$2 -> 0 | DE31: =+AD31*BT31*$BU$2 -> 0 | DF31: =+BX31*AF31*$BY$2 -> 0 | DG31: =+CB31*AH31*$CC$2 -> 0 | DH31: =+CF31*AN31*$CG$2 -> 0 | DI31: =+CB31*AP31*$AP$2 -> 0 | DJ31: =+CN31*AR31*$AR$2 -> 0 | DK31: =+CR31*AV31*$AV$2 -> 0 | DL31: =+CV31*AX31*$AX$2 -> 0 | DM31: =+CZ31*AZ31*$AZ$2 -> 0 | DO31: =+(BF31+BG31)*V31*$V$2 -> 0 | DP31: =+(BJ31+BK31)*X31*$X$2 -> 0 | DQ31: =+(BN31+BO31)*Z31*$Z$2 -> 0 | DR31: =+(BR31+BS31)*AD31*$AD$2 -> 0 | DS31: =+(BV31+BW31)*AF31*$AF$2 -> 0 | DT31: =+(BZ31+CA31)*AH31*$AH$2 -> 0 | DU31: =+(CD31+CE31)*AN31*$AN$2 -> 0 | DV31: =+(CH31+CI31)*AP31*$AP$2 -> 0 | DW31: =+(CL31+CM31)*AR31*$AR$2 -> 0 | DX31: =+(CP31+CQ31)*AV31*$AV$2 -> 0 | DY31: =+(CT31+CU31)*AX31*$AX$2 -> 0 | DZ31: =+(CX31+CY31)*AZ31*$AZ$2 -> 0
B32: ='23년(세부_실적)'!A32 -> 26 | F32: ='23년(세부_실적)'!E32 -> P32MF_KPN | G32: P32MF_KPN | H32: ='23년(세부_실적)'!F32 -> 844C | I32: ='23년(세부_실적)'!G32 -> 구 | J32: ='23년(세부_실적)'!H32 -> QD | K32: ='23년(세부_실적)'!I32 -> 6.45 | L32: ='23년(세부_실적)'!J32 -> 0 | M32: ='23년(세부_실적)'!K32 -> 6.45 | N32: ='23년(세부_실적)'!L32 -> 0 | O32: ='23년(세부_실적)'!M32 -> 6.45 | ... S32: ='23년(세부_실적)'!Q32 -> 0 | T32: =+S32*1000 -> 0 | U32: ='23년(세부_실적)'!S32 -> 0 | V32: =+U32*1000 -> 0 | W32: ='23년(세부_실적)'!U32 -> 0 | X32: =W32*1000 -> 0 | Y32: ='23년(세부_실적)'!W32 -> 0 | Z32: =Y32*1000 -> 0 | AA32: ='23년(세부_실적)'!Y32 -> 0 | AB32: =AA32*1000 -> 0 | AC32: ='23년(세부_실적)'!AA32 -> 0 | AD32: =AC32*1000 -> 0 | AE32: ='23년(세부_실적)'!AC32 -> 0 | AF32: =AE32*1000 -> 0 | AG32: ='23년(세부_실적)'!AE32 -> 0 | AH32: =AG32*1000 -> 0 | AI32: ='23년(세부_실적)'!AG32 -> 0 | AJ32: =AI32*1000 -> 0 | AK32: ='23년(세부_실적)'!AI32 -> 0 | AL32: =AK32*1000 -> 0 | AM32: ='23년(세부_실적)'!AK32 -> 0 | AN32: =AM32*1000 -> 0 | AO32: ='23년(세부_실적)'!AM32 -> 0 | AP32: =AO32*1000 -> 0 | AQ32: ='23년(세부_실적)'!AO32 -> 0 | AR32: =AQ32*1000 -> 0 | AS32: ='23년(세부_실적)'!AQ32 -> 0 | AT32: =AS32*1000 -> 0 | AU32: ='23년(세부_실적)'!AS32 -> 0 | AV32: =AU32*1000 -> 0 | AW32: ='23년(세부_실적)'!AU32 -> 0 | AX32: =AW32*1000 -> 0 | AY32: ='23년(세부_실적)'!AW32 -> 0 | AZ32: =AY32*1000 -> 0 | BA32: ='23년(세부_실적)'!AY32 -> 0 | BB32: =BA32*1000 -> 0 | BC32: ='23년(세부_실적)'!BA32 -> 0 | BD32: =BC32*1000 -> 0 | DB32: =+V32*BH32*$BI$2 -> 0 | DC32: =+X32*BL32*$BM$2 -> 0 | DD32: =+BP32*Z32*$BQ$2 -> 0 | DE32: =+AD32*BT32*$BU$2 -> 0 | DF32: =+BX32*AF32*$BY$2 -> 0 | DG32: =+CB32*AH32*$CC$2 -> 0 | DH32: =+CF32*AN32*$CG$2 -> 0 | DI32: =+CB32*AP32*$AP$2 -> 0 | DJ32: =+CN32*AR32*$AR$2 -> 0 | DK32: =+CR32*AV32*$AV$2 -> 0 | DL32: =+CV32*AX32*$AX$2 -> 0 | DM32: =+CZ32*AZ32*$AZ$2 -> 0 | DO32: =+(BF32+BG32)*V32*$V$2 -> 0 | DP32: =+(BJ32+BK32)*X32*$X$2 -> 0 | DQ32: =+(BN32+BO32)*Z32*$Z$2 -> 0 | DR32: =+(BR32+BS32)*AD32*$AD$2 -> 0 | DS32: =+(BV32+BW32)*AF32*$AF$2 -> 0 | DT32: =+(BZ32+CA32)*AH32*$AH$2 -> 0 | DU32: =+(CD32+CE32)*AN32*$AN$2 -> 0 | DV32: =+(CH32+CI32)*AP32*$AP$2 -> 0 | DW32: =+(CL32+CM32)*AR32*$AR$2 -> 0 | DX32: =+(CP32+CQ32)*AV32*$AV$2 -> 0 | DY32: =+(CT32+CU32)*AX32*$AX$2 -> 0 | DZ32: =+(CX32+CY32)*AZ32*$AZ$2 -> 0
B33: ='23년(세부_실적)'!A33 -> 27 | F33: ='23년(세부_실적)'!E33 -> P32SF_MPN | G33: P32SF_MPN | H33: ='23년(세부_실적)'!F33 -> 844D | I33: ='23년(세부_실적)'!G33 -> 구 | J33: ='23년(세부_실적)'!H33 -> QD | K33: ='23년(세부_실적)'!I33 -> 5.5 | L33: ='23년(세부_실적)'!J33 -> 0 | M33: ='23년(세부_실적)'!K33 -> 5.5 | N33: ='23년(세부_실적)'!L33 -> 0 | O33: ='23년(세부_실적)'!M33 -> 5.5 | ... S33: ='23년(세부_실적)'!Q33 -> 0 | T33: =+S33*1000 -> 0 | U33: ='23년(세부_실적)'!S33 -> 0 | V33: =+U33*1000 -> 0 | W33: ='23년(세부_실적)'!U33 -> 0 | X33: =W33*1000 -> 0 | Y33: ='23년(세부_실적)'!W33 -> 0 | Z33: =Y33*1000 -> 0 | AA33: ='23년(세부_실적)'!Y33 -> 0 | AB33: =AA33*1000 -> 0 | AC33: ='23년(세부_실적)'!AA33 -> 0 | AD33: =AC33*1000 -> 0 | AE33: ='23년(세부_실적)'!AC33 -> 0 | AF33: =AE33*1000 -> 0 | AG33: ='23년(세부_실적)'!AE33 -> 0 | AH33: =AG33*1000 -> 0 | AI33: ='23년(세부_실적)'!AG33 -> 0 | AJ33: =AI33*1000 -> 0 | AK33: ='23년(세부_실적)'!AI33 -> 0 | AL33: =AK33*1000 -> 0 | AM33: ='23년(세부_실적)'!AK33 -> 0 | AN33: =AM33*1000 -> 0 | AO33: ='23년(세부_실적)'!AM33 -> 0 | AP33: =AO33*1000 -> 0 | AQ33: ='23년(세부_실적)'!AO33 -> 0 | AR33: =AQ33*1000 -> 0 | AS33: ='23년(세부_실적)'!AQ33 -> 0 | AT33: =AS33*1000 -> 0 | AU33: ='23년(세부_실적)'!AS33 -> 0 | AV33: =AU33*1000 -> 0 | AW33: ='23년(세부_실적)'!AU33 -> 0 | AX33: =AW33*1000 -> 0 | AY33: ='23년(세부_실적)'!AW33 -> 0 | AZ33: =AY33*1000 -> 0 | BA33: ='23년(세부_실적)'!AY33 -> 0 | BB33: =BA33*1000 -> 0 | BC33: ='23년(세부_실적)'!BA33 -> 0 | BD33: =BC33*1000 -> 0 | BF33: 0.7 | BG33: 4.0942078 | BH33: 4.5 | BJ33: 0.7 | BK33: 4.0942078 | BL33: 4.5 | BN33: 0.7 | BO33: 4.0942078 | BP33: 4.5 | BR33: 0.7 | BS33: 4.2385293 | BT33: 5 | BV33: 0.7 | BW33: 4.2385293 | BX33: 5.5 | BZ33: 0.7 | CA33: 4.2385293 | CB33: 5.5 | DB33: =+V33*BH33*$BI$2 -> 0 | DC33: =+X33*BL33*$BM$2 -> 0 | DD33: =+BP33*Z33*$BQ$2 -> 0 | DE33: =+AD33*BT33*$BU$2 -> 0 | DF33: =+BX33*AF33*$BY$2 -> 0 | DG33: =+CB33*AH33*$CC$2 -> 0 | DH33: =+CF33*AN33*$CG$2 -> 0 | DI33: =+CB33*AP33*$AP$2 -> 0 | DJ33: =+CN33*AR33*$AR$2 -> 0 | DK33: =+CR33*AV33*$AV$2 -> 0 | DL33: =+CV33*AX33*$AX$2 -> 0 | DM33: =+CZ33*AZ33*$AZ$2 -> 0 | DO33: =+(BF33+BG33)*V33*$V$2 -> 0 | DP33: =+(BJ33+BK33)*X33*$X$2 -> 0 | DQ33: =+(BN33+BO33)*Z33*$Z$2 -> 0 | DR33: =+(BR33+BS33)*AD33*$AD$2 -> 0 | DS33: =+(BV33+BW33)*AF33*$AF$2 -> 0 | DT33: =+(BZ33+CA33)*AH33*$AH$2 -> 0 | DU33: =+(CD33+CE33)*AN33*$AN$2 -> 0 | DV33: =+(CH33+CI33)*AP33*$AP$2 -> 0 | DW33: =+(CL33+CM33)*AR33*$AR$2 -> 0 | DX33: =+(CP33+CQ33)*AV33*$AV$2 -> 0 | DY33: =+(CT33+CU33)*AX33*$AX$2 -> 0 | DZ33: =+(CX33+CY33)*AZ33*$AZ$2 -> 0
B34: ='23년(세부_실적)'!A34 -> 28 | F34: ='23년(세부_실적)'!E34 -> P32SFN_MPN | G34: P32SFN_MPN | H34: ='23년(세부_실적)'!F34 -> 844E | I34: ='23년(세부_실적)'!G34 -> 구 | J34: ='23년(세부_실적)'!H34 -> QD | K34: ='23년(세부_실적)'!I34 -> 5.95 | L34: ='23년(세부_실적)'!J34 -> 0 | M34: ='23년(세부_실적)'!K34 -> 5.95 | N34: ='23년(세부_실적)'!L34 -> 0 | O34: ='23년(세부_실적)'!M34 -> 5.95 | ... S34: ='23년(세부_실적)'!Q34 -> 0.1 | T34: =+S34*1000 -> 100 | U34: ='23년(세부_실적)'!S34 -> 0.1 | V34: =+U34*1000 -> 100 | W34: ='23년(세부_실적)'!U34 -> 0 | X34: =W34*1000 -> 0 | Y34: ='23년(세부_실적)'!W34 -> 0 | Z34: =Y34*1000 -> 0 | AA34: ='23년(세부_실적)'!Y34 -> 0.1 | AB34: =AA34*1000 -> 100 | AC34: ='23년(세부_실적)'!AA34 -> 0 | AD34: =AC34*1000 -> 0 | AE34: ='23년(세부_실적)'!AC34 -> 0 | AF34: =AE34*1000 -> 0 | AG34: ='23년(세부_실적)'!AE34 -> 0 | AH34: =AG34*1000 -> 0 | AI34: ='23년(세부_실적)'!AG34 -> 0 | AJ34: =AI34*1000 -> 0 | AK34: ='23년(세부_실적)'!AI34 -> 0.1 | AL34: =AK34*1000 -> 100 | AM34: ='23년(세부_실적)'!AK34 -> 0 | AN34: =AM34*1000 -> 0 | AO34: ='23년(세부_실적)'!AM34 -> 0 | AP34: =AO34*1000 -> 0 | AQ34: ='23년(세부_실적)'!AO34 -> 0 | AR34: =AQ34*1000 -> 0 | AS34: ='23년(세부_실적)'!AQ34 -> 0 | AT34: =AS34*1000 -> 0 | AU34: ='23년(세부_실적)'!AS34 -> 0 | AV34: =AU34*1000 -> 0 | AW34: ='23년(세부_실적)'!AU34 -> 0 | AX34: =AW34*1000 -> 0 | AY34: ='23년(세부_실적)'!AW34 -> 0 | AZ34: =AY34*1000 -> 0 | BA34: ='23년(세부_실적)'!AY34 -> 0 | BB34: =BA34*1000 -> 0 | BC34: ='23년(세부_실적)'!BA34 -> 0 | BD34: =BC34*1000 -> 0 | BF34: 0.7 | BG34: 4.4902078 | BJ34: 0.7 | BK34: 4.4902078 | BL34: 5 | BN34: 0.7 | BO34: 4.4902078 | BR34: 0.7 | BS34: 4.6440293 | BT34: 5.475 | BV34: 0.7 | BW34: 4.6440293 | BX34: 5.95 | BZ34: 0.7 | CA34: 4.6440293 | CB34: 5.95 | DB34: =+V34*BH34*$BI$2 -> 0 | DC34: =+X34*BL34*$BM$2 -> 0 | DD34: =+BP34*Z34*$BQ$2 -> 0 | DE34: =+AD34*BT34*$BU$2 -> 0 | DF34: =+BX34*AF34*$BY$2 -> 0 | DG34: =+CB34*AH34*$CC$2 -> 0 | DH34: =+CF34*AN34*$CG$2 -> 0 | DI34: =+CB34*AP34*$AP$2 -> 0 | DJ34: =+CN34*AR34*$AR$2 -> 0 | DK34: =+CR34*AV34*$AV$2 -> 0 | DL34: =+CV34*AX34*$AX$2 -> 0 | DM34: =+CZ34*AZ34*$AZ$2 -> 0 | DO34: =+(BF34+BG34)*V34*$V$2 -> 646538.99 | DP34: =+(BJ34+BK34)*X34*$X$2 -> 0 | DQ34: =+(BN34+BO34)*Z34*$Z$2 -> 0 | DR34: =+(BR34+BS34)*AD34*$AD$2 -> 0 | DS34: =+(BV34+BW34)*AF34*$AF$2 -> 0 | DT34: =+(BZ34+CA34)*AH34*$AH$2 -> 0 | DU34: =+(CD34+CE34)*AN34*$AN$2 -> 0 | DV34: =+(CH34+CI34)*AP34*$AP$2 -> 0 | DW34: =+(CL34+CM34)*AR34*$AR$2 -> 0 | DX34: =+(CP34+CQ34)*AV34*$AV$2 -> 0 | DY34: =+(CT34+CU34)*AX34*$AX$2 -> 0 | DZ34: =+(CX34+CY34)*AZ34*$AZ$2 -> 0
B35: ='23년(세부_실적)'!A35 -> 29 | F35: ='23년(세부_실적)'!E35 -> P230NQ_NPN | G35: P230NQ_NPN | H35: ='23년(세부_실적)'!F35 -> 933A | I35: ='23년(세부_실적)'!G35 -> 구 | J35: ='23년(세부_실적)'!H35 -> SY | K35: ='23년(세부_실적)'!I35 -> 18.7 | L35: ='23년(세부_실적)'!J35 -> 0 | M35: ='23년(세부_실적)'!K35 -> 18.7 | N35: ='23년(세부_실적)'!L35 -> 0 | O35: ='23년(세부_실적)'!M35 -> 18.7 | ... S35: ='23년(세부_실적)'!Q35 -> 0.396 | T35: =+S35*1000 -> 396 | U35: ='23년(세부_실적)'!S35 -> 0.126 | V35: =+U35*1000 -> 126 | W35: ='23년(세부_실적)'!U35 -> 0 | X35: =W35*1000 -> 0 | Y35: ='23년(세부_실적)'!W35 -> 0 | Z35: =Y35*1000 -> 0 | AA35: ='23년(세부_실적)'!Y35 -> 0.126 | AB35: =AA35*1000 -> 126 | AC35: ='23년(세부_실적)'!AA35 -> 0 | AD35: =AC35*1000 -> 0 | AE35: ='23년(세부_실적)'!AC35 -> 0 | AF35: =AE35*1000 -> 0 | AG35: ='23년(세부_실적)'!AE35 -> 0 | AH35: =AG35*1000 -> 0 | AI35: ='23년(세부_실적)'!AG35 -> 0 | AJ35: =AI35*1000 -> 0 | AK35: ='23년(세부_실적)'!AI35 -> 0.126 | AL35: =AK35*1000 -> 126 | AM35: ='23년(세부_실적)'!AK35 -> 0 | AN35: =AM35*1000 -> 0 | AO35: ='23년(세부_실적)'!AM35 -> 0 | AP35: =AO35*1000 -> 0 | AQ35: ='23년(세부_실적)'!AO35 -> 0 | AR35: =AQ35*1000 -> 0 | AS35: ='23년(세부_실적)'!AQ35 -> 0 | AT35: =AS35*1000 -> 0 | AU35: ='23년(세부_실적)'!AS35 -> 0 | AV35: =AU35*1000 -> 0 | AW35: ='23년(세부_실적)'!AU35 -> 0.27 | AX35: =AW35*1000 -> 270 | AY35: ='23년(세부_실적)'!AW35 -> 0 | AZ35: =AY35*1000 -> 0 | BA35: ='23년(세부_실적)'!AY35 -> 0.27 | BB35: =BA35*1000 -> 270 | BC35: ='23년(세부_실적)'!BA35 -> 0.27 | BD35: =BC35*1000 -> 270 | BF35: 1.68 | BG35: 15.099876 | BH35: 16 | BJ35: 1.68 | BK35: 15.099876 | BN35: 1.68 | BO35: 15.099876 | BP35: 16 | BR35: 1.68 | BS35: 15.407728 | BV35: 1.68 | BW35: 15.407728 | BX35: 18.7 | BZ35: 1.68 | CA35: 15.407728 | CB35: 18.7 | DB35: =+V35*BH35*$BI$2 -> 2511311 | DC35: =+X35*BL35*$BM$2 -> 0 | DD35: =+BP35*Z35*$BQ$2 -> 0 | DE35: =+AD35*BT35*$BU$2 -> 0 | DF35: =+BX35*AF35*$BY$2 -> 0 | DG35: =+CB35*AH35*$CC$2 -> 0 | DH35: =+CF35*AN35*$CG$2 -> 0 | DI35: =+CB35*AP35*$AP$2 -> 0 | DJ35: =+CN35*AR35*$AR$2 -> 0 | DK35: =+CR35*AV35*$AV$2 -> 0 | DL35: =+CV35*AX35*$AX$2 -> 0 | DM35: =+CZ35*AZ35*$AZ$2 -> 0 | DO35: =+(BF35+BG35)*V35*$V$2 -> 2633718 | DP35: =+(BJ35+BK35)*X35*$X$2 -> 0 | DQ35: =+(BN35+BO35)*Z35*$Z$2 -> 0 | DR35: =+(BR35+BS35)*AD35*$AD$2 -> 0 | DS35: =+(BV35+BW35)*AF35*$AF$2 -> 0 | DT35: =+(BZ35+CA35)*AH35*$AH$2 -> 0 | DU35: =+(CD35+CE35)*AN35*$AN$2 -> 0 | DV35: =+(CH35+CI35)*AP35*$AP$2 -> 0 | DW35: =+(CL35+CM35)*AR35*$AR$2 -> 0 | DX35: =+(CP35+CQ35)*AV35*$AV$2 -> 0 | DY35: =+(CT35+CU35)*AX35*$AX$2 -> 0 | DZ35: =+(CX35+CY35)*AZ35*$AZ$2 -> 0
B36: ='23년(세부_실적)'!#REF! -> #REF! | F36: ='23년(세부_실적)'!#REF! -> #REF! | G36: P230NQ_TPN | H36: ='23년(세부_실적)'!#REF! -> #REF! | I36: ='23년(세부_실적)'!#REF! -> #REF! | J36: ='23년(세부_실적)'!#REF! -> #REF! | K36: ='23년(세부_실적)'!#REF! -> #REF! | L36: ='23년(세부_실적)'!#REF! -> #REF! | M36: ='23년(세부_실적)'!#REF! -> #REF! | N36: ='23년(세부_실적)'!#REF! -> #REF! | O36: ='23년(세부_실적)'!#REF! -> #REF! | ... S36: ='23년(세부_실적)'!#REF! -> #REF! | T36: =+S36*1000 -> #REF! | U36: ='23년(세부_실적)'!#REF! -> #REF! | V36: =+U36*1000 -> #REF! | W36: ='23년(세부_실적)'!#REF! -> #REF! | X36: =W36*1000 -> #REF! | Y36: ='23년(세부_실적)'!#REF! -> #REF! | Z36: =Y36*1000 -> #REF! | AA36: ='23년(세부_실적)'!#REF! -> #REF! | AB36: =AA36*1000 -> #REF! | AC36: ='23년(세부_실적)'!#REF! -> #REF! | AD36: =AC36*1000 -> #REF! | AE36: ='23년(세부_실적)'!#REF! -> #REF! | AF36: =AE36*1000 -> #REF! | AG36: ='23년(세부_실적)'!#REF! -> #REF! | AH36: =AG36*1000 -> #REF! | AI36: ='23년(세부_실적)'!#REF! -> #REF! | AJ36: =AI36*1000 -> #REF! | AK36: ='23년(세부_실적)'!#REF! -> #REF! | AL36: =AK36*1000 -> #REF! | AM36: ='23년(세부_실적)'!#REF! -> #REF! | AN36: =AM36*1000 -> #REF! | AO36: ='23년(세부_실적)'!#REF! -> #REF! | AP36: =AO36*1000 -> #REF! | AQ36: ='23년(세부_실적)'!#REF! -> #REF! | AR36: =AQ36*1000 -> #REF! | AS36: ='23년(세부_실적)'!#REF! -> #REF! | AT36: =AS36*1000 -> #REF! | AU36: ='23년(세부_실적)'!#REF! -> #REF! | AV36: =AU36*1000 -> #REF! | AW36: ='23년(세부_실적)'!#REF! -> #REF! | AX36: =AW36*1000 -> #REF! | AY36: ='23년(세부_실적)'!#REF! -> #REF! | AZ36: =AY36*1000 -> #REF! | BA36: ='23년(세부_실적)'!#REF! -> #REF! | BB36: =BA36*1000 -> #REF! | BC36: ='23년(세부_실적)'!#REF! -> #REF! | BD36: =BC36*1000 -> #REF! | BF36: 1.68 | BG36: 14.351017 | BH36: 19.3 | BJ36: 1.68 | BK36: 14.351017 | BL36: 19.3 | BN36: 1.68 | BO36: 14.351017 | BP36: 19.3 | BR36: 1.68 | BS36: 14.797897 | BT36: 19.52 | BV36: 1.68 | BW36: 14.797897 | BZ36: 1.68 | CA36: 14.797897 | DB36: =+V36*BH36*$BI$2 -> #REF! | DC36: =+X36*BL36*$BM$2 -> #REF! | DD36: =+BP36*Z36*$BQ$2 -> #REF! | DE36: =+AD36*BT36*$BU$2 -> #REF! | DF36: =+BX36*AF36*$BY$2 -> #REF! | DG36: =+CB36*AH36*$CC$2 -> #REF! | DH36: =+CF36*AN36*$CG$2 -> #REF! | DI36: =+CB36*AP36*$AP$2 -> #REF! | DJ36: =+CN36*AR36*$AR$2 -> #REF! | DK36: =+CR36*AV36*$AV$2 -> #REF! | DL36: =+CV36*AX36*$AX$2 -> #REF! | DM36: =+CZ36*AZ36*$AZ$2 -> #REF! | DO36: =+(BF36+BG36)*V36*$V$2 -> #REF! | DP36: =+(BJ36+BK36)*X36*$X$2 -> #REF! | DQ36: =+(BN36+BO36)*Z36*$Z$2 -> #REF! | DR36: =+(BR36+BS36)*AD36*$AD$2 -> #REF! | DS36: =+(BV36+BW36)*AF36*$AF$2 -> #REF! | DT36: =+(BZ36+CA36)*AH36*$AH$2 -> #REF! | DU36: =+(CD36+CE36)*AN36*$AN$2 -> #REF! | DV36: =+(CH36+CI36)*AP36*$AP$2 -> #REF! | DW36: =+(CL36+CM36)*AR36*$AR$2 -> #REF! | DX36: =+(CP36+CQ36)*AV36*$AV$2 -> #REF! | DY36: =+(CT36+CU36)*AX36*$AX$2 -> #REF! | DZ36: =+(CX36+CY36)*AZ36*$AZ$2 -> #REF!
B37: ='23년(세부_실적)'!A36 -> 31 | F37: ='23년(세부_실적)'!E36 -> P230NQ_TPN | G37: P230NQ_TPN | H37: ='23년(세부_실적)'!F36 -> 1066B | I37: ='23년(세부_실적)'!G36 -> 구 | J37: ='23년(세부_실적)'!H36 -> SY | K37: ='23년(세부_실적)'!I36 -> 19.73 | L37: ='23년(세부_실적)'!J36 -> 0 | M37: ='23년(세부_실적)'!K36 -> 19.72 | N37: ='23년(세부_실적)'!L36 -> 0 | O37: ='23년(세부_실적)'!M36 -> 19.72 | ... S37: ='23년(세부_실적)'!Q36 -> 128.421 | T37: =+S37*1000 -> 128421 | U37: ='23년(세부_실적)'!S36 -> 15.654 | V37: =+U37*1000 -> 15654 | W37: ='23년(세부_실적)'!U36 -> 5.43 | X37: =W37*1000 -> 5430 | Y37: ='23년(세부_실적)'!W36 -> 16.474 | Z37: =Y37*1000 -> 16474 | AA37: ='23년(세부_실적)'!Y36 -> 37.558 | AB37: =AA37*1000 -> 37558 | AC37: ='23년(세부_실적)'!AA36 -> 5.598 | AD37: =AC37*1000 -> 5598 | AE37: ='23년(세부_실적)'!AC36 -> 9.792 | AF37: =AE37*1000 -> 9792 | AG37: ='23년(세부_실적)'!AE36 -> 5.211 | AH37: =AG37*1000 -> 5211 | AI37: ='23년(세부_실적)'!AG36 -> 20.601 | AJ37: =AI37*1000 -> 20601 | AK37: ='23년(세부_실적)'!AI36 -> 58.159 | AL37: =AK37*1000 -> 58159 | AM37: ='23년(세부_실적)'!AK36 -> 6.368 | AN37: =AM37*1000 -> 6368 | AO37: ='23년(세부_실적)'!AM36 -> 4.196 | AP37: =AO37*1000 -> 4196 | AQ37: ='23년(세부_실적)'!AO36 -> 3.466 | AR37: =AQ37*1000 -> 3466 | AS37: ='23년(세부_실적)'!AQ36 -> 14.03 | AT37: =AS37*1000 -> 14030 | AU37: ='23년(세부_실적)'!AS36 -> 7.764 | AV37: =AU37*1000 -> 7764 | AW37: ='23년(세부_실적)'!AU36 -> 13.86 | AX37: =AW37*1000 -> 13860 | AY37: ='23년(세부_실적)'!AW36 -> 34.608 | AZ37: =AY37*1000 -> 34608 | BA37: ='23년(세부_실적)'!AY36 -> 56.232 | BB37: =BA37*1000 -> 56232 | BC37: ='23년(세부_실적)'!BA36 -> 70.262 | BD37: =BC37*1000 -> 70262 | BF37: 1.68 | BG37: 14.351017 | BJ37: 1.68 | BK37: 14.351017 | BN37: 1.68 | BO37: 14.351017 | BR37: 1.68 | BS37: 14.797897 | BV37: 1.68 | BW37: 14.797897 | BX37: 19.74 | BZ37: 1.68 | CA37: 14.797897 | CB37: 19.74 | DB37: =+V37*BH37*$BI$2 -> 0 | DC37: =+X37*BL37*$BM$2 -> 0 | DD37: =+BP37*Z37*$BQ$2 -> 0 | DE37: =+AD37*BT37*$BU$2 -> 0 | DF37: =+BX37*AF37*$BY$2 -> 2.5593876e+08 | DG37: =+CB37*AH37*$CC$2 -> 1.3374834e+08 | DH37: =+CF37*AN37*$CG$2 -> 0 | DI37: =+CB37*AP37*$AP$2 -> 1.0956543e+08 | DJ37: =+CN37*AR37*$AR$2 -> 0 | DK37: =+CR37*AV37*$AV$2 -> 0 | DL37: =+CV37*AX37*$AX$2 -> 0 | DM37: =+CZ37*AZ37*$AZ$2 -> 0 | DO37: =+(BF37+BG37)*V37*$V$2 -> 3.1260533e+08 | DP37: =+(BJ37+BK37)*X37*$X$2 -> 1.1091884e+08 | DQ37: =+(BN37+BO37)*Z37*$Z$2 -> 3.4422931e+08 | DR37: =+(BR37+BS37)*AD37*$AD$2 -> 1.2206736e+08 | DS37: =+(BV37+BW37)*AF37*$AF$2 -> 2.1364399e+08 | DT37: =+(BZ37+CA37)*AH37*$AH$2 -> 1.1164596e+08 | DU37: =+(CD37+CE37)*AN37*$AN$2 -> 0 | DV37: =+(CH37+CI37)*AP37*$AP$2 -> 0 | DW37: =+(CL37+CM37)*AR37*$AR$2 -> 0 | DX37: =+(CP37+CQ37)*AV37*$AV$2 -> 0 | DY37: =+(CT37+CU37)*AX37*$AX$2 -> 0 | DZ37: =+(CX37+CY37)*AZ37*$AZ$2 -> 0
B38: ='23년(세부_실적)'!A37 -> 32 | F38: ='23년(세부_실적)'!E37 -> P270NQ_NPN | G38: P270NQ_NPN | H38: ='23년(세부_실적)'!F37 -> 934A | I38: ='23년(세부_실적)'!G37 -> 구 | J38: ='23년(세부_실적)'!H37 -> SY | K38: ='23년(세부_실적)'!I37 -> 21.1 | L38: ='23년(세부_실적)'!J37 -> 0 | M38: ='23년(세부_실적)'!K37 -> 21.1 | N38: ='23년(세부_실적)'!L37 -> 0 | O38: ='23년(세부_실적)'!M37 -> 21.1 | ... S38: ='23년(세부_실적)'!Q37 -> 0.474 | T38: =+S38*1000 -> 474 | U38: ='23년(세부_실적)'!S37 -> 0.27 | V38: =+U38*1000 -> 270 | W38: ='23년(세부_실적)'!U37 -> 0 | X38: =W38*1000 -> 0 | Y38: ='23년(세부_실적)'!W37 -> 0.204 | Z38: =Y38*1000 -> 204 | AA38: ='23년(세부_실적)'!Y37 -> 0.474 | AB38: =AA38*1000 -> 474 | AC38: ='23년(세부_실적)'!AA37 -> 0 | AD38: =AC38*1000 -> 0 | AE38: ='23년(세부_실적)'!AC37 -> 0 | AF38: =AE38*1000 -> 0 | AG38: ='23년(세부_실적)'!AE37 -> 0 | AH38: =AG38*1000 -> 0 | AI38: ='23년(세부_실적)'!AG37 -> 0 | AJ38: =AI38*1000 -> 0 | AK38: ='23년(세부_실적)'!AI37 -> 0.474 | AL38: =AK38*1000 -> 474 | AM38: ='23년(세부_실적)'!AK37 -> 0 | AN38: =AM38*1000 -> 0 | AO38: ='23년(세부_실적)'!AM37 -> 0 | AP38: =AO38*1000 -> 0 | AQ38: ='23년(세부_실적)'!AO37 -> 0 | AR38: =AQ38*1000 -> 0 | AS38: ='23년(세부_실적)'!AQ37 -> 0 | AT38: =AS38*1000 -> 0 | AU38: ='23년(세부_실적)'!AS37 -> 0 | AV38: =AU38*1000 -> 0 | AW38: ='23년(세부_실적)'!AU37 -> 0 | AX38: =AW38*1000 -> 0 | AY38: ='23년(세부_실적)'!AW37 -> 0 | AZ38: =AY38*1000 -> 0 | BA38: ='23년(세부_실적)'!AY37 -> 0 | BB38: =BA38*1000 -> 0 | BC38: ='23년(세부_실적)'!BA37 -> 0 | BD38: =BC38*1000 -> 0 | BF38: 1.848 | BG38: 17.365774 | BH38: 21.1 | BJ38: 1.848 | BK38: 17.365774 | BN38: 1.848 | BO38: 17.365774 | BR38: 1.848 | BS38: 17.597156 | BV38: 1.848 | BW38: 17.597156 | BX38: 21.1 | BZ38: 1.848 | CA38: 17.597156 | CB38: 21.1 | DB38: =+V38*BH38*$BI$2 -> 7096695.9 | DC38: =+X38*BL38*$BM$2 -> 0 | DD38: =+BP38*Z38*$BQ$2 -> 0 | DE38: =+AD38*BT38*$BU$2 -> 0 | DF38: =+BX38*AF38*$BY$2 -> 0 | DG38: =+CB38*AH38*$CC$2 -> 0 | DH38: =+CF38*AN38*$CG$2 -> 0 | DI38: =+CB38*AP38*$AP$2 -> 0 | DJ38: =+CN38*AR38*$AR$2 -> 0 | DK38: =+CR38*AV38*$AV$2 -> 0 | DL38: =+CV38*AX38*$AX$2 -> 0 | DM38: =+CZ38*AZ38*$AZ$2 -> 0 | DO38: =+(BF38+BG38)*V38*$V$2 -> 6462289.8 | DP38: =+(BJ38+BK38)*X38*$X$2 -> 0 | DQ38: =+(BN38+BO38)*Z38*$Z$2 -> 5108937.2 | DR38: =+(BR38+BS38)*AD38*$AD$2 -> 0 | DS38: =+(BV38+BW38)*AF38*$AF$2 -> 0 | DT38: =+(BZ38+CA38)*AH38*$AH$2 -> 0 | DU38: =+(CD38+CE38)*AN38*$AN$2 -> 0 | DV38: =+(CH38+CI38)*AP38*$AP$2 -> 0 | DW38: =+(CL38+CM38)*AR38*$AR$2 -> 0 | DX38: =+(CP38+CQ38)*AV38*$AV$2 -> 0 | DY38: =+(CT38+CU38)*AX38*$AX$2 -> 0 | DZ38: =+(CX38+CY38)*AZ38*$AZ$2 -> 0
B39: ='23년(세부_실적)'!A38 -> 33 | F39: ='23년(세부_실적)'!E38 -> P270NQB_NPN | G39: P270NQB_NPN | H39: ='23년(세부_실적)'!F38 -> 934B | I39: ='23년(세부_실적)'!G38 -> 구 | J39: ='23년(세부_실적)'!H38 -> SY | K39: ='23년(세부_실적)'!I38 -> 20.89 | L39: ='23년(세부_실적)'!J38 -> 0 | M39: ='23년(세부_실적)'!K38 -> 20.89 | N39: ='23년(세부_실적)'!L38 -> 0 | O39: ='23년(세부_실적)'!M38 -> 20.89 | ... S39: ='23년(세부_실적)'!Q38 -> 0.168 | T39: =+S39*1000 -> 168 | U39: ='23년(세부_실적)'!S38 -> 0.168 | V39: =+U39*1000 -> 168 | W39: ='23년(세부_실적)'!U38 -> 0 | X39: =W39*1000 -> 0 | Y39: ='23년(세부_실적)'!W38 -> 0 | Z39: =Y39*1000 -> 0 | AA39: ='23년(세부_실적)'!Y38 -> 0.168 | AB39: =AA39*1000 -> 168 | AC39: ='23년(세부_실적)'!AA38 -> 0 | AD39: =AC39*1000 -> 0 | AE39: ='23년(세부_실적)'!AC38 -> 0 | AF39: =AE39*1000 -> 0 | AG39: ='23년(세부_실적)'!AE38 -> 0 | AH39: =AG39*1000 -> 0 | AI39: ='23년(세부_실적)'!AG38 -> 0 | AJ39: =AI39*1000 -> 0 | AK39: ='23년(세부_실적)'!AI38 -> 0.168 | AL39: =AK39*1000 -> 168 | AM39: ='23년(세부_실적)'!AK38 -> 0 | AN39: =AM39*1000 -> 0 | AO39: ='23년(세부_실적)'!AM38 -> 0 | AP39: =AO39*1000 -> 0 | AQ39: ='23년(세부_실적)'!AO38 -> 0 | AR39: =AQ39*1000 -> 0 | AS39: ='23년(세부_실적)'!AQ38 -> 0 | AT39: =AS39*1000 -> 0 | AU39: ='23년(세부_실적)'!AS38 -> 0 | AV39: =AU39*1000 -> 0 | AW39: ='23년(세부_실적)'!AU38 -> 0 | AX39: =AW39*1000 -> 0 | AY39: ='23년(세부_실적)'!AW38 -> 0 | AZ39: =AY39*1000 -> 0 | BA39: ='23년(세부_실적)'!AY38 -> 0 | BB39: =BA39*1000 -> 0 | BC39: ='23년(세부_실적)'!BA38 -> 0 | BD39: =BC39*1000 -> 0 | BF39: 1.848 | BG39: 17.6 | BJ39: 1.848 | BK39: 17.6 | BN39: 1.848 | BO39: 17.6 | BR39: 1.848 | BS39: 17.6 | BV39: 1.848 | BW39: 17.6 | BZ39: 1.848 | CA39: 17.6 | CB39: 20.89 | DB39: =+V39*BH39*$BI$2 -> 0 | DC39: =+X39*BL39*$BM$2 -> 0 | DD39: =+BP39*Z39*$BQ$2 -> 0 | DE39: =+AD39*BT39*$BU$2 -> 0 | DF39: =+BX39*AF39*$BY$2 -> 0 | DG39: =+CB39*AH39*$CC$2 -> 0 | DH39: =+CF39*AN39*$CG$2 -> 0 | DI39: =+CB39*AP39*$AP$2 -> 0 | DJ39: =+CN39*AR39*$AR$2 -> 0 | DK39: =+CR39*AV39*$AV$2 -> 0 | DL39: =+CV39*AX39*$AX$2 -> 0 | DM39: =+CZ39*AZ39*$AZ$2 -> 0 | DO39: =+(BF39+BG39)*V39*$V$2 -> 4069998.1 | DP39: =+(BJ39+BK39)*X39*$X$2 -> 0 | DQ39: =+(BN39+BO39)*Z39*$Z$2 -> 0 | DR39: =+(BR39+BS39)*AD39*$AD$2 -> 0 | DS39: =+(BV39+BW39)*AF39*$AF$2 -> 0 | DT39: =+(BZ39+CA39)*AH39*$AH$2 -> 0 | DU39: =+(CD39+CE39)*AN39*$AN$2 -> 0 | DV39: =+(CH39+CI39)*AP39*$AP$2 -> 0 | DW39: =+(CL39+CM39)*AR39*$AR$2 -> 0 | DX39: =+(CP39+CQ39)*AV39*$AV$2 -> 0 | DY39: =+(CT39+CU39)*AX39*$AX$2 -> 0 | DZ39: =+(CX39+CY39)*AZ39*$AZ$2 -> 0
B40: ='23년(세부_실적)'!#REF! -> #REF! | F40: ='23년(세부_실적)'!#REF! -> #REF! | G40: P270NQ_TPN | H40: ='23년(세부_실적)'!#REF! -> #REF! | I40: ='23년(세부_실적)'!#REF! -> #REF! | J40: ='23년(세부_실적)'!#REF! -> #REF! | K40: ='23년(세부_실적)'!#REF! -> #REF! | L40: ='23년(세부_실적)'!#REF! -> #REF! | M40: ='23년(세부_실적)'!#REF! -> #REF! | N40: ='23년(세부_실적)'!#REF! -> #REF! | O40: ='23년(세부_실적)'!#REF! -> #REF! | ... S40: ='23년(세부_실적)'!#REF! -> #REF! | T40: =+S40*1000 -> #REF! | U40: ='23년(세부_실적)'!#REF! -> #REF! | V40: =+U40*1000 -> #REF! | W40: ='23년(세부_실적)'!#REF! -> #REF! | X40: =W40*1000 -> #REF! | Y40: ='23년(세부_실적)'!#REF! -> #REF! | Z40: =Y40*1000 -> #REF! | AA40: ='23년(세부_실적)'!#REF! -> #REF! | AB40: =AA40*1000 -> #REF! | AC40: ='23년(세부_실적)'!#REF! -> #REF! | AD40: =AC40*1000 -> #REF! | AE40: ='23년(세부_실적)'!#REF! -> #REF! | AF40: =AE40*1000 -> #REF! | AG40: ='23년(세부_실적)'!#REF! -> #REF! | AH40: =AG40*1000 -> #REF! | AI40: ='23년(세부_실적)'!#REF! -> #REF! | AJ40: =AI40*1000 -> #REF! | AK40: ='23년(세부_실적)'!#REF! -> #REF! | AL40: =AK40*1000 -> #REF! | AM40: ='23년(세부_실적)'!#REF! -> #REF! | AN40: =AM40*1000 -> #REF! | AO40: ='23년(세부_실적)'!#REF! -> #REF! | AP40: =AO40*1000 -> #REF! | AQ40: ='23년(세부_실적)'!#REF! -> #REF! | AR40: =AQ40*1000 -> #REF! | AS40: ='23년(세부_실적)'!#REF! -> #REF! | AT40: =AS40*1000 -> #REF! | AU40: ='23년(세부_실적)'!#REF! -> #REF! | AV40: =AU40*1000 -> #REF! | AW40: ='23년(세부_실적)'!#REF! -> #REF! | AX40: =AW40*1000 -> #REF! | AY40: ='23년(세부_실적)'!#REF! -> #REF! | AZ40: =AY40*1000 -> #REF! | BA40: ='23년(세부_실적)'!#REF! -> #REF! | BB40: =BA40*1000 -> #REF! | BC40: ='23년(세부_실적)'!#REF! -> #REF! | BD40: =BC40*1000 -> #REF! | BF40: 1.85 | BG40: 16.8536 | BH40: 21.2 | BJ40: 1.85 | BK40: 16.8536 | BL40: 21.2 | BN40: 1.85 | BO40: 16.8536 | BP40: 21.2 | BR40: 1.85 | BS40: 17.245609 | BT40: 21.465 | BV40: 1.85 | BW40: 17.245609 | BZ40: 1.85 | CA40: 17.245609 | DB40: =+V40*BH40*$BI$2 -> #REF! | DC40: =+X40*BL40*$BM$2 -> #REF! | DD40: =+BP40*Z40*$BQ$2 -> #REF! | DE40: =+AD40*BT40*$BU$2 -> #REF! | DF40: =+BX40*AF40*$BY$2 -> #REF! | DG40: =+CB40*AH40*$CC$2 -> #REF! | DH40: =+CF40*AN40*$CG$2 -> #REF! | DI40: =+CB40*AP40*$AP$2 -> #REF! | DJ40: =+CN40*AR40*$AR$2 -> #REF! | DK40: =+CR40*AV40*$AV$2 -> #REF! | DL40: =+CV40*AX40*$AX$2 -> #REF! | DM40: =+CZ40*AZ40*$AZ$2 -> #REF! | DO40: =+(BF40+BG40)*V40*$V$2 -> #REF! | DP40: =+(BJ40+BK40)*X40*$X$2 -> #REF! | DQ40: =+(BN40+BO40)*Z40*$Z$2 -> #REF! | DR40: =+(BR40+BS40)*AD40*$AD$2 -> #REF! | DS40: =+(BV40+BW40)*AF40*$AF$2 -> #REF! | DT40: =+(BZ40+CA40)*AH40*$AH$2 -> #REF! | DU40: =+(CD40+CE40)*AN40*$AN$2 -> #REF! | DV40: =+(CH40+CI40)*AP40*$AP$2 -> #REF! | DW40: =+(CL40+CM40)*AR40*$AR$2 -> #REF! | DX40: =+(CP40+CQ40)*AV40*$AV$2 -> #REF! | DY40: =+(CT40+CU40)*AX40*$AX$2 -> #REF! | DZ40: =+(CX40+CY40)*AZ40*$AZ$2 -> #REF!
B41: ='23년(세부_실적)'!A39 -> 35 | F41: ='23년(세부_실적)'!E39 -> P270NQ_TPN | G41: P270NQ_TPN | H41: ='23년(세부_실적)'!F39 -> 1066A | I41: ='23년(세부_실적)'!G39 -> 구 | J41: ='23년(세부_실적)'!H39 -> SY | K41: ='23년(세부_실적)'!I39 -> 21.72 | L41: ='23년(세부_실적)'!J39 -> 0 | M41: ='23년(세부_실적)'!K39 -> 21.71 | N41: ='23년(세부_실적)'!L39 -> 0 | O41: ='23년(세부_실적)'!M39 -> 21.71 | ... S41: ='23년(세부_실적)'!Q39 -> 61.064 | T41: =+S41*1000 -> 61064 | U41: ='23년(세부_실적)'!S39 -> 5.22 | V41: =+U41*1000 -> 5220 | W41: ='23년(세부_실적)'!U39 -> 2.322 | X41: =W41*1000 -> 2322 | Y41: ='23년(세부_실적)'!W39 -> 0.856 | Z41: =Y41*1000 -> 856 | AA41: ='23년(세부_실적)'!Y39 -> 8.398 | AB41: =AA41*1000 -> 8398 | AC41: ='23년(세부_실적)'!AA39 -> 2.544 | AD41: =AC41*1000 -> 2544 | AE41: ='23년(세부_실적)'!AC39 -> 6.468 | AF41: =AE41*1000 -> 6468 | AG41: ='23년(세부_실적)'!AE39 -> 0.876 | AH41: =AG41*1000 -> 876 | AI41: ='23년(세부_실적)'!AG39 -> 9.888 | AJ41: =AI41*1000 -> 9888 | AK41: ='23년(세부_실적)'!AI39 -> 18.286 | AL41: =AK41*1000 -> 18286 | AM41: ='23년(세부_실적)'!AK39 -> 7.8 | AN41: =AM41*1000 -> 7800 | AO41: ='23년(세부_실적)'!AM39 -> 0.72 | AP41: =AO41*1000 -> 720 | AQ41: ='23년(세부_실적)'!AO39 -> 4.09 | AR41: =AQ41*1000 -> 4090 | AS41: ='23년(세부_실적)'!AQ39 -> 12.61 | AT41: =AS41*1000 -> 12610 | AU41: ='23년(세부_실적)'!AS39 -> 7.404 | AV41: =AU41*1000 -> 7404 | AW41: ='23년(세부_실적)'!AU39 -> 8.652 | AX41: =AW41*1000 -> 8652 | AY41: ='23년(세부_실적)'!AW39 -> 14.112 | AZ41: =AY41*1000 -> 14112 | BA41: ='23년(세부_실적)'!AY39 -> 30.168 | BB41: =BA41*1000 -> 30168 | BC41: ='23년(세부_실적)'!BA39 -> 42.778 | BD41: =BC41*1000 -> 42778 | BF41: 1.85 | BG41: 16.8536 | BJ41: 1.85 | BK41: 16.8536 | BN41: 1.85 | BO41: 16.8536 | BR41: 1.85 | BS41: 17.245609 | BV41: 1.85 | BW41: 17.245609 | BX41: 21.73 | BZ41: 1.85 | CA41: 17.245609 | CB41: 21.73 | DB41: =+V41*BH41*$BI$2 -> 0 | DC41: =+X41*BL41*$BM$2 -> 0 | DD41: =+BP41*Z41*$BQ$2 -> 0 | DE41: =+AD41*BT41*$BU$2 -> 0 | DF41: =+BX41*AF41*$BY$2 -> 1.8610037e+08 | DG41: =+CB41*AH41*$CC$2 -> 24750502 | DH41: =+CF41*AN41*$CG$2 -> 0 | DI41: =+CB41*AP41*$AP$2 -> 20695843 | DJ41: =+CN41*AR41*$AR$2 -> 0 | DK41: =+CR41*AV41*$AV$2 -> 0 | DL41: =+CV41*AX41*$AX$2 -> 0 | DM41: =+CZ41*AZ41*$AZ$2 -> 0 | DO41: =+(BF41+BG41)*V41*$V$2 -> 1.2162019e+08 | DP41: =+(BJ41+BK41)*X41*$X$2 -> 55339067 | DQ41: =+(BN41+BO41)*Z41*$Z$2 -> 20868281 | DR41: =+(BR41+BS41)*AD41*$AD$2 -> 64285867 | DS41: =+(BV41+BW41)*AF41*$AF$2 -> 1.6353889e+08 | DT41: =+(BZ41+CA41)*AH41*$AH$2 -> 21749927 | DU41: =+(CD41+CE41)*AN41*$AN$2 -> 0 | DV41: =+(CH41+CI41)*AP41*$AP$2 -> 0 | DW41: =+(CL41+CM41)*AR41*$AR$2 -> 0 | DX41: =+(CP41+CQ41)*AV41*$AV$2 -> 0 | DY41: =+(CT41+CU41)*AX41*$AX$2 -> 0 | DZ41: =+(CX41+CY41)*AZ41*$AZ$2 -> 0
B42: ='23년(세부_실적)'!A46 -> 36 | F42: ='23년(세부_실적)'!E46 -> L55SA8NA_APN | G42: L55SA8NA_APN | H42: ='23년(세부_실적)'!F46 -> 1114A | I42: ='23년(세부_실적)'!G46 -> 신 | J42: ='23년(세부_실적)'!H46 -> SY | K42: ='23년(세부_실적)'!I46 -> 29.23 | L42: ='23년(세부_실적)'!J46 -> 0 | M42: ='23년(세부_실적)'!K46 -> 29.23 | N42: ='23년(세부_실적)'!L46 -> 0 | O42: ='23년(세부_실적)'!M46 -> 29.23 | ... S42: ='23년(세부_실적)'!Q46 -> 2.165 | T42: =+S42*1000 -> 2165 | U42: ='23년(세부_실적)'!S46 -> 0.02 | V42: =+U42*1000 -> 20 | W42: ='23년(세부_실적)'!U46 -> 0.145 | X42: =W42*1000 -> 145 | Y42: ='23년(세부_실적)'!W46 -> 0.6 | Z42: =Y42*1000 -> 600 | AA42: ='23년(세부_실적)'!Y46 -> 0.765 | AB42: =AA42*1000 -> 765 | AC42: ='23년(세부_실적)'!AA46 -> 1.24 | AD42: =AC42*1000 -> 1240 | AE42: ='23년(세부_실적)'!AC46 -> 0 | AF42: =AE42*1000 -> 0 | AG42: ='23년(세부_실적)'!AE46 -> 0 | AH42: =AG42*1000 -> 0 | AI42: ='23년(세부_실적)'!AG46 -> 1.24 | AJ42: =AI42*1000 -> 1240 | AK42: ='23년(세부_실적)'!AI46 -> 2.005 | AL42: =AK42*1000 -> 2005 | AM42: ='23년(세부_실적)'!AK46 -> 0 | AN42: =AM42*1000 -> 0 | AO42: ='23년(세부_실적)'!AM46 -> 0.16 | AP42: =AO42*1000 -> 160 | AQ42: ='23년(세부_실적)'!AO46 -> 0 | AR42: =AQ42*1000 -> 0 | AS42: ='23년(세부_실적)'!AQ46 -> 0.16 | AT42: =AS42*1000 -> 160 | AU42: ='23년(세부_실적)'!AS46 -> 0 | AV42: =AU42*1000 -> 0 | AW42: ='23년(세부_실적)'!AU46 -> 0 | AX42: =AW42*1000 -> 0 | AY42: ='23년(세부_실적)'!AW46 -> 0 | AZ42: =AY42*1000 -> 0 | BA42: ='23년(세부_실적)'!AY46 -> 0 | BB42: =BA42*1000 -> 0 | BC42: ='23년(세부_실적)'!BA46 -> 0.16 | BD42: =BC42*1000 -> 160 | BF42: 2.3 | BG42: 16.590289 | BH42: 31.73 | BJ42: 2.3 | BK42: 16.590289 | BL42: 31.73 | BN42: 2.3 | BO42: 16.590289 | BP42: 31.73 | BR42: 2.3 | BS42: 17.019418 | BT42: 30.14 | BV42: 2.3 | BW42: 17.019418 | BX42: 30.14 | BZ42: 2.3 | CA42: 17.019418 | CB42: 29.44 | DB42: =+V42*BH42*$BI$2 -> 790514.87 | DC42: =+X42*BL42*$BM$2 -> 5862495.1 | DD42: =+BP42*Z42*$BQ$2 -> 24814700 | DE42: =+AD42*BT42*$BU$2 -> 49457232 | DF42: =+BX42*AF42*$BY$2 -> 0 | DG42: =+CB42*AH42*$CC$2 -> 0 | DH42: =+CF42*AN42*$CG$2 -> 0 | DI42: =+CB42*AP42*$AP$2 -> 6230870 | DJ42: =+CN42*AR42*$AR$2 -> 0 | DK42: =+CR42*AV42*$AV$2 -> 0 | DL42: =+CV42*AX42*$AX$2 -> 0 | DM42: =+CZ42*AZ42*$AZ$2 -> 0 | DO42: =+(BF42+BG42)*V42*$V$2 -> 470628.88 | DP42: =+(BJ42+BK42)*X42*$X$2 -> 3490205.7 | DQ42: =+(BN42+BO42)*Z42*$Z$2 -> 14773302 | DR42: =+(BR42+BS42)*AD42*$AD$2 -> 31701557 | DS42: =+(BV42+BW42)*AF42*$AF$2 -> 0 | DT42: =+(BZ42+CA42)*AH42*$AH$2 -> 0 | DU42: =+(CD42+CE42)*AN42*$AN$2 -> 0 | DV42: =+(CH42+CI42)*AP42*$AP$2 -> 0 | DW42: =+(CL42+CM42)*AR42*$AR$2 -> 0 | DX42: =+(CP42+CQ42)*AV42*$AV$2 -> 0 | DY42: =+(CT42+CU42)*AX42*$AX$2 -> 0 | DZ42: =+(CX42+CY42)*AZ42*$AZ$2 -> 0
B43: ='23년(세부_실적)'!A47 -> 37 | F43: ='23년(세부_실적)'!E47 -> L55SA9NA_APN | G43: L55SA9NA_APN | H43: ='23년(세부_실적)'!F47 -> 1114B | I43: ='23년(세부_실적)'!G47 -> 신 | J43: ='23년(세부_실적)'!H47 -> SY | K43: ='23년(세부_실적)'!I47 -> 31.67 | L43: ='23년(세부_실적)'!J47 -> 0 | M43: ='23년(세부_실적)'!K47 -> 31.67 | N43: ='23년(세부_실적)'!L47 -> 0 | O43: ='23년(세부_실적)'!M47 -> 31.67 | ... S43: ='23년(세부_실적)'!Q47 -> 2.825 | T43: =+S43*1000 -> 2825 | U43: ='23년(세부_실적)'!S47 -> 0 | V43: =+U43*1000 -> 0 | W43: ='23년(세부_실적)'!U47 -> 0 | X43: =W43*1000 -> 0 | Y43: ='23년(세부_실적)'!W47 -> 2.28 | Z43: =Y43*1000 -> 2280 | AA43: ='23년(세부_실적)'!Y47 -> 2.28 | AB43: =AA43*1000 -> 2280 | AC43: ='23년(세부_실적)'!AA47 -> 0.445 | AD43: =AC43*1000 -> 445 | AE43: ='23년(세부_실적)'!AC47 -> 0 | AF43: =AE43*1000 -> 0 | AG43: ='23년(세부_실적)'!AE47 -> 0.1 | AH43: =AG43*1000 -> 100 | AI43: ='23년(세부_실적)'!AG47 -> 0.545 | AJ43: =AI43*1000 -> 545 | AK43: ='23년(세부_실적)'!AI47 -> 2.825 | AL43: =AK43*1000 -> 2825 | AM43: ='23년(세부_실적)'!AK47 -> 0 | AN43: =AM43*1000 -> 0 | AO43: ='23년(세부_실적)'!AM47 -> 0 | AP43: =AO43*1000 -> 0 | AQ43: ='23년(세부_실적)'!AO47 -> 0 | AR43: =AQ43*1000 -> 0 | AS43: ='23년(세부_실적)'!AQ47 -> 0 | AT43: =AS43*1000 -> 0 | AU43: ='23년(세부_실적)'!AS47 -> 0 | AV43: =AU43*1000 -> 0 | AW43: ='23년(세부_실적)'!AU47 -> 0 | AX43: =AW43*1000 -> 0 | AY43: ='23년(세부_실적)'!AW47 -> 0 | AZ43: =AY43*1000 -> 0 | BA43: ='23년(세부_실적)'!AY47 -> 0 | BB43: =BA43*1000 -> 0 | BC43: ='23년(세부_실적)'!BA47 -> 0 | BD43: =BC43*1000 -> 0 | BF43: 2.3 | BG43: 17.188462 | BH43: 34.38 | BJ43: 2.3 | BK43: 17.188462 | BL43: 34.16 | BN43: 2.3 | BO43: 17.188462 | BP43: 33.98 | BR43: 2.3 | BS43: 17.58659 | BT43: 32.66 | BV43: 2.3 | BW43: 17.58659 | BX43: 32.66 | BZ43: 2.3 | CA43: 17.58659 | CB43: 31.68 | DB43: =+V43*BH43*$BI$2 -> 0 | DC43: =+X43*BL43*$BM$2 -> 0 | DD43: =+BP43*Z43*$BQ$2 -> 1.0098246e+08 | DE43: =+AD43*BT43*$BU$2 -> 19232736 | DF43: =+BX43*AF43*$BY$2 -> 0 | DG43: =+CB43*AH43*$CC$2 -> 4119128.6 | DH43: =+CF43*AN43*$CG$2 -> 0 | DI43: =+CB43*AP43*$AP$2 -> 0 | DJ43: =+CN43*AR43*$AR$2 -> 0 | DK43: =+CR43*AV43*$AV$2 -> 0 | DL43: =+CV43*AX43*$AX$2 -> 0 | DM43: =+CZ43*AZ43*$AZ$2 -> 0 | DO43: =+(BF43+BG43)*V43*$V$2 -> 0 | DP43: =+(BJ43+BK43)*X43*$X$2 -> 0 | DQ43: =+(BN43+BO43)*Z43*$Z$2 -> 57916208 | DR43: =+(BR43+BS43)*AD43*$AD$2 -> 11710764 | DS43: =+(BV43+BW43)*AF43*$AF$2 -> 0 | DT43: =+(BZ43+CA43)*AH43*$AH$2 -> 2585714.1 | DU43: =+(CD43+CE43)*AN43*$AN$2 -> 0 | DV43: =+(CH43+CI43)*AP43*$AP$2 -> 0 | DW43: =+(CL43+CM43)*AR43*$AR$2 -> 0 | DX43: =+(CP43+CQ43)*AV43*$AV$2 -> 0 | DY43: =+(CT43+CU43)*AX43*$AX$2 -> 0 | DZ43: =+(CX43+CY43)*AZ43*$AZ$2 -> 0
B44: ='23년(세부_실적)'!A48 -> 38 | F44: ='23년(세부_실적)'!E48 -> P55SA9N_APN | G44: P55SA9N_APN | H44: ='23년(세부_실적)'!F48 -> 1123A | I44: ='23년(세부_실적)'!G48 -> 신 | J44: ='23년(세부_실적)'!H48 -> SY | K44: ='23년(세부_실적)'!I48 -> 30.33 | L44: ='23년(세부_실적)'!J48 -> 0 | M44: ='23년(세부_실적)'!K48 -> 30.33 | N44: ='23년(세부_실적)'!L48 -> 0 | O44: ='23년(세부_실적)'!M48 -> 30.33 | ... S44: ='23년(세부_실적)'!Q48 -> 0.4 | T44: =+S44*1000 -> 400 | U44: ='23년(세부_실적)'!S48 -> 0 | V44: =+U44*1000 -> 0 | W44: ='23년(세부_실적)'!U48 -> 0 | X44: =W44*1000 -> 0 | Y44: ='23년(세부_실적)'!W48 -> 0.4 | Z44: =Y44*1000 -> 400 | AA44: ='23년(세부_실적)'!Y48 -> 0.4 | AB44: =AA44*1000 -> 400 | AC44: ='23년(세부_실적)'!AA48 -> 0 | AD44: =AC44*1000 -> 0 | AE44: ='23년(세부_실적)'!AC48 -> 0 | AF44: =AE44*1000 -> 0 | AG44: ='23년(세부_실적)'!AE48 -> 0 | AH44: =AG44*1000 -> 0 | AI44: ='23년(세부_실적)'!AG48 -> 0 | AJ44: =AI44*1000 -> 0 | AK44: ='23년(세부_실적)'!AI48 -> 0.4 | AL44: =AK44*1000 -> 400 | AM44: ='23년(세부_실적)'!AK48 -> 0 | AN44: =AM44*1000 -> 0 | AO44: ='23년(세부_실적)'!AM48 -> 0 | AP44: =AO44*1000 -> 0 | AQ44: ='23년(세부_실적)'!AO48 -> 0 | AR44: =AQ44*1000 -> 0 | AS44: ='23년(세부_실적)'!AQ48 -> 0 | AT44: =AS44*1000 -> 0 | AU44: ='23년(세부_실적)'!AS48 -> 0 | AV44: =AU44*1000 -> 0 | AW44: ='23년(세부_실적)'!AU48 -> 0 | AX44: =AW44*1000 -> 0 | AY44: ='23년(세부_실적)'!AW48 -> 0 | AZ44: =AY44*1000 -> 0 | BA44: ='23년(세부_실적)'!AY48 -> 0 | BB44: =BA44*1000 -> 0 | BC44: ='23년(세부_실적)'!BA48 -> 0 | BD44: =BC44*1000 -> 0 | BF44: 1.73 | BG44: 17.823745 | BH44: 31.27 | BJ44: 1.73 | BK44: 17.823745 | BL44: 31.27 | BN44: 1.73 | BO44: 17.823745 | BP44: 31.27 | BR44: 1.73 | BS44: 18.814534 | BT44: 31.27 | BV44: 1.73 | BW44: 18.814534 | BX44: 31.27 | BZ44: 1.73 | CA44: 18.814534 | CB44: 30.33 | DB44: =+V44*BH44*$BI$2 -> 0 | DC44: =+X44*BL44*$BM$2 -> 0 | DD44: =+BP44*Z44*$BQ$2 -> 16303302 | DE44: =+AD44*BT44*$BU$2 -> 0 | DF44: =+BX44*AF44*$BY$2 -> 0 | DG44: =+CB44*AH44*$CC$2 -> 0 | DH44: =+CF44*AN44*$CG$2 -> 0 | DI44: =+CB44*AP44*$AP$2 -> 0 | DJ44: =+CN44*AR44*$AR$2 -> 0 | DK44: =+CR44*AV44*$AV$2 -> 0 | DL44: =+CV44*AX44*$AX$2 -> 0 | DM44: =+CZ44*AZ44*$AZ$2 -> 0 | DO44: =+(BF44+BG44)*V44*$V$2 -> 0 | DP44: =+(BJ44+BK44)*X44*$X$2 -> 0 | DQ44: =+(BN44+BO44)*Z44*$Z$2 -> 10194775 | DR44: =+(BR44+BS44)*AD44*$AD$2 -> 0 | DS44: =+(BV44+BW44)*AF44*$AF$2 -> 0 | DT44: =+(BZ44+CA44)*AH44*$AH$2 -> 0 | DU44: =+(CD44+CE44)*AN44*$AN$2 -> 0 | DV44: =+(CH44+CI44)*AP44*$AP$2 -> 0 | DW44: =+(CL44+CM44)*AR44*$AR$2 -> 0 | DX44: =+(CP44+CQ44)*AV44*$AV$2 -> 0 | DY44: =+(CT44+CU44)*AX44*$AX$2 -> 0 | DZ44: =+(CX44+CY44)*AZ44*$AZ$2 -> 0
B45: ='23년(세부_실적)'!A59 -> 39 | F45: ='23년(세부_실적)'!E59 -> 소 계 | G45: 소 계 | K45: ='23년(세부_실적)'!I59 -> 0 | L45: ='23년(세부_실적)'!J59 -> 0 | M45: ='23년(세부_실적)'!K59 -> 0 | N45: ='23년(세부_실적)'!L59 -> 0 | O45: ='23년(세부_실적)'!M59 -> 0 | P45: ='23년(세부_실적)'!N59 -> 0 | Q45: ='23년(세부_실적)'!O59 -> 0 | R45: ='23년(세부_실적)'!P59 -> 0 | S45: ='23년(세부_실적)'!Q59 -> 864.359 | T45: =+S45*1000 -> 864359 | U45: ='23년(세부_실적)'!S59 -> 85.554 | V45: =+U45*1000 -> 85554 | W45: ='23년(세부_실적)'!U59 -> 66.805 | X45: =W45*1000 -> 66805 | Y45: ='23년(세부_실적)'!W59 -> 54.115 | Z45: =Y45*1000 -> 54115 | AA45: ='23년(세부_실적)'!Y59 -> 206.474 | AB45: =AA45*1000 -> 206474 | AC45: ='23년(세부_실적)'!AA59 -> 69.818 | AD45: =AC45*1000 -> 69818 | AE45: ='23년(세부_실적)'!AC59 -> 55.78 | AF45: =AE45*1000 -> 55780 | AG45: ='23년(세부_실적)'!AE59 -> 76.364 | AH45: =AG45*1000 -> 76364 | AI45: ='23년(세부_실적)'!AG59 -> 201.962 | AJ45: =AI45*1000 -> 201962 | AK45: ='23년(세부_실적)'!AI59 -> 408.436 | AL45: =AK45*1000 -> 408436 | AM45: ='23년(세부_실적)'!AK59 -> 80.124 | AN45: =AM45*1000 -> 80124 | AO45: ='23년(세부_실적)'!AM59 -> 66.06 | AP45: =AO45*1000 -> 66060 | AQ45: ='23년(세부_실적)'!AO59 -> 45.04 | AR45: =AQ45*1000 -> 45040 | AS45: ='23년(세부_실적)'!AQ59 -> 191.224 | AT45: =AS45*1000 -> 191224 | AU45: ='23년(세부_실적)'!AS59 -> 36.374 | AV45: =AU45*1000 -> 36374 | AW45: ='23년(세부_실적)'!AU59 -> 53.369 | AX45: =AW45*1000 -> 53369 | AY45: ='23년(세부_실적)'!AW59 -> 174.956 | AZ45: =AY45*1000 -> 174956 | BA45: ='23년(세부_실적)'!AY59 -> 264.699 | BB45: =BA45*1000 -> 264699 | BC45: ='23년(세부_실적)'!BA59 -> 455.923 | BD45: =BC45*1000 -> 455923 | DB45: =+V45*BH45*$BI$2 -> 0 | DC45: =+X45*BL45*$BM$2 -> 0 | DD45: =+BP45*Z45*$BQ$2 -> 0 | DE45: =+AD45*BT45*$BU$2 -> 0 | DF45: =+BX45*AF45*$BY$2 -> 0 | DG45: =+CB45*AH45*$CC$2 -> 0 | DH45: =+CF45*AN45*$CG$2 -> 0 | DI45: =+CB45*AP45*$AP$2 -> 0 | DJ45: =+CN45*AR45*$AR$2 -> 0 | DK45: =+CR45*AV45*$AV$2 -> 0 | DL45: =+CV45*AX45*$AX$2 -> 0 | DM45: =+CZ45*AZ45*$AZ$2 -> 0 | DO45: =+(BF45+BG45)*V45*$V$2 -> 0 | DP45: =+(BJ45+BK45)*X45*$X$2 -> 0 | DQ45: =+(BN45+BO45)*Z45*$Z$2 -> 0 | DR45: =+(BR45+BS45)*AD45*$AD$2 -> 0 | DS45: =+(BV45+BW45)*AF45*$AF$2 -> 0 | DT45: =+(BZ45+CA45)*AH45*$AH$2 -> 0 | DU45: =+(CD45+CE45)*AN45*$AN$2 -> 0 | DV45: =+(CH45+CI45)*AP45*$AP$2 -> 0 | DW45: =+(CL45+CM45)*AR45*$AR$2 -> 0 | DX45: =+(CP45+CQ45)*AV45*$AV$2 -> 0 | DY45: =+(CT45+CU45)*AX45*$AX$2 -> 0 | DZ45: =+(CX45+CY45)*AZ45*$AZ$2 -> 0
