Workbook

Sheet 26년(세부_실적)
B1: ▣ 26년 매출 마감현황
B2: 2026. 05. 22 | T2: 1443.65 | V2: 1438.26 | X2: 1502.37 | AB2: 1480.76
B3: 거래선 | C3: 제품 | D3: Set | E3: 모델 | F3: Code | G3: 구분 | H3: 제조지 | I3: 단가 | Q3: 년계 | S3: 1월 | U3: 2월 | W3: 3월 | Y3: 1분기 | AA3: 4월 | AC3: 5월 | AE3: 6월 | AG3: 2분기 | AI3: 상반기 | AK3: 7월 | AM3: 8월 | AO3: 9월 | AQ3: 3분기 | AS3: 10월 | AU3: 11월 | AW3: 12월 | AY3: 4분기 | BA3: 하반기
I4: 1Q | K4: 2Q | M4: 3Q | O4: 4Q
I5: USD | J5: KRW | K5: USD | L5: KRW | M5: USD | N5: KRW | O5: USD | P5: KRW | Q5: 수량 | R5: 금액 | S5: 수량 | T5: 금액 | U5: 수량 | V5: 금액 | W5: 수량 | X5: 금액 | Y5: 수량 | Z5: 금액 | AA5: 수량 | AB5: 금액 | AC5: 수량 | AD5: 금액 | AE5: 수량 | AF5: 금액 | AG5: 수량 | AH5: 금액 | AI5: 수량 | AJ5: 금액 | AK5: 수량 | AL5: 금액 | AM5: 수량 | AN5: 금액 | AO5: 수량 | AP5: 금액 | AQ5: 수량 | AR5: 금액 | AS5: 수량 | AT5: 금액 | AU5: 수량 | AV5: 금액 | AW5: 수량 | AX5: 금액 | AY5: 수량 | AZ5: 금액 | BA5: 수량 | BB5: 금액
B6: 합 계 | Q6: =SUM(Q290,Q442,Q544,Q547,Q602,Q606,Q626,Q931,Q950,Q1315,Q1347,Q1308,Q1310,Q1322,Q1329,Q1333,Q1346) -> 7305.095 | R6: =SUM(R290,R442,R544,R547,R602,R606,R626,R931,R950,R1315,R1347,R1308,R1310,R1322,R1329,R1333,R1346) -> 70528.291 | S6: =SUM(S290,S442,S544,S547,S602,S606,S626,S931,S950,S1315,S1347,S1308,S1310,S1322,S1329,S1333,S1346) -> 2270.627 | T6: =SUM(T290,T442,T544,T547,T602,T606,T626,T931,T950,T1315,T1347,T1308,T1310,T1322,T1329,T1333,T1346) -> 20548.931 | U6: =SUM(U290,U442,U544,U547,U602,U606,U626,U931,U950,U1315,U1347,U1308,U1310,U1322,U1329,U1333,U1346) -> 1917.332 | V6: =SUM(V290,V442,V544,V547,V602,V606,V626,V931,V950,V1315,V1347,V1308,V1310,V1322,V1329,V1333,V1346) -> 18592.85 | W6: =SUM(W290,W442,W544,W547,W602,W606,W626,W931,W950,W1315,W1347,W1308,W1310,W1322,W1329,W1333,W1346) -> 1884.707 | X6: =SUM(X290,X442,X544,X547,X602,X606,X626,X931,X950,X1315,X1347,X1308,X1310,X1322,X1329,X1333,X1346) -> 18719.14 | ... BB6: =SUM(BB290,BB442,BB544,BB547,BB602,BB606,BB626,BB931,BB950,BB1315,BB1347,BB1308,BB1310,BB1322,BB1329,BB1333,BB1346) -> 0
A7: 1 | B7: SEC VD | C7: PD-Board | D7: TV/MFM | E7: L22S0Q_EPN | F7: 692A | G7: 구 | H7: QD | I7: 4.12 | K7: 4.12 | Q7: =SUM(AI7+BA7) -> 0 | R7: =SUM(AJ7+BB7) -> 0 | T7: =I7*S7*$T$2/1000 -> 0 | V7: =I7*U7*$V$2/1000 -> 0 | X7: =I7*W7*$X$2/1000 -> 0 | Y7: =SUM(S7+U7+W7) -> 0 | Z7: =SUM(T7,V7,X7) -> 0 | AB7: =K7*AA7*$AB$2/1000 -> 0 | AD7: =K7*AC7*$AD$2/1000 -> 0 | AF7: =K7*AE7*$AF$2/1000 -> 0 | AG7: =SUM(AA7+AC7+AE7) -> 0 | AH7: =SUM(AB7,AD7,AF7) -> 0 | AI7: =SUM(Y7+AG7) -> 0 | AJ7: =SUM(Z7,AH7) -> 0 | AL7: =M7*AK7*$AL$2/1000 -> 0 | AN7: =M7*AM7*$AN$2/1000 -> 0 | AP7: =M7*AO7*AP2/1000 -> 0 | AQ7: =SUM(AK7+AM7+AO7) -> 0 | AR7: =SUM(AL7,AN7,AP7) -> 0 | AT7: =O7*AS7*$AT$2/1000 -> 0 | AV7: =O7*AU7*$AV$2/1000 -> 0 | AX7: =O7*AW7*$AX$2/1000 -> 0 | AY7: =SUM(AS7+AU7+AW7) -> 0 | AZ7: =SUM(AT7,AV7,AX7) -> 0 | BA7: =SUM(AQ7+AY7) -> 0 | BB7: =SUM(AR7,AZ7) -> 0
A8: 2 | E8: L23S0D_EPN | F8: 746A | G8: 구 | H8: QD | I8: 4.13 | K8: 4.13 | Q8: =SUM(AI8+BA8) -> 0 | R8: =SUM(AJ8+BB8) -> 0 | T8: =I8*S8*$T$2/1000 -> 0 | V8: =I8*U8*$V$2/1000 -> 0 | X8: =I8*W8*$X$2/1000 -> 0 | Y8: =SUM(S8+U8+W8) -> 0 | Z8: =SUM(T8,V8,X8) -> 0 | AB8: =K8*AA8*$AB$2/1000 -> 0 | AD8: =K8*AC8*$AD$2/1000 -> 0 | AF8: =K8*AE8*$AF$2/1000 -> 0 | AG8: =SUM(AA8+AC8+AE8) -> 0 | AH8: =SUM(AB8,AD8,AF8) -> 0 | AI8: =SUM(Y8+AG8) -> 0 | AJ8: =SUM(Z8,AH8) -> 0 | AL8: =M8*AK8*$AL$2/1000 -> 0 | AN8: =K8*AM8*$AN$2/1000 -> 0 | AP8: =M8*AO8*$AP$2/1000 -> 0 | AQ8: =SUM(AK8+AM8+AO8) -> 0 | AR8: =SUM(AL8,AN8,AP8) -> 0 | AT8: =O8*AS8*$AT$2/1000 -> 0 | AV8: =O8*AU8*$AV$2/1000 -> 0 | AX8: =O8*AW8*$AX$2/1000 -> 0 | AY8: =SUM(AS8+AU8+AW8) -> 0 | AZ8: =SUM(AT8,AV8,AX8) -> 0 | BA8: =SUM(AQ8+AY8) -> 0 | BB8: =SUM(AR8,AZ8) -> 0 | BC8: 구
A9: 3 | E9: L23S0DN_EPN | F9: 746B | G9: 구 | H9: QD | I9: 4.27 | K9: 4.27 | Q9: =SUM(AI9+BA9) -> 0 | R9: =SUM(AJ9+BB9) -> 0 | T9: =I9*S9*$T$2/1000 -> 0 | V9: =I9*U9*$V$2/1000 -> 0 | X9: =I9*W9*$X$2/1000 -> 0 | Y9: =SUM(S9+U9+W9) -> 0 | Z9: =SUM(T9,V9,X9) -> 0 | AB9: =K9*AA9*$AB$2/1000 -> 0 | AD9: =K9*AC9*$AD$2/1000 -> 0 | AF9: =K9*AE9*$AF$2/1000 -> 0 | AG9: =SUM(AA9+AC9+AE9) -> 0 | AH9: =SUM(AB9,AD9,AF9) -> 0 | AI9: =SUM(Y9+AG9) -> 0 | AJ9: =SUM(Z9,AH9) -> 0 | AL9: =M9*AK9*$AL$2/1000 -> 0 | AN9: =K9*AM9*$AN$2/1000 -> 0 | AP9: =M9*AO9*$AP$2/1000 -> 0 | AQ9: =SUM(AK9+AM9+AO9) -> 0 | AR9: =SUM(AL9,AN9,AP9) -> 0 | AT9: =O9*AS9*$AT$2/1000 -> 0 | AV9: =O9*AU9*$AV$2/1000 -> 0 | AX9: =O9*AW9*$AX$2/1000 -> 0 | AY9: =SUM(AS9+AU9+AW9) -> 0 | AZ9: =SUM(AT9,AV9,AX9) -> 0 | BA9: =SUM(AQ9+AY9) -> 0 | BB9: =SUM(AR9,AZ9) -> 0 | BC9: 구
A10: 4 | E10: L23S0DS_EPN | F10: 746C | G10: 구 | H10: QD | I10: 4.27 | K10: 4.27 | Q10: =SUM(AI10+BA10) -> 0 | R10: =SUM(AJ10+BB10) -> 0 | T10: =I10*S10*$T$2/1000 -> 0 | V10: =I10*U10*$V$2/1000 -> 0 | X10: =I10*W10*$X$2/1000 -> 0 | Y10: =SUM(S10+U10+W10) -> 0 | Z10: =SUM(T10,V10,X10) -> 0 | AB10: =K10*AA10*$AB$2/1000 -> 0 | AD10: =K10*AC10*$AD$2/1000 -> 0 | AF10: =K10*AE10*$AF$2/1000 -> 0 | AG10: =SUM(AA10+AC10+AE10) -> 0 | AH10: =SUM(AB10,AD10,AF10) -> 0 | AI10: =SUM(Y10+AG10) -> 0 | AJ10: =SUM(Z10,AH10) -> 0 | AL10: =M10*AK10*$AL$2/1000 -> 0 | AN10: =M10*AM10*$AN$2/1000 -> 0 | AP10: =M10*AO10*AP2/1000 -> 0 | AQ10: =SUM(AK10+AM10+AO10) -> 0 | AR10: =SUM(AL10,AN10,AP10) -> 0 | AT10: =O10*AS10*$AT$2/1000 -> 0 | AV10: =O10*AU10*$AV$2/1000 -> 0 | AX10: =O10*AW10*$AX$2/1000 -> 0 | AY10: =SUM(AS10+AU10+AW10) -> 0 | AZ10: =SUM(AT10,AV10,AX10) -> 0 | BA10: =SUM(AQ10+AY10) -> 0 | BB10: =SUM(AR10,AZ10) -> 0 | BC10: 구
A11: 5 | E11: L23S0DMN_FPN | F11: 746D | G11: 구 | H11: QD | I11: 5.21 | K11: 5.21 | Q11: =SUM(AI11+BA11) -> 0 | R11: =SUM(AJ11+BB11) -> 0 | T11: =I11*S11*$T$2/1000 -> 0 | V11: =I11*U11*$V$2/1000 -> 0 | X11: =I11*W11*$X$2/1000 -> 0 | Y11: =SUM(S11+U11+W11) -> 0 | Z11: =SUM(T11,V11,X11) -> 0 | AB11: =K11*AA11*$AB$2/1000 -> 0 | AD11: =K11*AC11*$AD$2/1000 -> 0 | AF11: =K11*AE11*$AF$2/1000 -> 0 | AG11: =SUM(AA11+AC11+AE11) -> 0 | AH11: =SUM(AB11,AD11,AF11) -> 0 | AI11: =SUM(Y11+AG11) -> 0 | AJ11: =SUM(Z11,AH11) -> 0 | AL11: =M11*AK11*$AL$2/1000 -> 0 | AN11: =M11*AM11*$AN$2/1000 -> 0 | AP11: =M11*AO11*AP2/1000 -> 0 | AQ11: =SUM(AK11+AM11+AO11) -> 0 | AR11: =SUM(AL11,AN11,AP11) -> 0 | AT11: =O11*AS11*$AT$2/1000 -> 0 | AV11: =O11*AU11*$AV$2/1000 -> 0 | AX11: =O11*AW11*$AX$2/1000 -> 0 | AY11: =SUM(AS11+AU11+AW11) -> 0 | AZ11: =SUM(AT11,AV11,AX11) -> 0 | BA11: =SUM(AQ11+AY11) -> 0 | BB11: =SUM(AR11,AZ11) -> 0 | BC11: 구
A12: 6 | E12: L23S0DF_FPN | F12: 746E | G12: 구 | H12: QD | I12: 6.32 | K12: 6.32 | Q12: =SUM(AI12+BA12) -> 0 | R12: =SUM(AJ12+BB12) -> 0 | T12: =I12*S12*$T$2/1000 -> 0 | V12: =I12*U12*$V$2/1000 -> 0 | X12: =I12*W12*$X$2/1000 -> 0 | Y12: =SUM(S12+U12+W12) -> 0 | Z12: =SUM(T12,V12,X12) -> 0 | AB12: =K12*AA12*$AB$2/1000 -> 0 | AD12: =K12*AC12*$AD$2/1000 -> 0 | AF12: =K12*AE12*$AF$2/1000 -> 0 | AG12: =SUM(AA12+AC12+AE12) -> 0 | AH12: =SUM(AB12,AD12,AF12) -> 0 | AI12: =SUM(Y12+AG12) -> 0 | AJ12: =SUM(Z12,AH12) -> 0 | AL12: =M12*AK12*$AL$2/1000 -> 0 | AN12: =M12*AM12*$AN$2/1000 -> 0 | AP12: =M12*AO12*AP2/1000 -> 0 | AQ12: =SUM(AK12+AM12+AO12) -> 0 | AR12: =SUM(AL12,AN12,AP12) -> 0 | AT12: =O12*AS12*$AT$2/1000 -> 0 | AV12: =O12*AU12*$AV$2/1000 -> 0 | AX12: =O12*AW12*$AX$2/1000 -> 0 | AY12: =SUM(AS12+AU12+AW12) -> 0 | AZ12: =SUM(AT12,AV12,AX12) -> 0 | BA12: =SUM(AQ12+AY12) -> 0 | BB12: =SUM(AR12,AZ12) -> 0 | BC12: 구
A13: 7 | E13: L23S0DSR_MPN | F13: 746F | G13: 구 | H13: QD | I13: 4.99 | K13: 4.99 | Q13: =SUM(AI13+BA13) -> 0 | R13: =SUM(AJ13+BB13) -> 0 | T13: =I13*S13*$T$2/1000 -> 0 | V13: =I13*U13*$V$2/1000 -> 0 | X13: =I13*W13*$X$2/1000 -> 0 | Y13: =SUM(S13+U13+W13) -> 0 | Z13: =SUM(T13,V13,X13) -> 0 | AB13: =K13*AA13*$AB$2/1000 -> 0 | AD13: =K13*AC13*$AD$2/1000 -> 0 | AF13: =K13*AE13*$AF$2/1000 -> 0 | AG13: =SUM(AA13+AC13+AE13) -> 0 | AH13: =SUM(AB13,AD13,AF13) -> 0 | AI13: =SUM(Y13+AG13) -> 0 | AJ13: =SUM(Z13,AH13) -> 0 | AL13: =M13*AK13*$AL$2/1000 -> 0 | AN13: =M13*AM13*$AN$2/1000 -> 0 | AP13: =M13*AO13*$AP$2/1000 -> 0 | AQ13: =SUM(AK13+AM13+AO13) -> 0 | AR13: =SUM(AL13,AN13,AP13) -> 0 | AT13: =O13*AS13*$AT$2/1000 -> 0 | AV13: =O13*AU13*$AV$2/1000 -> 0 | AX13: =O13*AW13*$AX$2/1000 -> 0 | AY13: =SUM(AS13+AU13+AW13) -> 0 | AZ13: =SUM(AT13,AV13,AX13) -> 0 | BA13: =SUM(AQ13+AY13) -> 0 | BB13: =SUM(AR13,AZ13) -> 0 | BC13: 구
A14: 8 | E14: L23S0DSR_RPN | F14: 746G | G14: 구 | H14: QD | I14: 5.03 | K14: 5.03 | Q14: =SUM(AI14+BA14) -> 0 | R14: =SUM(AJ14+BB14) -> 0 | T14: =I14*S14*$T$2/1000 -> 0 | V14: =I14*U14*$V$2/1000 -> 0 | X14: =I14*W14*$X$2/1000 -> 0 | Y14: =SUM(S14+U14+W14) -> 0 | Z14: =SUM(T14,V14,X14) -> 0 | AB14: =K14*AA14*$AB$2/1000 -> 0 | AD14: =K14*AC14*$AD$2/1000 -> 0 | AF14: =K14*AE14*$AF$2/1000 -> 0 | AG14: =SUM(AA14+AC14+AE14) -> 0 | AH14: =SUM(AB14,AD14,AF14) -> 0 | AI14: =SUM(Y14+AG14) -> 0 | AJ14: =SUM(Z14,AH14) -> 0 | AL14: =M14*AK14*$AL$2/1000 -> 0 | AN14: =M14*AM14*$AN$2/1000 -> 0 | AP14: =M14*AO14*$AP$2/1000 -> 0 | AQ14: =SUM(AK14+AM14+AO14) -> 0 | AR14: =SUM(AL14,AN14,AP14) -> 0 | AT14: =O14*AS14*$AT$2/1000 -> 0 | AV14: =O14*AU14*$AV$2/1000 -> 0 | AX14: =O14*AW14*$AX$2/1000 -> 0 | AY14: =SUM(AS14+AU14+AW14) -> 0 | AZ14: =SUM(AT14,AV14,AX14) -> 0 | BA14: =SUM(AQ14+AY14) -> 0 | BB14: =SUM(AR14,AZ14) -> 0 | BC14: 구
A15: 9 | E15: L32S0X_EPN | F15: 750A | G15: 구 | H15: QD | I15: 10.06 | K15: 10.06 | Q15: =SUM(AI15+BA15) -> 0 | R15: =SUM(AJ15+BB15) -> 0 | T15: =I15*S15*$T$2/1000 -> 0 | V15: =I15*U15*$V$2/1000 -> 0 | X15: =I15*W15*$X$2/1000 -> 0 | Y15: =SUM(S15+U15+W15) -> 0 | Z15: =SUM(T15,V15,X15) -> 0 | AB15: =K15*AA15*$AB$2/1000 -> 0 | AD15: =K15*AC15*$AD$2/1000 -> 0 | AF15: =K15*AE15*$AF$2/1000 -> 0 | AG15: =SUM(AA15+AC15+AE15) -> 0 | AH15: =SUM(AB15,AD15,AF15) -> 0 | AI15: =SUM(Y15+AG15) -> 0 | AJ15: =SUM(Z15,AH15) -> 0 | AL15: =M15*AK15*$AL$2/1000 -> 0 | AN15: =M15*AM15*$AN$2/1000 -> 0 | AP15: =M15*AO15*$AP$2/1000 -> 0 | AQ15: =SUM(AK15+AM15+AO15) -> 0 | AR15: =SUM(AL15,AN15,AP15) -> 0 | AT15: =O15*AS15*$AT$2/1000 -> 0 | AV15: =O15*AU15*$AV$2/1000 -> 0 | AX15: =O15*AW15*$AX$2/1000 -> 0 | AY15: =SUM(AS15+AU15+AW15) -> 0 | AZ15: =SUM(AT15,AV15,AX15) -> 0 | BA15: =SUM(AQ15+AY15) -> 0 | BB15: =SUM(AR15,AZ15) -> 0 | BC15: 구
A16: 10 | E16: L32S0XN_EPN | F16: 750B | G16: 구 | H16: QD | I16: 12.19 | K16: 12.19 | Q16: =SUM(AI16+BA16) -> 0 | R16: =SUM(AJ16+BB16) -> 0 | T16: =I16*S16*$T$2/1000 -> 0 | V16: =I16*U16*$V$2/1000 -> 0 | X16: =I16*W16*$X$2/1000 -> 0 | Y16: =SUM(S16+U16+W16) -> 0 | Z16: =SUM(T16,V16,X16) -> 0 | AB16: =K16*AA16*$AB$2/1000 -> 0 | AD16: =K16*AC16*$AD$2/1000 -> 0 | AF16: =K16*AE16*$AF$2/1000 -> 0 | AG16: =SUM(AA16+AC16+AE16) -> 0 | AH16: =SUM(AB16,AD16,AF16) -> 0 | AI16: =SUM(Y16+AG16) -> 0 | AJ16: =SUM(Z16,AH16) -> 0 | AL16: =M16*AK16*$AL$2/1000 -> 0 | AN16: =M16*AM16*$AN$2/1000 -> 0 | AP16: =M16*AO16*$AP$2/1000 -> 0 | AQ16: =SUM(AK16+AM16+AO16) -> 0 | AR16: =SUM(AL16,AN16,AP16) -> 0 | AT16: =O16*AS16*$AT$2/1000 -> 0 | AV16: =O16*AU16*$AV$2/1000 -> 0 | AX16: =O16*AW16*$AX$2/1000 -> 0 | AY16: =SUM(AS16+AU16+AW16) -> 0 | AZ16: =SUM(AT16,AV16,AX16) -> 0 | BA16: =SUM(AQ16+AY16) -> 0 | BB16: =SUM(AR16,AZ16) -> 0 | BC16: 구
A17: 11 | E17: F24SFD_APN | F17: 1122A | G17: 신 | H17: SY | I17: 7.24 | K17: 7.19 | Q17: =SUM(AI17+BA17) -> 6.84 | R17: =SUM(AJ17+BB17) -> 72.086117 | S17: 3.87 | T17: =I17*S17*$T$2/1000 -> 40.449341 | U17: 1.44 | V17: =I17*U17*$V$2/1000 -> 14.994723 | W17: 1.53 | X17: =I17*W17*$X$2/1000 -> 16.642053 | Y17: =SUM(S17+U17+W17) -> 6.84 | Z17: =SUM(T17,V17,X17) -> 72.086117 | AB17: =K17*AA17*$AB$2/1000 -> 0 | AD17: =K17*AC17*$AD$2/1000 -> 0 | AF17: =K17*AE17*$AF$2/1000 -> 0 | AG17: =SUM(AA17+AC17+AE17) -> 0 | AH17: =SUM(AB17,AD17,AF17) -> 0 | AI17: =SUM(Y17+AG17) -> 6.84 | AJ17: =SUM(Z17,AH17) -> 72.086117 | AL17: =M17*AK17*$AL$2/1000 -> 0 | AN17: =M17*AM17*$AN$2/1000 -> 0 | AP17: =M17*AO17*$AP$2/1000 -> 0 | AQ17: =SUM(AK17+AM17+AO17) -> 0 | AR17: =SUM(AL17,AN17,AP17) -> 0 | AT17: =O17*AS17*$AT$2/1000 -> 0 | AV17: =O17*AU17*$AV$2/1000 -> 0 | AX17: =O17*AW17*$AX$2/1000 -> 0 | AY17: =SUM(AS17+AU17+AW17) -> 0 | AZ17: =SUM(AT17,AV17,AX17) -> 0 | BA17: =SUM(AQ17+AY17) -> 0 | BB17: =SUM(AR17,AZ17) -> 0 | BC17: 구
A18: 12 | E18: F24SFDN_APN | F18: 1122B | G18: 신 | H18: SY | I18: 7.78 | K18: 7.78 | Q18: =SUM(AI18+BA18) -> 0.998 | R18: =SUM(AJ18+BB18) -> 11.279924 | S18: 0.45 | T18: =I18*S18*$T$2/1000 -> 5.0542187 | U18: 0.36 | V18: =I18*U18*$V$2/1000 -> 4.0282786 | W18: 0.188 | X18: =I18*W18*$X$2/1000 -> 2.1974265 | Y18: =SUM(S18+U18+W18) -> 0.998 | Z18: =SUM(T18,V18,X18) -> 11.279924 | AB18: =K18*AA18*$AB$2/1000 -> 0 | AD18: =K18*AC18*$AD$2/1000 -> 0 | AF18: =K18*AE18*$AF$2/1000 -> 0 | AG18: =SUM(AA18+AC18+AE18) -> 0 | AH18: =SUM(AB18,AD18,AF18) -> 0 | AI18: =SUM(Y18+AG18) -> 0.998 | AJ18: =SUM(Z18,AH18) -> 11.279924 | AL18: =M18*AK18*$AL$2/1000 -> 0 | AN18: =M18*AM18*$AN$2/1000 -> 0 | AP18: =M18*AO18*$AP$2/1000 -> 0 | AQ18: =SUM(AK18+AM18+AO18) -> 0 | AR18: =SUM(AL18,AN18,AP18) -> 0 | AT18: =O18*AS18*$AT$2/1000 -> 0 | AV18: =O18*AU18*$AV$2/1000 -> 0 | AX18: =O18*AW18*$AX$2/1000 -> 0 | AY18: =SUM(AS18+AU18+AW18) -> 0 | AZ18: =SUM(AT18,AV18,AX18) -> 0 | BA18: =SUM(AQ18+AY18) -> 0 | BB18: =SUM(AR18,AZ18) -> 0 | BC18: 구
A19: 13 | E19: L23S0T_EPN | F19: 793A | G19: 구 | H19: QD | I19: 4.19 | Q19: =SUM(AI19+BA19) -> 0 | R19: =SUM(AJ19+BB19) -> 0 | T19: =I19*S19*$T$2/1000 -> 0 | V19: =I19*U19*$V$2/1000 -> 0 | X19: =I19*W19*$X$2/1000 -> 0 | Y19: =SUM(S19+U19+W19) -> 0 | Z19: =SUM(T19,V19,X19) -> 0 | AB19: =K19*AA19*$AB$2/1000 -> 0 | AD19: =K19*AC19*$AD$2/1000 -> 0 | AF19: =K19*AE19*$AF$2/1000 -> 0 | AG19: =SUM(AA19+AC19+AE19) -> 0 | AH19: =SUM(AB19,AD19,AF19) -> 0 | AI19: =SUM(Y19+AG19) -> 0 | AJ19: =SUM(Z19,AH19) -> 0 | AL19: =M19*AK19*$AL$2/1000 -> 0 | AN19: =M19*AM19*$AN$2/1000 -> 0 | AP19: =M19*AO19*$AP$2/1000 -> 0 | AQ19: =SUM(AK19+AM19+AO19) -> 0 | AR19: =SUM(AL19,AN19,AP19) -> 0 | AT19: =O19*AS19*$AT$2/1000 -> 0 | AV19: =O19*AU19*$AV$2/1000 -> 0 | AX19: =O19*AW19*$AX$2/1000 -> 0 | AY19: =SUM(AS19+AU19+AW19) -> 0 | AZ19: =SUM(AT19,AV19,AX19) -> 0 | BA19: =SUM(AQ19+AY19) -> 0 | BB19: =SUM(AR19,AZ19) -> 0 | BC19: 구
A20: 14 | E20: L32E1P_KPN | F20: 869A | G20: 구 | H20: SY | I20: 8.64 | Q20: =SUM(AI20+BA20) -> 0 | R20: =SUM(AJ20+BB20) -> 0 | T20: =I20*S20*$T$2/1000 -> 0 | V20: =I20*U20*$V$2/1000 -> 0 | X20: =I20*W20*$X$2/1000 -> 0 | Y20: =SUM(S20+U20+W20) -> 0 | Z20: =SUM(T20,V20,X20) -> 0 | AB20: =K20*AA20*$AB$2/1000 -> 0 | AD20: =K20*AC20*$AD$2/1000 -> 0 | AF20: =K20*AE20*$AF$2/1000 -> 0 | AG20: =SUM(AA20+AC20+AE20) -> 0 | AH20: =SUM(AB20,AD20,AF20) -> 0 | AI20: =SUM(Y20+AG20) -> 0 | AJ20: =SUM(Z20,AH20) -> 0 | AL20: =M20*AK20*$AL$2/1000 -> 0 | AN20: =M20*AM20*$AN$2/1000 -> 0 | AP20: =M20*AO20*$AP$2/1000 -> 0 | AQ20: =SUM(AK20+AM20+AO20) -> 0 | AR20: =SUM(AL20,AN20,AP20) -> 0 | AT20: =O20*AS20*$AT$2/1000 -> 0 | AV20: =O20*AU20*$AV$2/1000 -> 0 | AX20: =O20*AW20*$AX$2/1000 -> 0 | AY20: =SUM(AS20+AU20+AW20) -> 0 | AZ20: =SUM(AT20,AV20,AX20) -> 0 | BA20: =SUM(AQ20+AY20) -> 0 | BB20: =SUM(AR20,AZ20) -> 0 | BC20: 구
A21: 15 | E21: L32E1P_KPN V | F21: 869B | G21: 구 | H21: SY | I21: 7.7 | Q21: =SUM(AI21+BA21) -> 0 | R21: =SUM(AJ21+BB21) -> 0 | T21: =I21*S21*$T$2/1000 -> 0 | V21: =I21*U21*$V$2/1000 -> 0 | X21: =I21*W21*$X$2/1000 -> 0 | Y21: =SUM(S21+U21+W21) -> 0 | Z21: =SUM(T21,V21,X21) -> 0 | AB21: =K21*AA21*$AB$2/1000 -> 0 | AD21: =K21*AC21*$AD$2/1000 -> 0 | AF21: =K21*AE21*$AF$2/1000 -> 0 | AG21: =SUM(AA21+AC21+AE21) -> 0 | AH21: =SUM(AB21,AD21,AF21) -> 0 | AI21: =SUM(Y21+AG21) -> 0 | AJ21: =SUM(Z21,AH21) -> 0 | AL21: =M21*AK21*$AL$2/1000 -> 0 | AN21: =M21*AM21*$AN$2/1000 -> 0 | AP21: =M21*AO21*$AP$2/1000 -> 0 | AQ21: =SUM(AK21+AM21+AO21) -> 0 | AR21: =SUM(AL21,AN21,AP21) -> 0 | AT21: =O21*AS21*$AT$2/1000 -> 0 | AV21: =O21*AU21*$AV$2/1000 -> 0 | AX21: =O21*AW21*$AX$2/1000 -> 0 | AY21: =SUM(AS21+AU21+AW21) -> 0 | AZ21: =SUM(AT21,AV21,AX21) -> 0 | BA21: =SUM(AQ21+AY21) -> 0 | BB21: =SUM(AR21,AZ21) -> 0 | BC21: 구
A22: 16 | E22: L32E1N_KPN | F22: 870A | G22: 구 | H22: SY | I22: 8.5 | Q22: =SUM(AI22+BA22) -> 0 | R22: =SUM(AJ22+BB22) -> 0 | T22: =I22*S22*$T$2/1000 -> 0 | V22: =I22*U22*$V$2/1000 -> 0 | X22: =I22*W22*$X$2/1000 -> 0 | Y22: =SUM(S22+U22+W22) -> 0 | Z22: =SUM(T22,V22,X22) -> 0 | AB22: =K22*AA22*$AB$2/1000 -> 0 | AD22: =K22*AC22*$AD$2/1000 -> 0 | AF22: =K22*AE22*$AF$2/1000 -> 0 | AG22: =SUM(AA22+AC22+AE22) -> 0 | AH22: =SUM(AB22,AD22,AF22) -> 0 | AI22: =SUM(Y22+AG22) -> 0 | AJ22: =SUM(Z22,AH22) -> 0 | AL22: =M22*AK22*$AL$2/1000 -> 0 | AN22: =M22*AM22*$AN$2/1000 -> 0 | AP22: =M22*AO22*$AP$2/1000 -> 0 | AQ22: =SUM(AK22+AM22+AO22) -> 0 | AR22: =SUM(AL22,AN22,AP22) -> 0 | AT22: =O22*AS22*$AT$2/1000 -> 0 | AV22: =O22*AU22*$AV$2/1000 -> 0 | AX22: =O22*AW22*$AX$2/1000 -> 0 | AY22: =SUM(AS22+AU22+AW22) -> 0 | AZ22: =SUM(AT22,AV22,AX22) -> 0 | BA22: =SUM(AQ22+AY22) -> 0 | BB22: =SUM(AR22,AZ22) -> 0 | BC22: 구
A23: 17 | E23: L32E1NR_KPN | F23: 870B | G23: 구 | H23: SY | I23: 7.79 | Q23: =SUM(AI23+BA23) -> 0 | R23: =SUM(AJ23+BB23) -> 0 | T23: =I23*S23*$T$2/1000 -> 0 | V23: =I23*U23*$V$2/1000 -> 0 | X23: =I23*W23*$X$2/1000 -> 0 | Y23: =SUM(S23+U23+W23) -> 0 | Z23: =SUM(T23,V23,X23) -> 0 | AB23: =K23*AA23*$AB$2/1000 -> 0 | AD23: =K23*AC23*$AD$2/1000 -> 0 | AF23: =K23*AE23*$AF$2/1000 -> 0 | AG23: =SUM(AA23+AC23+AE23) -> 0 | AH23: =SUM(AB23,AD23,AF23) -> 0 | AI23: =SUM(Y23+AG23) -> 0 | AJ23: =SUM(Z23,AH23) -> 0 | AL23: =M23*AK23*$AL$2/1000 -> 0 | AN23: =M23*AM23*$AN$2/1000 -> 0 | AP23: =M23*AO23*$AP$2/1000 -> 0 | AQ23: =SUM(AK23+AM23+AO23) -> 0 | AR23: =SUM(AL23,AN23,AP23) -> 0 | AT23: =O23*AS23*$AT$2/1000 -> 0 | AV23: =O23*AU23*$AV$2/1000 -> 0 | AX23: =O23*AW23*$AX$2/1000 -> 0 | AY23: =SUM(AS23+AU23+AW23) -> 0 | AZ23: =SUM(AT23,AV23,AX23) -> 0 | BA23: =SUM(AQ23+AY23) -> 0 | BB23: =SUM(AR23,AZ23) -> 0 | BC23: 구
A24: 18 | E24: 소 계 | Q24: =SUM(Q7:Q23) -> 7.838 | R24: =SUM(R7:R23) -> 83.366041 | S24: =SUM(S7:S23) -> 4.32 | T24: =SUM(T7:T23) -> 45.503559 | U24: =SUM(U7:U23) -> 1.8 | V24: =SUM(V7:V23) -> 19.023002 | W24: =SUM(W7:W23) -> 1.718 | X24: =SUM(X7:X23) -> 18.839479 | ... BB24: =SUM(BB7:BB23) -> 0 | BC24: X
A25: 19 | D25: LFD | E25: F24AF_FPN | F25: 861A | G25: 구 | H25: QD | I25: 10.2 | Q25: =SUM(AI25+BA25) -> 0 | R25: =SUM(AJ25+BB25) -> 0 | T25: =I25*S25*$T$2/1000 -> 0 | V25: =I25*U25*$V$2/1000 -> 0 | X25: =I25*W25*$X$2/1000 -> 0 | Y25: =SUM(S25+U25+W25) -> 0 | Z25: =SUM(T25+V25+X25) -> 0 | AB25: =K25*AA25*$AB$2/1000 -> 0 | AD25: =K25*AC25*$AD$2/1000 -> 0 | AF25: =K25*AE25*$AF$2/1000 -> 0 | AG25: =SUM(AA25+AC25+AE25) -> 0 | AH25: =SUM(AB25+AD25+AF25) -> 0 | AI25: =SUM(Y25+AG25) -> 0 | AJ25: =SUM(Z25,AH25) -> 0 | AL25: =M25*AK25*$AL$2/1000 -> 0 | AN25: =M25*AM25*$AN$2/1000 -> 0 | AP25: =M25*AO25*$AP$2/1000 -> 0 | AQ25: =SUM(AK25+AM25+AO25) -> 0 | AR25: =SUM(AL25+AN25+AP25) -> 0 | AT25: =O25*AS25*$AT$2/1000 -> 0 | AV25: =O25*AU25*$AV$2/1000 -> 0 | AX25: =O25*AW25*$AX$2/1000 -> 0 | AY25: =SUM(AS25+AU25+AW25) -> 0 | AZ25: =SUM(AT25+AV25+AX25) -> 0 | BA25: =SUM(AQ25+AY25) -> 0 | BB25: =SUM(AR25,AZ25) -> 0 | BC25: 구
A26: 20 | E26: F32E6_CPN | F26: 1256A | G26: 구 | H26: SY | I26: 11.73 | K26: 11.72 | Q26: =SUM(AI26+BA26) -> 36.036 | R26: =SUM(AJ26+BB26) -> 618.64568 | S26: 10.332 | T26: =I26*S26*$T$2/1000 -> 174.96224 | U26: 11.664 | V26: =I26*U26*$V$2/1000 -> 196.78089 | W26: 12.096 | X26: =I26*W26*$X$2/1000 -> 213.16539 | Y26: =SUM(S26+U26+W26) -> 34.092 | Z26: =SUM(T26+V26+X26) -> 584.90852 | AA26: 1.944 | AB26: =K26*AA26*$AB$2/1000 -> 33.737162 | AD26: =K26*AC26*$AD$2/1000 -> 0 | AF26: =K26*AE26*$AF$2/1000 -> 0 | AG26: =SUM(AA26+AC26+AE26) -> 1.944 | AH26: =SUM(AB26+AD26+AF26) -> 33.737162 | AI26: =SUM(Y26+AG26) -> 36.036 | AJ26: =SUM(Z26,AH26) -> 618.64568 | AL26: =M26*AK26*$AL$2/1000 -> 0 | AN26: =M26*AM26*$AN$2/1000 -> 0 | AP26: =M26*AO26*$AP$2/1000 -> 0 | AQ26: =SUM(AK26+AM26+AO26) -> 0 | AR26: =SUM(AL26+AN26+AP26) -> 0 | AT26: =O26*AS26*$AT$2/1000 -> 0 | AV26: =O26*AU26*$AV$2/1000 -> 0 | AX26: =O26*AW26*$AX$2/1000 -> 0 | AY26: =SUM(AS26+AU26+AW26) -> 0 | AZ26: =SUM(AT26+AV26+AX26) -> 0 | BA26: =SUM(AQ26+AY26) -> 0 | BB26: =SUM(AR26,AZ26) -> 0 | BC26: 구
A27: 21 | E27: F32E1P_RPN | F27: 882B | G27: 구 | H27: SY | I27: 9.51 | K27: 9.51 | Q27: =SUM(AI27+BA27) -> 1.358 | R27: =SUM(AJ27+BB27) -> 18.995875 | S27: 0.378 | T27: =I27*S27*$T$2/1000 -> 5.1896041 | U27: 0.109 | V27: =I27*U27*$V$2/1000 -> 1.4908859 | W27: 0.243 | X27: =I27*W27*$X$2/1000 -> 3.4718719 | Y27: =SUM(S27+U27+W27) -> 0.73 | Z27: =SUM(T27+V27+X27) -> 10.152362 | AA27: 0.628 | AB27: =K27*AA27*$AB$2/1000 -> 8.8435133 | AD27: =K27*AC27*$AD$2/1000 -> 0 | AF27: =K27*AE27*$AF$2/1000 -> 0 | AG27: =SUM(AA27+AC27+AE27) -> 0.628 | AH27: =SUM(AB27+AD27+AF27) -> 8.8435133 | AI27: =SUM(Y27+AG27) -> 1.358 | AJ27: =SUM(Z27,AH27) -> 18.995875 | AL27: =M27*AK27*$AL$2/1000 -> 0 | AN27: =M27*AM27*$AN$2/1000 -> 0 | AP27: =M27*AO27*$AP$2/1000 -> 0 | AQ27: =SUM(AK27+AM27+AO27) -> 0 | AR27: =SUM(AL27+AN27+AP27) -> 0 | AT27: =O27*AS27*$AT$2/1000 -> 0 | AV27: =O27*AU27*$AV$2/1000 -> 0 | AX27: =O27*AW27*$AX$2/1000 -> 0 | AY27: =SUM(AS27+AU27+AW27) -> 0 | AZ27: =SUM(AT27+AV27+AX27) -> 0 | BA27: =SUM(AQ27+AY27) -> 0 | BB27: =SUM(AR27,AZ27) -> 0 | BC27: 구
A28: 22 | E28: 소 계 | Q28: =SUM(Q25:Q27) -> 37.394 | R28: =SUM(R25:R27) -> 637.64156 | S28: =SUM(S25:S27) -> 10.71 | T28: =SUM(T25:T27) -> 180.15184 | U28: =SUM(U25:U27) -> 11.773 | V28: =SUM(V25:V27) -> 198.27178 | W28: =SUM(W25:W27) -> 12.339 | X28: =SUM(X25:X27) -> 216.63726 | ... BB28: =SUM(BB25:BB27) -> 0 | BC28: X
A29: 23 | C29: 제품계 | Q29: =+Q24+Q28 -> 45.232 | R29: =+R24+R28 -> 721.0076 | S29: =+S24+S28 -> 15.03 | T29: =+T24+T28 -> 225.6554 | U29: =+U24+U28 -> 13.573 | V29: =+V24+V28 -> 217.29478 | W29: =+W24+W28 -> 14.057 | X29: =+X24+X28 -> 235.47674 | ... BB29: =+BB24+BB28 -> 0 | BC29: X
A30: 24 | C30: SMPS | D30: TV | E30: P32SF_FPN | F30: 844A | G30: 구 | H30: QD | I30: 5.6 | Q30: =SUM(AI30+BA30) -> 0 | R30: =SUM(AJ30+BB30) -> 0 | T30: =I30*S30*$T$2/1000 -> 0 | V30: =I30*U30*$V$2/1000 -> 0 | X30: =I30*W30*$X$2/1000 -> 0 | Y30: =SUM(S30+U30+W30) -> 0 | Z30: =SUM(T30+V30+X30) -> 0 | AB30: =K30*AA30*$AB$2/1000 -> 0 | AD30: =K30*AC30*$AD$2/1000 -> 0 | AF30: =K30*AE30*$AF$2/1000 -> 0 | AG30: =SUM(AA30+AC30+AE30) -> 0 | AH30: =SUM(AB30+AD30+AF30) -> 0 | AI30: =SUM(Y30+AG30) -> 0 | AJ30: =SUM(Z30,AH30) -> 0 | AL30: =M30*AK30*$AL$2/1000 -> 0 | AN30: =M30*AM30*$AN$2/1000 -> 0 | AP30: =M30*AO30*$AP$2/1000 -> 0 | AQ30: =SUM(AK30+AM30+AO30) -> 0 | AR30: =SUM(AL30+AN30+AP30) -> 0 | AT30: =O30*AS30*$AT$2/1000 -> 0 | AV30: =O30*AU30*$AV$2/1000 -> 0 | AX30: =O30*AW30*$AX$2/1000 -> 0 | AY30: =SUM(AS30+AU30+AW30) -> 0 | AZ30: =SUM(AT30+AV30+AX30) -> 0 | BA30: =SUM(AQ30+AY30) -> 0 | BB30: =SUM(AR30,AZ30) -> 0 | BC30: 구
A31: 25 | E31: P32SFN_FPN | F31: 844B | G31: 구 | H31: QD | I31: 7.03 | Q31: =SUM(AI31+BA31) -> 0 | R31: =SUM(AJ31+BB31) -> 0 | T31: =I31*S31*$T$2/1000 -> 0 | V31: =I31*U31*$V$2/1000 -> 0 | X31: =I31*W31*$X$2/1000 -> 0 | Y31: =SUM(S31+U31+W31) -> 0 | Z31: =SUM(T31+V31+X31) -> 0 | AB31: =K31*AA31*$AB$2/1000 -> 0 | AD31: =K31*AC31*$AD$2/1000 -> 0 | AF31: =K31*AE31*$AF$2/1000 -> 0 | AG31: =SUM(AA31+AC31+AE31) -> 0 | AH31: =SUM(AB31+AD31+AF31) -> 0 | AI31: =SUM(Y31+AG31) -> 0 | AJ31: =SUM(Z31,AH31) -> 0 | AL31: =M31*AK31*$AL$2/1000 -> 0 | AN31: =M31*AM31*$AN$2/1000 -> 0 | AP31: =M31*AO31*$AP$2/1000 -> 0 | AQ31: =SUM(AK31+AM31+AO31) -> 0 | AR31: =SUM(AL31+AN31+AP31) -> 0 | AT31: =O31*AS31*$AT$2/1000 -> 0 | AV31: =O31*AU31*$AV$2/1000 -> 0 | AX31: =O31*AW31*$AX$2/1000 -> 0 | AY31: =SUM(AS31+AU31+AW31) -> 0 | AZ31: =SUM(AT31+AV31+AX31) -> 0 | BA31: =SUM(AQ31+AY31) -> 0 | BB31: =SUM(AR31,AZ31) -> 0 | BC31: 구
A32: 26 | E32: P32MF_KPN | F32: 844C | G32: 구 | H32: QD | I32: 6.45 | Q32: =SUM(AI32+BA32) -> 0 | R32: =SUM(AJ32+BB32) -> 0 | T32: =I32*S32*$T$2/1000 -> 0 | V32: =I32*U32*$V$2/1000 -> 0 | X32: =I32*W32*$X$2/1000 -> 0 | Y32: =SUM(S32+U32+W32) -> 0 | Z32: =SUM(T32+V32+X32) -> 0 | AB32: =K32*AA32*$AB$2/1000 -> 0 | AD32: =K32*AC32*$AD$2/1000 -> 0 | AF32: =K32*AE32*$AF$2/1000 -> 0 | AG32: =SUM(AA32+AC32+AE32) -> 0 | AH32: =SUM(AB32+AD32+AF32) -> 0 | AI32: =SUM(Y32+AG32) -> 0 | AJ32: =SUM(Z32,AH32) -> 0 | AL32: =M32*AK32*$AL$2/1000 -> 0 | AN32: =M32*AM32*$AN$2/1000 -> 0 | AP32: =M32*AO32*$AP$2/1000 -> 0 | AQ32: =SUM(AK32+AM32+AO32) -> 0 | AR32: =SUM(AL32+AN32+AP32) -> 0 | AT32: =O32*AS32*$AT$2/1000 -> 0 | AV32: =O32*AU32*$AV$2/1000 -> 0 | AX32: =O32*AW32*$AX$2/1000 -> 0 | AY32: =SUM(AS32+AU32+AW32) -> 0 | AZ32: =SUM(AT32+AV32+AX32) -> 0 | BA32: =SUM(AQ32+AY32) -> 0 | BB32: =SUM(AR32,AZ32) -> 0 | BC32: 구
A33: 27 | E33: P32SF_MPN | F33: 844D | G33: 구 | H33: QD | I33: 5.5 | Q33: =SUM(AI33+BA33) -> 0 | R33: =SUM(AJ33+BB33) -> 0 | T33: =I33*S33*$T$2/1000 -> 0 | V33: =I33*U33*$V$2/1000 -> 0 | X33: =I33*W33*$X$2/1000 -> 0 | Y33: =SUM(S33+U33+W33) -> 0 | Z33: =SUM(T33+V33+X33) -> 0 | AB33: =K33*AA33*$AB$2/1000 -> 0 | AD33: =K33*AC33*$AD$2/1000 -> 0 | AF33: =K33*AE33*$AF$2/1000 -> 0 | AG33: =SUM(AA33+AC33+AE33) -> 0 | AH33: =SUM(AB33+AD33+AF33) -> 0 | AI33: =SUM(Y33+AG33) -> 0 | AJ33: =SUM(Z33,AH33) -> 0 | AL33: =M33*AK33*$AL$2/1000 -> 0 | AN33: =M33*AM33*$AN$2/1000 -> 0 | AP33: =M33*AO33*$AP$2/1000 -> 0 | AQ33: =SUM(AK33+AM33+AO33) -> 0 | AR33: =SUM(AL33+AN33+AP33) -> 0 | AT33: =O33*AS33*$AT$2/1000 -> 0 | AV33: =O33*AU33*$AV$2/1000 -> 0 | AX33: =O33*AW33*$AX$2/1000 -> 0 | AY33: =SUM(AS33+AU33+AW33) -> 0 | AZ33: =SUM(AT33+AV33+AX33) -> 0 | BA33: =SUM(AQ33+AY33) -> 0 | BB33: =SUM(AR33,AZ33) -> 0 | BC33: 구
A34: 28 | E34: P32SFN_MPN | F34: 844E | G34: 구 | H34: QD | I34: 5.95 | Q34: =SUM(AI34+BA34) -> 0 | R34: =SUM(AJ34+BB34) -> 0 | T34: =I34*S34*$T$2/1000 -> 0 | V34: =I34*U34*$V$2/1000 -> 0 | X34: =I34*W34*$X$2/1000 -> 0 | Y34: =SUM(S34+U34+W34) -> 0 | Z34: =SUM(T34+V34+X34) -> 0 | AB34: =K34*AA34*$AB$2/1000 -> 0 | AD34: =K34*AC34*$AD$2/1000 -> 0 | AF34: =K34*AE34*$AF$2/1000 -> 0 | AG34: =SUM(AA34+AC34+AE34) -> 0 | AH34: =SUM(AB34+AD34+AF34) -> 0 | AI34: =SUM(Y34+AG34) -> 0 | AJ34: =SUM(Z34,AH34) -> 0 | AL34: =M34*AK34*$AL$2/1000 -> 0 | AN34: =M34*AM34*$AN$2/1000 -> 0 | AP34: =M34*AO34*$AP$2/1000 -> 0 | AQ34: =SUM(AK34+AM34+AO34) -> 0 | AR34: =SUM(AL34+AN34+AP34) -> 0 | AT34: =O34*AS34*$AT$2/1000 -> 0 | AV34: =O34*AU34*$AV$2/1000 -> 0 | AX34: =O34*AW34*$AX$2/1000 -> 0 | AY34: =SUM(AS34+AU34+AW34) -> 0 | AZ34: =SUM(AT34+AV34+AX34) -> 0 | BA34: =SUM(AQ34+AY34) -> 0 | BB34: =SUM(AR34,AZ34) -> 0 | BC34: 구
A35: 29 | C35: SMPS | D35: TV | E35: P230NQ_NPN | F35: 933A | G35: 구 | H35: SY | I35: 18.7 | K35: 18.7 | Q35: =SUM(AI35+BA35) -> 0 | R35: =SUM(AJ35+BB35) -> 0 | T35: =I35*S35*$T$2/1000 -> 0 | V35: =I35*U35*$V$2/1000 -> 0 | X35: =I35*W35*$X$2/1000 -> 0 | Y35: =SUM(S35+U35+W35) -> 0 | Z35: =SUM(T35,V35,X35) -> 0 | AB35: =K35*AA35*$AB$2/1000 -> 0 | AD35: =K35*AC35*$AD$2/1000 -> 0 | AF35: =K35*AE35*$AF$2/1000 -> 0 | AG35: =SUM(AA35+AC35+AE35) -> 0 | AH35: =SUM(AB35,AD35,AF35) -> 0 | AI35: =SUM(Y35+AG35) -> 0 | AJ35: =SUM(Z35,AH35) -> 0 | AL35: =M35*AK35*$AL$2/1000 -> 0 | AN35: =M35*AM35*$AN$2/1000 -> 0 | AP35: =M35*AO35*$AP$2/1000 -> 0 | AQ35: =SUM(AK35+AM35+AO35) -> 0 | AR35: =SUM(AL35,AN35,AP35) -> 0 | AT35: =O35*AS35*$AT$2/1000 -> 0 | AV35: =O35*AU35*$AV$2/1000 -> 0 | AX35: =O35*AW35*$AX$2/1000 -> 0 | AY35: =SUM(AS35+AU35+AW35) -> 0 | AZ35: =SUM(AT35,AV35,AX35) -> 0 | BA35: =SUM(AQ35+AY35) -> 0 | BB35: =SUM(AR35,AZ35) -> 0 | BC35: 구
A36: 32 | E36: P230NQ_TPN | F36: 1066B | G36: 구 | H36: SY | I36: 19.29 | K36: 19.28 | Q36: =SUM(AI36+BA36) -> 64.092 | R36: =SUM(AJ36+BB36) -> 1780.4099 | S36: 17.064 | T36: =I36*S36*$T$2/1000 -> 475.19842 | U36: 46.608 | V36: =I36*U36*$V$2/1000 -> 1293.094 | W36: 0.294 | X36: =I36*W36*$X$2/1000 -> 8.5203309 | Y36: =SUM(S36+U36+W36) -> 63.966 | Z36: =SUM(T36,V36,X36) -> 1776.8127 | AA36: 0.126 | AB36: =K36*AA36*$AB$2/1000 -> 3.5971807 | AD36: =K36*AC36*$AD$2/1000 -> 0 | AF36: =K36*AE36*$AF$2/1000 -> 0 | AG36: =SUM(AA36+AC36+AE36) -> 0.126 | AH36: =SUM(AB36,AD36,AF36) -> 3.5971807 | AI36: =SUM(Y36+AG36) -> 64.092 | AJ36: =SUM(Z36,AH36) -> 1780.4099 | AL36: =M36*AK36*$AL$2/1000 -> 0 | AN36: =M36*AM36*$AN$2/1000 -> 0 | AP36: =M36*AO36*$AP$2/1000 -> 0 | AQ36: =SUM(AK36+AM36+AO36) -> 0 | AR36: =SUM(AL36,AN36,AP36) -> 0 | AT36: =O36*AS36*$AT$2/1000 -> 0 | AV36: =O36*AU36*$AV$2/1000 -> 0 | AX36: =O36*AW36*$AX$2/1000 -> 0 | AY36: =SUM(AS36+AU36+AW36) -> 0 | AZ36: =SUM(AT36,AV36,AX36) -> 0 | BA36: =SUM(AQ36+AY36) -> 0 | BB36: =SUM(AR36,AZ36) -> 0 | BC36: 구
A37: 32 | E37: P270NQ_NPN | F37: 934A | G37: 구 | H37: SY | I37: 21.1 | K37: 21.1 | Q37: =SUM(AI37+BA37) -> 0 | R37: =SUM(AJ37+BB37) -> 0 | T37: =I37*S37*$T$2/1000 -> 0 | V37: =I37*U37*$V$2/1000 -> 0 | X37: =I37*W37*$X$2/1000 -> 0 | Y37: =SUM(S37+U37+W37) -> 0 | Z37: =SUM(T37,V37,X37) -> 0 | AB37: =K37*AA37*$AB$2/1000 -> 0 | AD37: =K37*AC37*$AD$2/1000 -> 0 | AF37: =K37*AE37*$AF$2/1000 -> 0 | AG37: =SUM(AA37+AC37+AE37) -> 0 | AH37: =SUM(AB37,AD37,AF37) -> 0 | AI37: =SUM(Y37+AG37) -> 0 | AJ37: =SUM(Z37,AH37) -> 0 | AL37: =M37*AK37*$AL$2/1000 -> 0 | AN37: =M37*AM37*$AN$2/1000 -> 0 | AP37: =M37*AO37*$AP$2/1000 -> 0 | AQ37: =SUM(AK37+AM37+AO37) -> 0 | AR37: =SUM(AL37,AN37,AP37) -> 0 | AT37: =O37*AS37*$AT$2/1000 -> 0 | AV37: =O37*AU37*$AV$2/1000 -> 0 | AX37: =O37*AW37*$AX$2/1000 -> 0 | AY37: =SUM(AS37+AU37+AW37) -> 0 | AZ37: =SUM(AT37,AV37,AX37) -> 0 | BA37: =SUM(AQ37+AY37) -> 0 | BB37: =SUM(AR37,AZ37) -> 0 | BC37: 구
A38: 33 | E38: P270NQB_NPN | F38: 934B | G38: 구 | H38: SY | I38: 20.89 | K38: 20.89 | Q38: =SUM(AI38+BA38) -> 0 | R38: =SUM(AJ38+BB38) -> 0 | T38: =I38*S38*$T$2/1000 -> 0 | V38: =I38*U38*$V$2/1000 -> 0 | X38: =I38*W38*$X$2/1000 -> 0 | Y38: =SUM(S38+U38+W38) -> 0 | Z38: =SUM(T38,V38,X38) -> 0 | AB38: =K38*AA38*$AB$2/1000 -> 0 | AD38: =K38*AC38*$AD$2/1000 -> 0 | AF38: =K38*AE38*$AF$2/1000 -> 0 | AG38: =SUM(AA38+AC38+AE38) -> 0 | AH38: =SUM(AB38,AD38,AF38) -> 0 | AI38: =SUM(Y38+AG38) -> 0 | AJ38: =SUM(Z38,AH38) -> 0 | AL38: =M38*AK38*$AL$2/1000 -> 0 | AN38: =M38*AM38*$AN$2/1000 -> 0 | AP38: =M38*AO38*$AP$2/1000 -> 0 | AQ38: =SUM(AK38+AM38+AO38) -> 0 | AR38: =SUM(AL38,AN38,AP38) -> 0 | AT38: =O38*AS38*$AT$2/1000 -> 0 | AV38: =O38*AU38*$AV$2/1000 -> 0 | AX38: =O38*AW38*$AX$2/1000 -> 0 | AY38: =SUM(AS38+AU38+AW38) -> 0 | AZ38: =SUM(AT38,AV38,AX38) -> 0 | BA38: =SUM(AQ38+AY38) -> 0 | BB38: =SUM(AR38,AZ38) -> 0 | BC38: 구
A39: 35 | E39: P270NQ_TPN | F39: 1066A | G39: 구 | H39: SY | I39: 21.67 | K39: 21.66 | Q39: =SUM(AI39+BA39) -> 27.738 | R39: =SUM(AJ39+BB39) -> 865.75284 | S39: 3.606 | T39: =I39*S39*$T$2/1000 -> 112.80973 | U39: 23.286 | V39: =I39*U39*$V$2/1000 -> 725.75696 | W39: 0.108 | X39: =I39*W39*$X$2/1000 -> 3.5160867 | Y39: =SUM(S39+U39+W39) -> 27 | Z39: =SUM(T39,V39,X39) -> 842.08277 | AA39: 0.738 | AB39: =K39*AA39*$AB$2/1000 -> 23.670067 | AD39: =K39*AC39*$AD$2/1000 -> 0 | AF39: =K39*AE39*$AF$2/1000 -> 0 | AG39: =SUM(AA39+AC39+AE39) -> 0.738 | AH39: =SUM(AB39,AD39,AF39) -> 23.670067 | AI39: =SUM(Y39+AG39) -> 27.738 | AJ39: =SUM(Z39,AH39) -> 865.75284 | AL39: =M39*AK39*$AL$2/1000 -> 0 | AN39: =M39*AM39*$AN$2/1000 -> 0 | AP39: =M39*AO39*$AP$2/1000 -> 0 | AQ39: =SUM(AK39+AM39+AO39) -> 0 | AR39: =SUM(AL39,AN39,AP39) -> 0 | AT39: =O39*AS39*$AT$2/1000 -> 0 | AV39: =O39*AU39*$AV$2/1000 -> 0 | AX39: =O39*AW39*$AX$2/1000 -> 0 | AY39: =SUM(AS39+AU39+AW39) -> 0 | AZ39: =SUM(AT39,AV39,AX39) -> 0 | BA39: =SUM(AQ39+AY39) -> 0 | BB39: =SUM(AR39,AZ39) -> 0 | BC39: 구
E40: P230NQ_TPN (CKD) | F40: 1066B | G40: 신 | H40: SY | I40: 18.75 | K40: 18.75 | Q40: =SUM(AI40+BA40) -> 0 | R40: =SUM(AJ40+BB40) -> 0 | T40: =I40*S40*$T$2/1000 -> 0 | V40: =I40*U40*$V$2/1000 -> 0 | X40: =I40*W40*$X$2/1000 -> 0 | Y40: =SUM(S40+U40+W40) -> 0 | Z40: =SUM(T40+V40+X40) -> 0 | AB40: =K40*AA40*$AB$2/1000 -> 0 | AD40: =K40*AC40*$AD$2/1000 -> 0 | AF40: =K40*AE40*$AF$2/1000 -> 0 | AG40: =SUM(AA40+AC40+AE40) -> 0 | AH40: =SUM(AB40+AD40+AF40) -> 0 | AI40: =SUM(Y40+AG40) -> 0 | AJ40: =SUM(Z40,AH40) -> 0 | AL40: =M40*AK40*$AL$2/1000 -> 0 | AN40: =M40*AM40*$AN$2/1000 -> 0 | AP40: =M40*AO40*$AP$2/1000 -> 0 | AQ40: =SUM(AK40+AM40+AO40) -> 0 | AR40: =SUM(AL40+AN40+AP40) -> 0 | AT40: =O40*AS40*$AT$2/1000 -> 0 | AV40: =O40*AU40*$AV$2/1000 -> 0 | AX40: =O40*AW40*$AX$2/1000 -> 0 | AY40: =SUM(AS40+AU40+AW40) -> 0 | AZ40: =SUM(AT40+AV40+AX40) -> 0 | BA40: =SUM(AQ40+AY40) -> 0 | BB40: =SUM(AR40,AZ40) -> 0 | BC40: 구
E41: P270NQ_TPN (CKD) | F41: 1066A | G41: 신 | H41: SY | I41: 20.64 | K41: 20.64 | Q41: =SUM(AI41+BA41) -> 0 | R41: =SUM(AJ41+BB41) -> 0 | T41: =I41*S41*$T$2/1000 -> 0 | V41: =I41*U41*$V$2/1000 -> 0 | X41: =I41*W41*$X$2/1000 -> 0 | Y41: =SUM(S41+U41+W41) -> 0 | Z41: =SUM(T41+V41+X41) -> 0 | AB41: =K41*AA41*$AB$2/1000 -> 0 | AD41: =K41*AC41*$AD$2/1000 -> 0 | AF41: =K41*AE41*$AF$2/1000 -> 0 | AG41: =SUM(AA41+AC41+AE41) -> 0 | AH41: =SUM(AB41+AD41+AF41) -> 0 | AI41: =SUM(Y41+AG41) -> 0 | AJ41: =SUM(Z41,AH41) -> 0 | AL41: =M41*AK41*$AL$2/1000 -> 0 | AN41: =M41*AM41*$AN$2/1000 -> 0 | AP41: =M41*AO41*$AP$2/1000 -> 0 | AQ41: =SUM(AK41+AM41+AO41) -> 0 | AR41: =SUM(AL41+AN41+AP41) -> 0 | AT41: =O41*AS41*$AT$2/1000 -> 0 | AV41: =O41*AU41*$AV$2/1000 -> 0 | AX41: =O41*AW41*$AX$2/1000 -> 0 | AY41: =SUM(AS41+AU41+AW41) -> 0 | AZ41: =SUM(AT41+AV41+AX41) -> 0 | BA41: =SUM(AQ41+AY41) -> 0 | BB41: =SUM(AR41,AZ41) -> 0 | BC41: 구
E42: P270NQ_APN | F42: 1066C | G42: 신 | H42: SY | I42: 14.49 | K42: 14.49 | Q42: =SUM(AI42+BA42) -> 14.614 | R42: =SUM(AJ42+BB42) -> 305.70279 | S42: 14.614 | T42: =I42*S42*$T$2/1000 -> 305.70279 | V42: =I42*U42*$V$2/1000 -> 0 | X42: =I42*W42*$X$2/1000 -> 0 | Y42: =SUM(S42+U42+W42) -> 14.614 | Z42: =SUM(T42+V42+X42) -> 305.70279 | AB42: =K42*AA42*$AB$2/1000 -> 0 | AD42: =K42*AC42*$AD$2/1000 -> 0 | AF42: =K42*AE42*$AF$2/1000 -> 0 | AG42: =SUM(AA42+AC42+AE42) -> 0 | AH42: =SUM(AB42+AD42+AF42) -> 0 | AI42: =SUM(Y42+AG42) -> 14.614 | AJ42: =SUM(Z42,AH42) -> 305.70279 | AL42: =M42*AK42*$AL$2/1000 -> 0 | AN42: =M42*AM42*$AN$2/1000 -> 0 | AP42: =M42*AO42*$AP$2/1000 -> 0 | AQ42: =SUM(AK42+AM42+AO42) -> 0 | AR42: =SUM(AL42+AN42+AP42) -> 0 | AT42: =O42*AS42*$AT$2/1000 -> 0 | AV42: =O42*AU42*$AV$2/1000 -> 0 | AX42: =O42*AW42*$AX$2/1000 -> 0 | AY42: =SUM(AS42+AU42+AW42) -> 0 | AZ42: =SUM(AT42+AV42+AX42) -> 0 | BA42: =SUM(AQ42+AY42) -> 0 | BB42: =SUM(AR42,AZ42) -> 0 | BC42: 구
E43: P270NQ_APND | F43: 1066D | G43: 신 | H43: SY | I43: 22.77 | K43: 22.77 | Q43: =SUM(AI43+BA43) -> 0 | R43: =SUM(AJ43+BB43) -> 0 | T43: =I43*S43*$T$2/1000 -> 0 | V43: =I43*U43*$V$2/1000 -> 0 | X43: =I43*W43*$X$2/1000 -> 0 | Y43: =SUM(S43+U43+W43) -> 0 | Z43: =SUM(T43+V43+X43) -> 0 | AB43: =K43*AA43*$AB$2/1000 -> 0 | AD43: =K43*AC43*$AD$2/1000 -> 0 | AF43: =K43*AE43*$AF$2/1000 -> 0 | AG43: =SUM(AA43+AC43+AE43) -> 0 | AH43: =SUM(AB43+AD43+AF43) -> 0 | AI43: =SUM(Y43+AG43) -> 0 | AJ43: =SUM(Z43,AH43) -> 0 | AL43: =M43*AK43*$AL$2/1000 -> 0 | AN43: =M43*AM43*$AN$2/1000 -> 0 | AP43: =M43*AO43*$AP$2/1000 -> 0 | AQ43: =SUM(AK43+AM43+AO43) -> 0 | AR43: =SUM(AL43+AN43+AP43) -> 0 | AT43: =O43*AS43*$AT$2/1000 -> 0 | AV43: =O43*AU43*$AV$2/1000 -> 0 | AX43: =O43*AW43*$AX$2/1000 -> 0 | AY43: =SUM(AS43+AU43+AW43) -> 0 | AZ43: =SUM(AT43+AV43+AX43) -> 0 | BA43: =SUM(AQ43+AY43) -> 0 | BB43: =SUM(AR43,AZ43) -> 0 | BC43: 구
A44: 36 | E44: L55SA8NA_APN | F44: 1114A | G44: 신 | H44: SY | I44: 29.23 | K44: 29.23 | Q44: =SUM(AI44+BA44) -> 0 | R44: =SUM(AJ44+BB44) -> 0 | T44: =I44*S44*$T$2/1000 -> 0 | V44: =I44*U44*$V$2/1000 -> 0 | X44: =I44*W44*$X$2/1000 -> 0 | Y44: =SUM(S44+U44+W44) -> 0 | Z44: =SUM(T44,V44,X44) -> 0 | AB44: =K44*AA44*$AB$2/1000 -> 0 | AD44: =K44*AC44*$AD$2/1000 -> 0 | AF44: =K44*AE44*$AF$2/1000 -> 0 | AG44: =SUM(AA44+AC44+AE44) -> 0 | AH44: =SUM(AB44,AD44,AF44) -> 0 | AI44: =SUM(Y44+AG44) -> 0 | AJ44: =SUM(Z44,AH44) -> 0 | AL44: =M44*AK44*$AL$2/1000 -> 0 | AN44: =M44*AM44*$AN$2/1000 -> 0 | AP44: =M44*AO44*$AP$2/1000 -> 0 | AQ44: =SUM(AK44+AM44+AO44) -> 0 | AR44: =SUM(AL44,AN44,AP44) -> 0 | AT44: =O44*AS44*$AT$2/1000 -> 0 | AV44: =O44*AU44*$AV$2/1000 -> 0 | AX44: =O44*AW44*$AX$2/1000 -> 0 | AY44: =SUM(AS44+AU44+AW44) -> 0 | AZ44: =SUM(AT44,AV44,AX44) -> 0 | BA44: =SUM(AQ44+AY44) -> 0 | BB44: =SUM(AR44,AZ44) -> 0 | BC44: 구
A45: 37 | E45: L55SA9NA_APN | F45: 1114B | G45: 신 | H45: SY | I45: 31.67 | K45: 31.67 | Q45: =SUM(AI45+BA45) -> 0 | R45: =SUM(AJ45+BB45) -> 0 | T45: =I45*S45*$T$2/1000 -> 0 | V45: =I45*U45*$V$2/1000 -> 0 | X45: =I45*W45*$X$2/1000 -> 0 | Y45: =SUM(S45+U45+W45) -> 0 | Z45: =SUM(T45,V45,X45) -> 0 | AB45: =K45*AA45*$AB$2/1000 -> 0 | AD45: =K45*AC45*$AD$2/1000 -> 0 | AF45: =K45*AE45*$AF$2/1000 -> 0 | AG45: =SUM(AA45+AC45+AE45) -> 0 | AH45: =SUM(AB45,AD45,AF45) -> 0 | AI45: =SUM(Y45+AG45) -> 0 | AJ45: =SUM(Z45,AH45) -> 0 | AL45: =M45*AK45*$AL$2/1000 -> 0 | AN45: =M45*AM45*$AN$2/1000 -> 0 | AP45: =M45*AO45*$AP$2/1000 -> 0 | AQ45: =SUM(AK45+AM45+AO45) -> 0 | AR45: =SUM(AL45,AN45,AP45) -> 0 | AT45: =O45*AS45*$AT$2/1000 -> 0 | AV45: =O45*AU45*$AV$2/1000 -> 0 | AX45: =O45*AW45*$AX$2/1000 -> 0 | AY45: =SUM(AS45+AU45+AW45) -> 0 | AZ45: =SUM(AT45,AV45,AX45) -> 0 | BA45: =SUM(AQ45+AY45) -> 0 | BB45: =SUM(AR45,AZ45) -> 0 | BC45: 구
A46: 38 | E46: P55SA9N_APN | F46: 1123A | G46: 신 | H46: SY | I46: 30.33 | K46: 30.33 | Q46: =SUM(AI46+BA46) -> 0 | R46: =SUM(AJ46+BB46) -> 0 | T46: =I46*S46*$T$2/1000 -> 0 | V46: =I46*U46*$V$2/1000 -> 0 | X46: =I46*W46*$X$2/1000 -> 0 | Y46: =SUM(S46+U46+W46) -> 0 | Z46: =SUM(T46,V46,X46) -> 0 | AB46: =K46*AA46*$AB$2/1000 -> 0 | AD46: =K46*AC46*$AD$2/1000 -> 0 | AF46: =K46*AE46*$AF$2/1000 -> 0 | AG46: =SUM(AA46+AC46+AE46) -> 0 | AH46: =SUM(AB46,AD46,AF46) -> 0 | AI46: =SUM(Y46+AG46) -> 0 | AJ46: =SUM(Z46,AH46) -> 0 | AL46: =M46*AK46*$AL$2/1000 -> 0 | AN46: =M46*AM46*$AN$2/1000 -> 0 | AP46: =M46*AO46*$AP$2/1000 -> 0 | AQ46: =SUM(AK46+AM46+AO46) -> 0 | AR46: =SUM(AL46,AN46,AP46) -> 0 | AT46: =O46*AS46*$AT$2/1000 -> 0 | AV46: =O46*AU46*$AV$2/1000 -> 0 | AX46: =O46*AW46*$AX$2/1000 -> 0 | AY46: =SUM(AS46+AU46+AW46) -> 0 | AZ46: =SUM(AT46,AV46,AX46) -> 0 | BA46: =SUM(AQ46+AY46) -> 0 | BB46: =SUM(AR46,AZ46) -> 0 | BC46: 구
A47: 38 | E47: L43F7_DPN | F47: 1117C | G47: 신 | H47: SY | I47: 9.36 | K47: 9.22 | Q47: =SUM(AI47+BA47) -> 19.909 | R47: =SUM(AJ47+BB47) -> 268.34854 | S47: 4.47 | T47: =I47*S47*$T$2/1000 -> 60.401161 | U47: 15.262 | V47: =I47*U47*$V$2/1000 -> 205.45878 | W47: 0.176 | X47: =I47*W47*$X$2/1000 -> 2.4749442 | Y47: =SUM(S47+U47+W47) -> 19.908 | Z47: =SUM(T47,V47,X47) -> 268.33488 | AA47: 0.001 | AB47: =K47*AA47*$AB$2/1000 -> 0.013652607 | AD47: =K47*AC47*$AD$2/1000 -> 0 | AF47: =K47*AE47*$AF$2/1000 -> 0 | AG47: =SUM(AA47+AC47+AE47) -> 0.001 | AH47: =SUM(AB47,AD47,AF47) -> 0.013652607 | AI47: =SUM(Y47+AG47) -> 19.909 | AJ47: =SUM(Z47,AH47) -> 268.34854 | AL47: =M47*AK47*$AL$2/1000 -> 0 | AN47: =M47*AM47*$AN$2/1000 -> 0 | AP47: =M47*AO47*$AP$2/1000 -> 0 | AQ47: =SUM(AK47+AM47+AO47) -> 0 | AR47: =SUM(AL47,AN47,AP47) -> 0 | AT47: =O47*AS47*$AT$2/1000 -> 0 | AV47: =O47*AU47*$AV$2/1000 -> 0 | AX47: =O47*AW47*$AX$2/1000 -> 0 | AY47: =SUM(AS47+AU47+AW47) -> 0 | AZ47: =SUM(AT47,AV47,AX47) -> 0 | BA47: =SUM(AQ47+AY47) -> 0 | BB47: =SUM(AR47,AZ47) -> 0 | BC47: 구
A48: 38 | E48: L50F7_DPN | F48: 1118C | G48: 신 | H48: SY | I48: 9.77 | K48: 9.76 | Q48: =SUM(AI48+BA48) -> 14.467 | R48: =SUM(AJ48+BB48) -> 203.76657 | S48: 5.543 | T48: =I48*S48*$T$2/1000 -> 78.181025 | U48: 8.625 | V48: =I48*U48*$V$2/1000 -> 121.19678 | W48: 0.299 | X48: =I48*W48*$X$2/1000 -> 4.3887683 | Y48: =SUM(S48+U48+W48) -> 14.467 | Z48: =SUM(T48,V48,X48) -> 203.76657 | AB48: =K48*AA48*$AB$2/1000 -> 0 | AD48: =K48*AC48*$AD$2/1000 -> 0 | AF48: =K48*AE48*$AF$2/1000 -> 0 | AG48: =SUM(AA48+AC48+AE48) -> 0 | AH48: =SUM(AB48,AD48,AF48) -> 0 | AI48: =SUM(Y48+AG48) -> 14.467 | AJ48: =SUM(Z48,AH48) -> 203.76657 | AL48: =M48*AK48*$AL$2/1000 -> 0 | AN48: =M48*AM48*$AN$2/1000 -> 0 | AP48: =M48*AO48*$AP$2/1000 -> 0 | AQ48: =SUM(AK48+AM48+AO48) -> 0 | AR48: =SUM(AL48,AN48,AP48) -> 0 | AT48: =O48*AS48*$AT$2/1000 -> 0 | AV48: =O48*AU48*$AV$2/1000 -> 0 | AX48: =O48*AW48*$AX$2/1000 -> 0 | AY48: =SUM(AS48+AU48+AW48) -> 0 | AZ48: =SUM(AT48,AV48,AX48) -> 0 | BA48: =SUM(AQ48+AY48) -> 0 | BB48: =SUM(AR48,AZ48) -> 0 | BC48: 구
A49: 38 | E49: L55F8_DPN | F49: 1119C | G49: 신 | H49: SY | I49: 10.39 | K49: 10.38 | Q49: =SUM(AI49+BA49) -> 38.505 | R49: =SUM(AJ49+BB49) -> 581.08381 | S49: 12.167 | T49: =I49*S49*$T$2/1000 -> 182.4992 | U49: 18.435 | V49: =I49*U49*$V$2/1000 -> 275.48382 | W49: 6.808 | X49: =I49*W49*$X$2/1000 -> 106.27032 | Y49: =SUM(S49+U49+W49) -> 37.41 | Z49: =SUM(T49,V49,X49) -> 564.25334 | AA49: 1.095 | AB49: =K49*AA49*$AB$2/1000 -> 16.830466 | AD49: =K49*AC49*$AD$2/1000 -> 0 | AF49: =K49*AE49*$AF$2/1000 -> 0 | AG49: =SUM(AA49+AC49+AE49) -> 1.095 | AH49: =SUM(AB49,AD49,AF49) -> 16.830466 | AI49: =SUM(Y49+AG49) -> 38.505 | AJ49: =SUM(Z49,AH49) -> 581.08381 | AL49: =M49*AK49*$AL$2/1000 -> 0 | AN49: =M49*AM49*$AN$2/1000 -> 0 | AP49: =M49*AO49*$AP$2/1000 -> 0 | AQ49: =SUM(AK49+AM49+AO49) -> 0 | AR49: =SUM(AL49,AN49,AP49) -> 0 | AT49: =O49*AS49*$AT$2/1000 -> 0 | AV49: =O49*AU49*$AV$2/1000 -> 0 | AX49: =O49*AW49*$AX$2/1000 -> 0 | AY49: =SUM(AS49+AU49+AW49) -> 0 | AZ49: =SUM(AT49,AV49,AX49) -> 0 | BA49: =SUM(AQ49+AY49) -> 0 | BB49: =SUM(AR49,AZ49) -> 0 | BC49: 구
A50: 37 | E50: L55S8_HVD | F50: 1432A | G50: 신 | H50: SY | I50: 8.9 | K50: 8.9 | Q50: =SUM(AI50+BA50) -> 215.078 | R50: =SUM(AJ50+BB50) -> 2784.5526 | S50: 96.252 | T50: =I50*S50*$T$2/1000 -> 1236.6924 | U50: 71.336 | V50: =I50*U50*$V$2/1000 -> 913.13747 | W50: 46.084 | X50: =I50*W50*$X$2/1000 -> 616.19345 | Y50: =SUM(S50+U50+W50) -> 213.672 | Z50: =SUM(T50,V50,X50) -> 2766.0233 | AA50: 1.406 | AB50: =K50*AA50*$AB$2/1000 -> 18.529342 | AD50: =K50*AC50*$AD$2/1000 -> 0 | AF50: =K50*AE50*$AF$2/1000 -> 0 | AG50: =SUM(AA50+AC50+AE50) -> 1.406 | AH50: =SUM(AB50,AD50,AF50) -> 18.529342 | AI50: =SUM(Y50+AG50) -> 215.078 | AJ50: =SUM(Z50,AH50) -> 2784.5526 | AL50: =M50*AK50*$AL$2/1000 -> 0 | AN50: =M50*AM50*$AN$2/1000 -> 0 | AP50: =M50*AO50*$AP$2/1000 -> 0 | AQ50: =SUM(AK50+AM50+AO50) -> 0 | AR50: =SUM(AL50,AN50,AP50) -> 0 | AT50: =O50*AS50*$AT$2/1000 -> 0 | AV50: =O50*AU50*$AV$2/1000 -> 0 | AX50: =O50*AW50*$AX$2/1000 -> 0 | AY50: =SUM(AS50+AU50+AW50) -> 0 | AZ50: =SUM(AT50,AV50,AX50) -> 0 | BA50: =SUM(AQ50+AY50) -> 0 | BB50: =SUM(AR50,AZ50) -> 0 | BC50: 신
A51: 37 | E51: L55S8N_HVD | F51: 1432B | G51: 신 | H51: SY | I51: 9.2 | K51: 9.2 | Q51: =SUM(AI51+BA51) -> 25.292 | R51: =SUM(AJ51+BB51) -> 344.94071 | S51: 1.258 | T51: =I51*S51*$T$2/1000 -> 16.708228 | U51: 4.438 | V51: =I51*U51*$V$2/1000 -> 58.72358 | W51: 12.84 | X51: =I51*W51*$X$2/1000 -> 177.47196 | Y51: =SUM(S51+U51+W51) -> 18.536 | Z51: =SUM(T51,V51,X51) -> 252.90377 | AA51: 6.756 | AB51: =K51*AA51*$AB$2/1000 -> 92.036934 | AD51: =K51*AC51*$AD$2/1000 -> 0 | AF51: =K51*AE51*$AF$2/1000 -> 0 | AG51: =SUM(AA51+AC51+AE51) -> 6.756 | AH51: =SUM(AB51,AD51,AF51) -> 92.036934 | AI51: =SUM(Y51+AG51) -> 25.292 | AJ51: =SUM(Z51,AH51) -> 344.94071 | AL51: =M51*AK51*$AL$2/1000 -> 0 | AN51: =M51*AM51*$AN$2/1000 -> 0 | AP51: =M51*AO51*$AP$2/1000 -> 0 | AQ51: =SUM(AK51+AM51+AO51) -> 0 | AR51: =SUM(AL51,AN51,AP51) -> 0 | AT51: =O51*AS51*$AT$2/1000 -> 0 | AV51: =O51*AU51*$AV$2/1000 -> 0 | AX51: =O51*AW51*$AX$2/1000 -> 0 | AY51: =SUM(AS51+AU51+AW51) -> 0 | AZ51: =SUM(AT51,AV51,AX51) -> 0 | BA51: =SUM(AQ51+AY51) -> 0 | BB51: =SUM(AR51,AZ51) -> 0 | BC51: 신
A52: 37 | E52: L55S8W_HVD | F52: 1432C | G52: 신 | H52: SY | I52: 9.2 | K52: 9.2 | Q52: =SUM(AI52+BA52) -> 7.762 | R52: =SUM(AJ52+BB52) -> 104.96123 | S52: 0.005 | T52: =I52*S52*$T$2/1000 -> 0.0664079 | U52: 3.935 | V52: =I52*U52*$V$2/1000 -> 52.067889 | W52: 3.822 | X52: =I52*W52*$X$2/1000 -> 52.826935 | Y52: =SUM(S52+U52+W52) -> 7.762 | Z52: =SUM(T52,V52,X52) -> 104.96123 | AB52: =K52*AA52*$AB$2/1000 -> 0 | AD52: =K52*AC52*$AD$2/1000 -> 0 | AF52: =K52*AE52*$AF$2/1000 -> 0 | AG52: =SUM(AA52+AC52+AE52) -> 0 | AH52: =SUM(AB52,AD52,AF52) -> 0 | AI52: =SUM(Y52+AG52) -> 7.762 | AJ52: =SUM(Z52,AH52) -> 104.96123 | AL52: =M52*AK52*$AL$2/1000 -> 0 | AN52: =M52*AM52*$AN$2/1000 -> 0 | AP52: =M52*AO52*$AP$2/1000 -> 0 | AQ52: =SUM(AK52+AM52+AO52) -> 0 | AR52: =SUM(AL52,AN52,AP52) -> 0 | AT52: =O52*AS52*$AT$2/1000 -> 0 | AV52: =O52*AU52*$AV$2/1000 -> 0 | AX52: =O52*AW52*$AX$2/1000 -> 0 | AY52: =SUM(AS52+AU52+AW52) -> 0 | AZ52: =SUM(AT52,AV52,AX52) -> 0 | BA52: =SUM(AQ52+AY52) -> 0 | BB52: =SUM(AR52,AZ52) -> 0 | BC52: 신
A53: 37 | E53: L55FE8N_HPN | F53: 1440A | G53: 신 | H53: SY | I53: 15.35 | K53: 15.35 | Q53: =SUM(AI53+BA53) -> 62.972 | R53: =SUM(AJ53+BB53) -> 1416.4614 | S53: 9.999 | T53: =I53*S53*$T$2/1000 -> 221.57811 | U53: 27.123 | V53: =I53*U53*$V$2/1000 -> 598.80236 | W53: 25.682 | X53: =I53*W53*$X$2/1000 -> 592.26235 | Y53: =SUM(S53+U53+W53) -> 62.804 | Z53: =SUM(T53,V53,X53) -> 1412.6428 | AA53: 0.168 | AB53: =K53*AA53*$AB$2/1000 -> 3.8185839 | AD53: =K53*AC53*$AD$2/1000 -> 0 | AF53: =K53*AE53*$AF$2/1000 -> 0 | AG53: =SUM(AA53+AC53+AE53) -> 0.168 | AH53: =SUM(AB53,AD53,AF53) -> 3.8185839 | AI53: =SUM(Y53+AG53) -> 62.972 | AJ53: =SUM(Z53,AH53) -> 1416.4614 | AL53: =M53*AK53*$AL$2/1000 -> 0 | AN53: =M53*AM53*$AN$2/1000 -> 0 | AP53: =M53*AO53*$AP$2/1000 -> 0 | AQ53: =SUM(AK53+AM53+AO53) -> 0 | AR53: =SUM(AL53,AN53,AP53) -> 0 | AT53: =O53*AS53*$AT$2/1000 -> 0 | AV53: =O53*AU53*$AV$2/1000 -> 0 | AX53: =O53*AW53*$AX$2/1000 -> 0 | AY53: =SUM(AS53+AU53+AW53) -> 0 | AZ53: =SUM(AT53,AV53,AX53) -> 0 | BA53: =SUM(AQ53+AY53) -> 0 | BB53: =SUM(AR53,AZ53) -> 0 | BC53: 신
A54: 36 | E54: L43S6N_HVD | F54: 1451A | G54: 신 | H54: SY | K54: 7.1 | Q54: =SUM(AI54+BA54) -> 0 | R54: =SUM(AJ54+BB54) -> 0 | T54: =I54*S54*$T$2/1000 -> 0 | V54: =I54*U54*$V$2/1000 -> 0 | X54: =I54*W54*$X$2/1000 -> 0 | Y54: =SUM(S54+U54+W54) -> 0 | Z54: =SUM(T54,V54,X54) -> 0 | AB54: =K54*AA54*$AB$2/1000 -> 0 | AD54: =K54*AC54*$AD$2/1000 -> 0 | AF54: =K54*AE54*$AF$2/1000 -> 0 | AG54: =SUM(AA54+AC54+AE54) -> 0 | AH54: =SUM(AB54,AD54,AF54) -> 0 | AI54: =SUM(Y54+AG54) -> 0 | AJ54: =SUM(Z54,AH54) -> 0 | AL54: =M54*AK54*$AL$2/1000 -> 0 | AN54: =M54*AM54*$AN$2/1000 -> 0 | AP54: =M54*AO54*$AP$2/1000 -> 0 | AQ54: =SUM(AK54+AM54+AO54) -> 0 | AR54: =SUM(AL54,AN54,AP54) -> 0 | AT54: =O54*AS54*$AT$2/1000 -> 0 | AV54: =O54*AU54*$AV$2/1000 -> 0 | AX54: =O54*AW54*$AX$2/1000 -> 0 | AY54: =SUM(AS54+AU54+AW54) -> 0 | AZ54: =SUM(AT54,AV54,AX54) -> 0 | BA54: =SUM(AQ54+AY54) -> 0 | BB54: =SUM(AR54,AZ54) -> 0 | BC54: 신
A55: 36 | E55: L43S6N_DVD_CKD | F55: 1266B | G55: 신 | H55: SY | I55: 7.885 | K55: 7.885 | Q55: =SUM(AI55+BA55) -> 0 | R55: =SUM(AJ55+BB55) -> 0 | T55: =I55*S55*$T$2/1000 -> 0 | V55: =I55*U55*$V$2/1000 -> 0 | X55: =I55*W55*$X$2/1000 -> 0 | Y55: =SUM(S55+U55+W55) -> 0 | Z55: =SUM(T55,V55,X55) -> 0 | AB55: =K55*AA55*$AB$2/1000 -> 0 | AD55: =K55*AC55*$AD$2/1000 -> 0 | AF55: =K55*AE55*$AF$2/1000 -> 0 | AG55: =SUM(AA55+AC55+AE55) -> 0 | AH55: =SUM(AB55,AD55,AF55) -> 0 | AI55: =SUM(Y55+AG55) -> 0 | AJ55: =SUM(Z55,AH55) -> 0 | AL55: =M55*AK55*$AL$2/1000 -> 0 | AN55: =M55*AM55*$AN$2/1000 -> 0 | AP55: =M55*AO55*$AP$2/1000 -> 0 | AQ55: =SUM(AK55+AM55+AO55) -> 0 | AR55: =SUM(AL55,AN55,AP55) -> 0 | AT55: =O55*AS55*$AT$2/1000 -> 0 | AV55: =O55*AU55*$AV$2/1000 -> 0 | AX55: =O55*AW55*$AX$2/1000 -> 0 | AY55: =SUM(AS55+AU55+AW55) -> 0 | AZ55: =SUM(AT55,AV55,AX55) -> 0 | BA55: =SUM(AQ55+AY55) -> 0 | BB55: =SUM(AR55,AZ55) -> 0 | BC55: 신
A56: 37 | E56: L55S6N_DVD_CKD | F56: 1267B | G56: 신 | H56: SY | I56: 8.9395 | K56: 8.9395 | Q56: =SUM(AI56+BA56) -> 0 | R56: =SUM(AJ56+BB56) -> 0 | T56: =I56*S56*$T$2/1000 -> 0 | V56: =I56*U56*$V$2/1000 -> 0 | X56: =I56*W56*$X$2/1000 -> 0 | Y56: =SUM(S56+U56+W56) -> 0 | Z56: =SUM(T56,V56,X56) -> 0 | AB56: =K56*AA56*$AB$2/1000 -> 0 | AD56: =K56*AC56*$AD$2/1000 -> 0 | AF56: =K56*AE56*$AF$2/1000 -> 0 | AG56: =SUM(AA56+AC56+AE56) -> 0 | AH56: =SUM(AB56,AD56,AF56) -> 0 | AI56: =SUM(Y56+AG56) -> 0 | AJ56: =SUM(Z56,AH56) -> 0 | AL56: =M56*AK56*$AL$2/1000 -> 0 | AN56: =M56*AM56*$AN$2/1000 -> 0 | AP56: =M56*AO56*$AP$2/1000 -> 0 | AQ56: =SUM(AK56+AM56+AO56) -> 0 | AR56: =SUM(AL56,AN56,AP56) -> 0 | AT56: =O56*AS56*$AT$2/1000 -> 0 | AV56: =O56*AU56*$AV$2/1000 -> 0 | AX56: =O56*AW56*$AX$2/1000 -> 0 | AY56: =SUM(AS56+AU56+AW56) -> 0 | AZ56: =SUM(AT56,AV56,AX56) -> 0 | BA56: =SUM(AQ56+AY56) -> 0 | BB56: =SUM(AR56,AZ56) -> 0 | BC56: 신
A57: 38 | E57: L65S6N_DVD_CKD | F57: 1268B | G57: 신 | H57: SY | I57: 9.9655 | K57: 9.9655 | Q57: =SUM(AI57+BA57) -> 0 | R57: =SUM(AJ57+BB57) -> 0 | T57: =I57*S57*$T$2/1000 -> 0 | V57: =I57*U57*$V$2/1000 -> 0 | X57: =I57*W57*$X$2/1000 -> 0 | Y57: =SUM(S57+U57+W57) -> 0 | Z57: =SUM(T57,V57,X57) -> 0 | AB57: =K57*AA57*$AB$2/1000 -> 0 | AD57: =K57*AC57*$AD$2/1000 -> 0 | AF57: =K57*AE57*$AF$2/1000 -> 0 | AG57: =SUM(AA57+AC57+AE57) -> 0 | AH57: =SUM(AB57,AD57,AF57) -> 0 | AI57: =SUM(Y57+AG57) -> 0 | AJ57: =SUM(Z57,AH57) -> 0 | AL57: =M57*AK57*$AL$2/1000 -> 0 | AN57: =M57*AM57*$AN$2/1000 -> 0 | AP57: =M57*AO57*$AP$2/1000 -> 0 | AQ57: =SUM(AK57+AM57+AO57) -> 0 | AR57: =SUM(AL57,AN57,AP57) -> 0 | AT57: =O57*AS57*$AT$2/1000 -> 0 | AV57: =O57*AU57*$AV$2/1000 -> 0 | AX57: =O57*AW57*$AX$2/1000 -> 0 | AY57: =SUM(AS57+AU57+AW57) -> 0 | AZ57: =SUM(AT57,AV57,AX57) -> 0 | BA57: =SUM(AQ57+AY57) -> 0 | BB57: =SUM(AR57,AZ57) -> 0 | BC57: 신
A58: 36 | E58: L43S6_DVD_CKD_SEASA | F58: 1266A | G58: 신 | H58: SY | I58: 7.99 | K58: 7.99 | Q58: =SUM(AI58+BA58) -> 0 | R58: =SUM(AJ58+BB58) -> 0 | T58: =I58*S58*$T$2/1000 -> 0 | V58: =I58*U58*$V$2/1000 -> 0 | X58: =I58*W58*$X$2/1000 -> 0 | Y58: =SUM(S58+U58+W58) -> 0 | Z58: =SUM(T58,V58,X58) -> 0 | AB58: =K58*AA58*$AB$2/1000 -> 0 | AD58: =K58*AC58*$AD$2/1000 -> 0 | AF58: =K58*AE58*$AF$2/1000 -> 0 | AG58: =SUM(AA58+AC58+AE58) -> 0 | AH58: =SUM(AB58,AD58,AF58) -> 0 | AI58: =SUM(Y58+AG58) -> 0 | AJ58: =SUM(Z58,AH58) -> 0 | AL58: =M58*AK58*$AL$2/1000 -> 0 | AN58: =M58*AM58*$AN$2/1000 -> 0 | AP58: =M58*AO58*$AP$2/1000 -> 0 | AQ58: =SUM(AK58+AM58+AO58) -> 0 | AR58: =SUM(AL58,AN58,AP58) -> 0 | AT58: =O58*AS58*$AT$2/1000 -> 0 | AV58: =O58*AU58*$AV$2/1000 -> 0 | AX58: =O58*AW58*$AX$2/1000 -> 0 | AY58: =SUM(AS58+AU58+AW58) -> 0 | AZ58: =SUM(AT58,AV58,AX58) -> 0 | BA58: =SUM(AQ58+AY58) -> 0 | BB58: =SUM(AR58,AZ58) -> 0 | BC58: 구
A59: 37 | E59: L55S6_DVD_CKD_SEASA | F59: 1267A | G59: 신 | H59: SY | I59: 8.94 | K59: 8.94 | Q59: =SUM(AI59+BA59) -> 0 | R59: =SUM(AJ59+BB59) -> 0 | T59: =I59*S59*$T$2/1000 -> 0 | V59: =I59*U59*$V$2/1000 -> 0 | X59: =I59*W59*$X$2/1000 -> 0 | Y59: =SUM(S59+U59+W59) -> 0 | Z59: =SUM(T59,V59,X59) -> 0 | AB59: =K59*AA59*$AB$2/1000 -> 0 | AD59: =K59*AC59*$AD$2/1000 -> 0 | AF59: =K59*AE59*$AF$2/1000 -> 0 | AG59: =SUM(AA59+AC59+AE59) -> 0 | AH59: =SUM(AB59,AD59,AF59) -> 0 | AI59: =SUM(Y59+AG59) -> 0 | AJ59: =SUM(Z59,AH59) -> 0 | AL59: =M59*AK59*$AL$2/1000 -> 0 | AN59: =M59*AM59*$AN$2/1000 -> 0 | AP59: =M59*AO59*$AP$2/1000 -> 0 | AQ59: =SUM(AK59+AM59+AO59) -> 0 | AR59: =SUM(AL59,AN59,AP59) -> 0 | AT59: =O59*AS59*$AT$2/1000 -> 0 | AV59: =O59*AU59*$AV$2/1000 -> 0 | AX59: =O59*AW59*$AX$2/1000 -> 0 | AY59: =SUM(AS59+AU59+AW59) -> 0 | AZ59: =SUM(AT59,AV59,AX59) -> 0 | BA59: =SUM(AQ59+AY59) -> 0 | BB59: =SUM(AR59,AZ59) -> 0 | BC59: 구
A60: 37 | E60: L65S6_DVD_CKD_SEASA | F60: 1268A | G60: 신 | H60: SY | I60: 9.86 | K60: 9.86 | Q60: =SUM(AI60+BA60) -> 0 | R60: =SUM(AJ60+BB60) -> 0 | T60: =I60*S60*$T$2/1000 -> 0 | V60: =I60*U60*$V$2/1000 -> 0 | X60: =I60*W60*$X$2/1000 -> 0 | Y60: =SUM(S60+U60+W60) -> 0 | Z60: =SUM(T60,V60,X60) -> 0 | AB60: =K60*AA60*$AB$2/1000 -> 0 | AD60: =K60*AC60*$AD$2/1000 -> 0 | AF60: =K60*AE60*$AF$2/1000 -> 0 | AG60: =SUM(AA60+AC60+AE60) -> 0 | AH60: =SUM(AB60,AD60,AF60) -> 0 | AI60: =SUM(Y60+AG60) -> 0 | AJ60: =SUM(Z60,AH60) -> 0 | AL60: =M60*AK60*$AL$2/1000 -> 0 | AN60: =M60*AM60*$AN$2/1000 -> 0 | AP60: =M60*AO60*$AP$2/1000 -> 0 | AQ60: =SUM(AK60+AM60+AO60) -> 0 | AR60: =SUM(AL60,AN60,AP60) -> 0 | AT60: =O60*AS60*$AT$2/1000 -> 0 | AV60: =O60*AU60*$AV$2/1000 -> 0 | AX60: =O60*AW60*$AX$2/1000 -> 0 | AY60: =SUM(AS60+AU60+AW60) -> 0 | AZ60: =SUM(AT60,AV60,AX60) -> 0 | BA60: =SUM(AQ60+AY60) -> 0 | BB60: =SUM(AR60,AZ60) -> 0 | BC60: 구
A61: 38 | E61: L75S6N_DVD_CKD_SEASA | F61: 1269A | G61: 신 | H61: SY | I61: 12.94 | K61: 12.94 | Q61: =SUM(AI61+BA61) -> 0 | R61: =SUM(AJ61+BB61) -> 0 | T61: =I61*S61*$T$2/1000 -> 0 | V61: =I61*U61*$V$2/1000 -> 0 | X61: =I61*W61*$X$2/1000 -> 0 | Y61: =SUM(S61+U61+W61) -> 0 | Z61: =SUM(T61,V61,X61) -> 0 | AB61: =K61*AA61*$AB$2/1000 -> 0 | AD61: =K61*AC61*$AD$2/1000 -> 0 | AF61: =K61*AE61*$AF$2/1000 -> 0 | AG61: =SUM(AA61+AC61+AE61) -> 0 | AH61: =SUM(AB61,AD61,AF61) -> 0 | AI61: =SUM(Y61+AG61) -> 0 | AJ61: =SUM(Z61,AH61) -> 0 | AL61: =M61*AK61*$AL$2/1000 -> 0 | AN61: =M61*AM61*$AN$2/1000 -> 0 | AP61: =M61*AO61*$AP$2/1000 -> 0 | AQ61: =SUM(AK61+AM61+AO61) -> 0 | AR61: =SUM(AL61,AN61,AP61) -> 0 | AT61: =O61*AS61*$AT$2/1000 -> 0 | AV61: =O61*AU61*$AV$2/1000 -> 0 | AX61: =O61*AW61*$AX$2/1000 -> 0 | AY61: =SUM(AS61+AU61+AW61) -> 0 | AZ61: =SUM(AT61,AV61,AX61) -> 0 | BA61: =SUM(AQ61+AY61) -> 0 | BB61: =SUM(AR61,AZ61) -> 0 | BC61: 구
E62: L43S6_DVD | F62: 1266A | G62: 신 | H62: SY | I62: 7.81 | K62: 7.81 | Q62: =SUM(AI62+BA62) -> 0.96 | R62: =SUM(AJ62+BB62) -> 11.264169 | T62: =I62*S62*$T$2/1000 -> 0 | V62: =I62*U62*$V$2/1000 -> 0 | W62: 0.96 | X62: =I62*W62*$X$2/1000 -> 11.264169 | Y62: =SUM(S62+U62+W62) -> 0.96 | Z62: =SUM(T62+V62+X62) -> 11.264169 | AB62: =K62*AA62*$AB$2/1000 -> 0 | AD62: =K62*AC62*$AD$2/1000 -> 0 | AF62: =K62*AE62*$AF$2/1000 -> 0 | AG62: =SUM(AA62+AC62+AE62) -> 0 | AH62: =SUM(AB62+AD62+AF62) -> 0 | AI62: =SUM(Y62+AG62) -> 0.96 | AJ62: =SUM(Z62,AH62) -> 11.264169 | AL62: =M62*AK62*$AL$2/1000 -> 0 | AN62: =M62*AM62*$AN$2/1000 -> 0 | AP62: =M62*AO62*$AP$2/1000 -> 0 | AQ62: =SUM(AK62+AM62+AO62) -> 0 | AR62: =SUM(AL62+AN62+AP62) -> 0 | AT62: =O62*AS62*$AT$2/1000 -> 0 | AV62: =O62*AU62*$AV$2/1000 -> 0 | AX62: =O62*AW62*$AX$2/1000 -> 0 | AY62: =SUM(AS62+AU62+AW62) -> 0 | AZ62: =SUM(AT62+AV62+AX62) -> 0 | BA62: =SUM(AQ62+AY62) -> 0 | BB62: =SUM(AR62,AZ62) -> 0 | BC62: 신
E63: L43S6N_DVD | F63: 1266B | G63: 신 | H63: SY | I63: 8.19 | K63: 8.18 | Q63: =SUM(AI63+BA63) -> 104.6 | R63: =SUM(AJ63+BB63) -> 1277.656 | S63: 0.68 | T63: =I63*S63*$T$2/1000 -> 8.0399756 | U63: 2.48 | V63: =I63*U63*$V$2/1000 -> 29.212787 | W63: 61 | X63: =I63*W63*$X$2/1000 -> 750.56903 | Y63: =SUM(S63+U63+W63) -> 64.16 | Z63: =SUM(T63+V63+X63) -> 787.82179 | AA63: 40.44 | AB63: =K63*AA63*$AB$2/1000 -> 489.83422 | AD63: =K63*AC63*$AD$2/1000 -> 0 | AF63: =K63*AE63*$AF$2/1000 -> 0 | AG63: =SUM(AA63+AC63+AE63) -> 40.44 | AH63: =SUM(AB63+AD63+AF63) -> 489.83422 | AI63: =SUM(Y63+AG63) -> 104.6 | AJ63: =SUM(Z63,AH63) -> 1277.656 | AL63: =M63*AK63*$AL$2/1000 -> 0 | AN63: =M63*AM63*$AN$2/1000 -> 0 | AP63: =M63*AO63*$AP$2/1000 -> 0 | AQ63: =SUM(AK63+AM63+AO63) -> 0 | AR63: =SUM(AL63+AN63+AP63) -> 0 | AT63: =O63*AS63*$AT$2/1000 -> 0 | AV63: =O63*AU63*$AV$2/1000 -> 0 | AX63: =O63*AW63*$AX$2/1000 -> 0 | AY63: =SUM(AS63+AU63+AW63) -> 0 | AZ63: =SUM(AT63+AV63+AX63) -> 0 | BA63: =SUM(AQ63+AY63) -> 0 | BB63: =SUM(AR63,AZ63) -> 0 | BC63: 신
E64: L55S6_DVD | F64: 1267A | G64: 신 | H64: SY | I64: 8.39 | K64: 8.39 | Q64: =SUM(AI64+BA64) -> 151.12 | R64: =SUM(AJ64+BB64) -> 1835.6515 | S64: 103.6 | T64: =I64*S64*$T$2/1000 -> 1254.8264 | U64: 33.76 | V64: =I64*U64*$V$2/1000 -> 407.38197 | W64: 13.76 | X64: =I64*W64*$X$2/1000 -> 173.44321 | Y64: =SUM(S64+U64+W64) -> 151.12 | Z64: =SUM(T64+V64+X64) -> 1835.6515 | AB64: =K64*AA64*$AB$2/1000 -> 0 | AD64: =K64*AC64*$AD$2/1000 -> 0 | AF64: =K64*AE64*$AF$2/1000 -> 0 | AG64: =SUM(AA64+AC64+AE64) -> 0 | AH64: =SUM(AB64+AD64+AF64) -> 0 | AI64: =SUM(Y64+AG64) -> 151.12 | AJ64: =SUM(Z64,AH64) -> 1835.6515 | AL64: =M64*AK64*$AL$2/1000 -> 0 | AN64: =M64*AM64*$AN$2/1000 -> 0 | AP64: =M64*AO64*$AP$2/1000 -> 0 | AQ64: =SUM(AK64+AM64+AO64) -> 0 | AR64: =SUM(AL64+AN64+AP64) -> 0 | AT64: =O64*AS64*$AT$2/1000 -> 0 | AV64: =O64*AU64*$AV$2/1000 -> 0 | AX64: =O64*AW64*$AX$2/1000 -> 0 | AY64: =SUM(AS64+AU64+AW64) -> 0 | AZ64: =SUM(AT64+AV64+AX64) -> 0 | BA64: =SUM(AQ64+AY64) -> 0 | BB64: =SUM(AR64,AZ64) -> 0 | BC64: 신
E65: L55S6N_DVD | F65: 1267B | I65: 9.29 | K65: 9.28 | Q65: =SUM(AI65+BA65) -> 5.8 | R65: =SUM(AJ65+BB65) -> 79.218245 | S65: 1.56 | T65: =I65*S65*$T$2/1000 -> 20.921953 | U65: 1.48 | V65: =I65*U65*$V$2/1000 -> 19.774924 | W65: 2.76 | X65: =I65*W65*$X$2/1000 -> 38.521368 | Y65: =SUM(S65+U65+W65) -> 5.8 | Z65: =SUM(T65+V65+X65) -> 79.218245 | AB65: =K65*AA65*$AB$2/1000 -> 0 | AD65: =K65*AC65*$AD$2/1000 -> 0 | AF65: =K65*AE65*$AF$2/1000 -> 0 | AG65: =SUM(AA65+AC65+AE65) -> 0 | AH65: =SUM(AB65+AD65+AF65) -> 0 | AI65: =SUM(Y65+AG65) -> 5.8 | AJ65: =SUM(Z65,AH65) -> 79.218245 | AL65: =M65*AK65*$AL$2/1000 -> 0 | AN65: =M65*AM65*$AN$2/1000 -> 0 | AP65: =M65*AO65*$AP$2/1000 -> 0 | AQ65: =SUM(AK65+AM65+AO65) -> 0 | AR65: =SUM(AL65+AN65+AP65) -> 0 | AT65: =O65*AS65*$AT$2/1000 -> 0 | AV65: =O65*AU65*$AV$2/1000 -> 0 | AX65: =O65*AW65*$AX$2/1000 -> 0 | AY65: =SUM(AS65+AU65+AW65) -> 0 | AZ65: =SUM(AT65+AV65+AX65) -> 0 | BA65: =SUM(AQ65+AY65) -> 0 | BB65: =SUM(AR65,AZ65) -> 0 | BC65: 신
E66: L65S6_DVD | F66: 1268A | G66: 신 | H66: SY | I66: 9.28 | K66: 9.27 | Q66: =SUM(AI66+BA66) -> 14.436 | R66: =SUM(AJ66+BB66) -> 193.51083 | S66: 13.644 | T66: =I66*S66*$T$2/1000 -> 182.78965 | U66: 0.396 | V66: =I66*U66*$V$2/1000 -> 5.2854329 | X66: =I66*W66*$X$2/1000 -> 0 | Y66: =SUM(S66+U66+W66) -> 14.04 | Z66: =SUM(T66+V66+X66) -> 188.07508 | AA66: 0.396 | AB66: =K66*AA66*$AB$2/1000 -> 5.4357515 | AD66: =K66*AC66*$AD$2/1000 -> 0 | AF66: =K66*AE66*$AF$2/1000 -> 0 | AG66: =SUM(AA66+AC66+AE66) -> 0.396 | AH66: =SUM(AB66+AD66+AF66) -> 5.4357515 | AI66: =SUM(Y66+AG66) -> 14.436 | AJ66: =SUM(Z66,AH66) -> 193.51083 | AL66: =M66*AK66*$AL$2/1000 -> 0 | AN66: =M66*AM66*$AN$2/1000 -> 0 | AP66: =M66*AO66*$AP$2/1000 -> 0 | AQ66: =SUM(AK66+AM66+AO66) -> 0 | AR66: =SUM(AL66+AN66+AP66) -> 0 | AT66: =O66*AS66*$AT$2/1000 -> 0 | AV66: =O66*AU66*$AV$2/1000 -> 0 | AX66: =O66*AW66*$AX$2/1000 -> 0 | AY66: =SUM(AS66+AU66+AW66) -> 0 | AZ66: =SUM(AT66+AV66+AX66) -> 0 | BA66: =SUM(AQ66+AY66) -> 0 | BB66: =SUM(AR66,AZ66) -> 0 | BC66: 신
E67: L65S6N_DVD | F67: 1268B | G67: 신 | H67: SY | I67: 10.25 | K67: 10.25 | Q67: =SUM(AI67+BA67) -> 1.296 | R67: =SUM(AJ67+BB67) -> 19.486303 | S67: 0.324 | T67: =I67*S67*$T$2/1000 -> 4.7943617 | U67: 0.396 | V67: =I67*U67*$V$2/1000 -> 5.8378973 | W67: 0.504 | X67: =I67*W67*$X$2/1000 -> 7.7612434 | Y67: =SUM(S67+U67+W67) -> 1.224 | Z67: =SUM(T67+V67+X67) -> 18.393502 | AA67: 0.072 | AB67: =K67*AA67*$AB$2/1000 -> 1.0928009 | AD67: =K67*AC67*$AD$2/1000 -> 0 | AF67: =K67*AE67*$AF$2/1000 -> 0 | AG67: =SUM(AA67+AC67+AE67) -> 0.072 | AH67: =SUM(AB67+AD67+AF67) -> 1.0928009 | AI67: =SUM(Y67+AG67) -> 1.296 | AJ67: =SUM(Z67,AH67) -> 19.486303 | AL67: =M67*AK67*$AL$2/1000 -> 0 | AN67: =M67*AM67*$AN$2/1000 -> 0 | AP67: =M67*AO67*$AP$2/1000 -> 0 | AQ67: =SUM(AK67+AM67+AO67) -> 0 | AR67: =SUM(AL67+AN67+AP67) -> 0 | AT67: =O67*AS67*$AT$2/1000 -> 0 | AV67: =O67*AU67*$AV$2/1000 -> 0 | AX67: =O67*AW67*$AX$2/1000 -> 0 | AY67: =SUM(AS67+AU67+AW67) -> 0 | AZ67: =SUM(AT67+AV67+AX67) -> 0 | BA67: =SUM(AQ67+AY67) -> 0 | BB67: =SUM(AR67,AZ67) -> 0 | BC67: 신
A68: 38 | E68: L75S6N_DVD | F68: 1269A | G68: 신 | H68: SY | I68: 12.19 | K68: 12.18 | Q68: =SUM(AI68+BA68) -> 6.59 | R68: =SUM(AJ68+BB68) -> 116.03791 | S68: 6.36 | T68: =I68*S68*$T$2/1000 -> 111.92387 | U68: 0.09 | V68: =I68*U68*$V$2/1000 -> 1.577915 | W68: 0.04 | X68: =I68*W68*$X$2/1000 -> 0.73255561 | Y68: =SUM(S68+U68+W68) -> 6.49 | Z68: =SUM(T68+V68+X68) -> 114.23435 | AA68: 0.1 | AB68: =K68*AA68*$AB$2/1000 -> 1.8035657 | AD68: =K68*AC68*$AD$2/1000 -> 0 | AF68: =K68*AE68*$AF$2/1000 -> 0 | AG68: =SUM(AA68+AC68+AE68) -> 0.1 | AH68: =SUM(AB68+AD68+AF68) -> 1.8035657 | AI68: =SUM(Y68+AG68) -> 6.59 | AJ68: =SUM(Z68,AH68) -> 116.03791 | AL68: =M68*AK68*$AL$2/1000 -> 0 | AN68: =M68*AM68*$AN$2/1000 -> 0 | AP68: =M68*AO68*$AP$2/1000 -> 0 | AQ68: =SUM(AK68+AM68+AO68) -> 0 | AR68: =SUM(AL68+AN68+AP68) -> 0 | AT68: =O68*AS68*$AT$2/1000 -> 0 | AV68: =O68*AU68*$AV$2/1000 -> 0 | AX68: =O68*AW68*$AX$2/1000 -> 0 | AY68: =SUM(AS68+AU68+AW68) -> 0 | AZ68: =SUM(AT68+AV68+AX68) -> 0 | BA68: =SUM(AQ68+AY68) -> 0 | BB68: =SUM(AR68,AZ68) -> 0 | BC68: 구
E69: L85S6N_DVD | F69: 1270A | G69: 신 | H69: SY | I69: 16.23 | K69: 16.22 | Q69: =SUM(AI69+BA69) -> 5.36 | R69: =SUM(AJ69+BB69) -> 125.58716 | S69: 5.36 | T69: =I69*S69*$T$2/1000 -> 125.58716 | V69: =I69*U69*$V$2/1000 -> 0 | X69: =I69*W69*$X$2/1000 -> 0 | Y69: =SUM(S69+U69+W69) -> 5.36 | Z69: =SUM(T69+V69+X69) -> 125.58716 | AB69: =K69*AA69*$AB$2/1000 -> 0 | AD69: =K69*AC69*$AD$2/1000 -> 0 | AF69: =K69*AE69*$AF$2/1000 -> 0 | AG69: =SUM(AA69+AC69+AE69) -> 0 | AH69: =SUM(AB69+AD69+AF69) -> 0 | AI69: =SUM(Y69+AG69) -> 5.36 | AJ69: =SUM(Z69,AH69) -> 125.58716 | AL69: =M69*AK69*$AL$2/1000 -> 0 | AN69: =M69*AM69*$AN$2/1000 -> 0 | AP69: =M69*AO69*$AP$2/1000 -> 0 | AQ69: =SUM(AK69+AM69+AO69) -> 0 | AR69: =SUM(AL69+AN69+AP69) -> 0 | AT69: =O69*AS69*$AT$2/1000 -> 0 | AV69: =O69*AU69*$AV$2/1000 -> 0 | AX69: =O69*AW69*$AX$2/1000 -> 0 | AY69: =SUM(AS69+AU69+AW69) -> 0 | AZ69: =SUM(AT69+AV69+AX69) -> 0 | BA69: =SUM(AQ69+AY69) -> 0 | BB69: =SUM(AR69,AZ69) -> 0 | BC69: 신
A70: 39 | E70: 소 계 | Q70: =SUM(Q30:Q69) -> 780.591 | R70: =SUM(R30:R69) -> 12314.393 | S70: =SUM(S30:S69) -> 296.506 | T70: =SUM(T30:T69) -> 4398.7208 | U70: =SUM(U30:U69) -> 257.65 | V70: =SUM(V30:V69) -> 4712.7926 | W70: =SUM(W30:W69) -> 175.137 | X70: =SUM(X30:X69) -> 2546.2167 | ... BB70: =SUM(BB30:BB69) -> 0 | BC70: X
A71: 40 | D71: MNT | E71: SD25 | F71: 749A | G71: 구 | H71: SY | I71: 2.61 | Q71: =SUM(AI71+BA71) -> 0 | R71: =SUM(AJ71+BB71) -> 0 | T71: =I71*S71*$T$2/1000 -> 0 | V71: =I71*U71*$V$2/1000 -> 0 | X71: =I71*W71*$X$2/1000 -> 0 | Y71: =SUM(S71+U71+W71) -> 0 | Z71: =SUM(T71+V71+X71) -> 0 | AB71: =K71*AA71*$AB$2/1000 -> 0 | AD71: =K71*AC71*$AD$2/1000 -> 0 | AF71: =K71*AE71*$AF$2/1000 -> 0 | AG71: =SUM(AA71+AC71+AE71) -> 0 | AH71: =SUM(AB71+AD71+AF71) -> 0 | AI71: =SUM(Y71+AG71) -> 0 | AJ71: =SUM(Z71,AH71) -> 0 | AL71: =M71*AK71*$AL$2/1000 -> 0 | AN71: =M71*AM71*$AN$2/1000 -> 0 | AP71: =M71*AO71*$AP$2/1000 -> 0 | AQ71: =SUM(AK71+AM71+AO71) -> 0 | AR71: =SUM(AL71+AN71+AP71) -> 0 | AT71: =O71*AS71*$AT$2/1000 -> 0 | AV71: =O71*AU71*$AV$2/1000 -> 0 | AX71: =O71*AW71*$AX$2/1000 -> 0 | AY71: =SUM(AS71+AU71+AW71) -> 0 | AZ71: =SUM(AT71+AV71+AX71) -> 0 | BA71: =SUM(AQ71+AY71) -> 0 | BB71: =SUM(AR71,AZ71) -> 0 | BC71: 구
A72: 41 | E72: SD25 C | F72: 749C | G72: 구 | H72: SY | I72: 2.76 | Q72: =SUM(AI72+BA72) -> 0 | R72: =SUM(AJ72+BB72) -> 0 | T72: =I72*S72*$T$2/1000 -> 0 | V72: =I72*U72*$V$2/1000 -> 0 | X72: =I72*W72*$X$2/1000 -> 0 | Y72: =SUM(S72+U72+W72) -> 0 | Z72: =SUM(T72+V72+X72) -> 0 | AB72: =K72*AA72*$AB$2/1000 -> 0 | AD72: =K72*AC72*$AD$2/1000 -> 0 | AF72: =K72*AE72*$AF$2/1000 -> 0 | AG72: =SUM(AA72+AC72+AE72) -> 0 | AH72: =SUM(AB72+AD72+AF72) -> 0 | AI72: =SUM(Y72+AG72) -> 0 | AJ72: =SUM(Z72,AH72) -> 0 | AL72: =M72*AK72*$AL$2/1000 -> 0 | AN72: =M72*AM72*$AN$2/1000 -> 0 | AP72: =M72*AO72*$AP$2/1000 -> 0 | AQ72: =SUM(AK72+AM72+AO72) -> 0 | AR72: =SUM(AL72+AN72+AP72) -> 0 | AT72: =O72*AS72*$AT$2/1000 -> 0 | AV72: =O72*AU72*$AV$2/1000 -> 0 | AX72: =O72*AW72*$AX$2/1000 -> 0 | AY72: =SUM(AS72+AU72+AW72) -> 0 | AZ72: =SUM(AT72+AV72+AX72) -> 0 | BA72: =SUM(AQ72+AY72) -> 0 | BB72: =SUM(AR72,AZ72) -> 0 | BC72: 구
A73: 42 | E73: P2514_TPN | F73: 749D | G73: 구 | H73: SY | I73: 3.11 | Q73: =SUM(AI73+BA73) -> 0 | R73: =SUM(AJ73+BB73) -> 0 | T73: =I73*S73*$T$2/1000 -> 0 | V73: =I73*U73*$V$2/1000 -> 0 | X73: =I73*W73*$X$2/1000 -> 0 | Y73: =SUM(S73+U73+W73) -> 0 | Z73: =SUM(T73+V73+X73) -> 0 | AB73: =K73*AA73*$AB$2/1000 -> 0 | AD73: =K73*AC73*$AD$2/1000 -> 0 | AF73: =K73*AE73*$AF$2/1000 -> 0 | AG73: =SUM(AA73+AC73+AE73) -> 0 | AH73: =SUM(AB73+AD73+AF73) -> 0 | AI73: =SUM(Y73+AG73) -> 0 | AJ73: =SUM(Z73,AH73) -> 0 | AL73: =M73*AK73*$AL$2/1000 -> 0 | AN73: =M73*AM73*$AN$2/1000 -> 0 | AP73: =M73*AO73*$AP$2/1000 -> 0 | AQ73: =SUM(AK73+AM73+AO73) -> 0 | AR73: =SUM(AL73+AN73+AP73) -> 0 | AT73: =O73*AS73*$AT$2/1000 -> 0 | AV73: =O73*AU73*$AV$2/1000 -> 0 | AX73: =O73*AW73*$AX$2/1000 -> 0 | AY73: =SUM(AS73+AU73+AW73) -> 0 | AZ73: =SUM(AT73+AV73+AX73) -> 0 | BA73: =SUM(AQ73+AY73) -> 0 | BB73: =SUM(AR73,AZ73) -> 0 | BC73: 구
A74: 43 | E74: P2514_TPNC | F74: 749F | G74: 구 | H74: SY | I74: 3.36 | Q74: =SUM(AI74+BA74) -> 0 | R74: =SUM(AJ74+BB74) -> 0 | T74: =I74*S74*$T$2/1000 -> 0 | V74: =I74*U74*$V$2/1000 -> 0 | X74: =I74*W74*$X$2/1000 -> 0 | Y74: =SUM(S74+U74+W74) -> 0 | Z74: =SUM(T74+V74+X74) -> 0 | AB74: =K74*AA74*$AB$2/1000 -> 0 | AD74: =K74*AC74*$AD$2/1000 -> 0 | AF74: =K74*AE74*$AF$2/1000 -> 0 | AG74: =SUM(AA74+AC74+AE74) -> 0 | AH74: =SUM(AB74+AD74+AF74) -> 0 | AI74: =SUM(Y74+AG74) -> 0 | AJ74: =SUM(Z74,AH74) -> 0 | AL74: =M74*AK74*$AL$2/1000 -> 0 | AN74: =M74*AM74*$AN$2/1000 -> 0 | AP74: =M74*AO74*$AP$2/1000 -> 0 | AQ74: =SUM(AK74+AM74+AO74) -> 0 | AR74: =SUM(AL74+AN74+AP74) -> 0 | AT74: =O74*AS74*$AT$2/1000 -> 0 | AV74: =O74*AU74*$AV$2/1000 -> 0 | AX74: =O74*AW74*$AX$2/1000 -> 0 | AY74: =SUM(AS74+AU74+AW74) -> 0 | AZ74: =SUM(AT74+AV74+AX74) -> 0 | BA74: =SUM(AQ74+AY74) -> 0 | BB74: =SUM(AR74,AZ74) -> 0 | BC74: 구
A75: 46 | E75: P2514_BPN | F75: 749G | G75: 신 | H75: SY | I75: 3.47 | Q75: =SUM(AI75+BA75) -> 0 | R75: =SUM(AJ75+BB75) -> 0 | T75: =I75*S75*$T$2/1000 -> 0 | V75: =I75*U75*$V$2/1000 -> 0 | X75: =I75*W75*$X$2/1000 -> 0 | Y75: =SUM(S75+U75+W75) -> 0 | Z75: =SUM(T75+V75+X75) -> 0 | AB75: =K75*AA75*$AB$2/1000 -> 0 | AD75: =K75*AC75*$AD$2/1000 -> 0 | AF75: =K75*AE75*$AF$2/1000 -> 0 | AG75: =SUM(AA75+AC75+AE75) -> 0 | AH75: =SUM(AB75+AD75+AF75) -> 0 | AI75: =SUM(Y75+AG75) -> 0 | AJ75: =SUM(Z75,AH75) -> 0 | AL75: =M75*AK75*$AL$2/1000 -> 0 | AN75: =M75*AM75*$AN$2/1000 -> 0 | AP75: =M75*AO75*$AP$2/1000 -> 0 | AQ75: =SUM(AK75+AM75+AO75) -> 0 | AR75: =SUM(AL75+AN75+AP75) -> 0 | AT75: =O75*AS75*$AT$2/1000 -> 0 | AV75: =O75*AU75*$AV$2/1000 -> 0 | AX75: =O75*AW75*$AX$2/1000 -> 0 | AY75: =SUM(AS75+AU75+AW75) -> 0 | AZ75: =SUM(AT75+AV75+AX75) -> 0 | BA75: =SUM(AQ75+AY75) -> 0 | BB75: =SUM(AR75,AZ75) -> 0 | BC75: 구
A76: 41 | E76: P2514_BPN HF | F76: 749K | G76: 구 | H76: SY | I76: 3.19 | Q76: =SUM(AI76+BA76) -> 0 | R76: =SUM(AJ76+BB76) -> 0 | T76: =I76*S76*$T$2/1000 -> 0 | V76: =I76*U76*$V$2/1000 -> 0 | X76: =I76*W76*$X$2/1000 -> 0 | Y76: =SUM(S76+U76+W76) -> 0 | Z76: =SUM(T76+V76+X76) -> 0 | AB76: =K76*AA76*$AB$2/1000 -> 0 | AD76: =K76*AC76*$AD$2/1000 -> 0 | AF76: =K76*AE76*$AF$2/1000 -> 0 | AG76: =SUM(AA76+AC76+AE76) -> 0 | AH76: =SUM(AB76+AD76+AF76) -> 0 | AI76: =SUM(Y76+AG76) -> 0 | AJ76: =SUM(Z76,AH76) -> 0 | AL76: =M76*AK76*$AL$2/1000 -> 0 | AN76: =M76*AM76*$AN$2/1000 -> 0 | AP76: =M76*AO76*$AP$2/1000 -> 0 | AQ76: =SUM(AK76+AM76+AO76) -> 0 | AR76: =SUM(AL76+AN76+AP76) -> 0 | AT76: =O76*AS76*$AT$2/1000 -> 0 | AV76: =O76*AU76*$AV$2/1000 -> 0 | AX76: =O76*AW76*$AX$2/1000 -> 0 | AY76: =SUM(AS76+AU76+AW76) -> 0 | AZ76: =SUM(AT76+AV76+AX76) -> 0 | BA76: =SUM(AQ76+AY76) -> 0 | BB76: =SUM(AR76,AZ76) -> 0 | BC76: 구
A77: 45 | E77: P2514N_TPN | F77: 749E | G77: 구 | H77: SY | I77: 3.45 | Q77: =SUM(AI77+BA77) -> 0 | R77: =SUM(AJ77+BB77) -> 0 | T77: =I77*S77*$T$2/1000 -> 0 | V77: =I77*U77*$V$2/1000 -> 0 | X77: =I77*W77*$X$2/1000 -> 0 | Y77: =SUM(S77+U77+W77) -> 0 | Z77: =SUM(T77+V77+X77) -> 0 | AB77: =K77*AA77*$AB$2/1000 -> 0 | AD77: =K77*AC77*$AD$2/1000 -> 0 | AF77: =K77*AE77*$AF$2/1000 -> 0 | AG77: =SUM(AA77+AC77+AE77) -> 0 | AH77: =SUM(AB77+AD77+AF77) -> 0 | AI77: =SUM(Y77+AG77) -> 0 | AJ77: =SUM(Z77,AH77) -> 0 | AL77: =M77*AK77*$AL$2/1000 -> 0 | AN77: =M77*AM77*$AN$2/1000 -> 0 | AP77: =M77*AO77*$AP$2/1000 -> 0 | AQ77: =SUM(AK77+AM77+AO77) -> 0 | AR77: =SUM(AL77+AN77+AP77) -> 0 | AT77: =O77*AS77*$AT$2/1000 -> 0 | AV77: =O77*AU77*$AV$2/1000 -> 0 | AX77: =O77*AW77*$AX$2/1000 -> 0 | AY77: =SUM(AS77+AU77+AW77) -> 0 | AZ77: =SUM(AT77+AV77+AX77) -> 0 | BA77: =SUM(AQ77+AY77) -> 0 | BB77: =SUM(AR77,AZ77) -> 0 | BC77: 구
A78: 48 | E78: P2514N_BPN | F78: 749H | G78: 구 | H78: SY | I78: 3.82 | Q78: =SUM(AI78+BA78) -> 0 | R78: =SUM(AJ78+BB78) -> 0 | T78: =I78*S78*$T$2/1000 -> 0 | V78: =I78*U78*$V$2/1000 -> 0 | X78: =I78*W78*$X$2/1000 -> 0 | Y78: =SUM(S78+U78+W78) -> 0 | Z78: =SUM(T78+V78+X78) -> 0 | AB78: =K78*AA78*$AB$2/1000 -> 0 | AD78: =K78*AC78*$AD$2/1000 -> 0 | AF78: =K78*AE78*$AF$2/1000 -> 0 | AG78: =SUM(AA78+AC78+AE78) -> 0 | AH78: =SUM(AB78+AD78+AF78) -> 0 | AI78: =SUM(Y78+AG78) -> 0 | AJ78: =SUM(Z78,AH78) -> 0 | AL78: =M78*AK78*$AL$2/1000 -> 0 | AN78: =M78*AM78*$AN$2/1000 -> 0 | AP78: =M78*AO78*$AP$2/1000 -> 0 | AQ78: =SUM(AK78+AM78+AO78) -> 0 | AR78: =SUM(AL78+AN78+AP78) -> 0 | AT78: =O78*AS78*$AT$2/1000 -> 0 | AV78: =O78*AU78*$AV$2/1000 -> 0 | AX78: =O78*AW78*$AX$2/1000 -> 0 | AY78: =SUM(AS78+AU78+AW78) -> 0 | AZ78: =SUM(AT78+AV78+AX78) -> 0 | BA78: =SUM(AQ78+AY78) -> 0 | BB78: =SUM(AR78,AZ78) -> 0 | BC78: 구
A79: 48 | E79: P2514N_BPN HF | F79: 749J | G79: 구 | H79: SY | I79: 4.07 | Q79: =SUM(AI79+BA79) -> 0 | R79: =SUM(AJ79+BB79) -> 0 | T79: =I79*S79*$T$2/1000 -> 0 | V79: =I79*U79*$V$2/1000 -> 0 | X79: =I79*W79*$X$2/1000 -> 0 | Y79: =SUM(S79+U79+W79) -> 0 | Z79: =SUM(T79+V79+X79) -> 0 | AB79: =K79*AA79*$AB$2/1000 -> 0 | AD79: =K79*AC79*$AD$2/1000 -> 0 | AF79: =K79*AE79*$AF$2/1000 -> 0 | AG79: =SUM(AA79+AC79+AE79) -> 0 | AH79: =SUM(AB79+AD79+AF79) -> 0 | AI79: =SUM(Y79+AG79) -> 0 | AJ79: =SUM(Z79,AH79) -> 0 | AL79: =M79*AK79*$AL$2/1000 -> 0 | AN79: =M79*AM79*$AN$2/1000 -> 0 | AP79: =M79*AO79*$AP$2/1000 -> 0 | AQ79: =SUM(AK79+AM79+AO79) -> 0 | AR79: =SUM(AL79+AN79+AP79) -> 0 | AT79: =O79*AS79*$AT$2/1000 -> 0 | AV79: =O79*AU79*$AV$2/1000 -> 0 | AX79: =O79*AW79*$AX$2/1000 -> 0 | AY79: =SUM(AS79+AU79+AW79) -> 0 | AZ79: =SUM(AT79+AV79+AX79) -> 0 | BA79: =SUM(AQ79+AY79) -> 0 | BB79: =SUM(AR79,AZ79) -> 0 | BC79: 구
A80: 48 | E80: P2514Z_FPN(VE) | F80: 842A | G80: 구 | H80: SY | I80: 3.73 | Q80: =SUM(AI80+BA80) -> 0 | R80: =SUM(AJ80+BB80) -> 0 | T80: =I80*S80*$T$2/1000 -> 0 | V80: =I80*U80*$V$2/1000 -> 0 | X80: =I80*W80*$X$2/1000 -> 0 | Y80: =SUM(S80+U80+W80) -> 0 | Z80: =SUM(T80+V80+X80) -> 0 | AB80: =K80*AA80*$AB$2/1000 -> 0 | AD80: =K80*AC80*$AD$2/1000 -> 0 | AF80: =K80*AE80*$AF$2/1000 -> 0 | AG80: =SUM(AA80+AC80+AE80) -> 0 | AH80: =SUM(AB80+AD80+AF80) -> 0 | AI80: =SUM(Y80+AG80) -> 0 | AJ80: =SUM(Z80,AH80) -> 0 | AL80: =M80*AK80*$AL$2/1000 -> 0 | AN80: =M80*AM80*$AN$2/1000 -> 0 | AP80: =M80*AO80*$AP$2/1000 -> 0 | AQ80: =SUM(AK80+AM80+AO80) -> 0 | AR80: =SUM(AL80+AN80+AP80) -> 0 | AT80: =O80*AS80*$AT$2/1000 -> 0 | AV80: =O80*AU80*$AV$2/1000 -> 0 | AX80: =O80*AW80*$AX$2/1000 -> 0 | AY80: =SUM(AS80+AU80+AW80) -> 0 | AZ80: =SUM(AT80+AV80+AX80) -> 0 | BA80: =SUM(AQ80+AY80) -> 0 | BB80: =SUM(AR80,AZ80) -> 0 | BC80: 구
A81: 49 | E81: P2514Z_FPN C | F81: 842B | G81: 구 | H81: SY | I81: 4.34 | Q81: =SUM(AI81+BA81) -> 0 | R81: =SUM(AJ81+BB81) -> 0 | T81: =I81*S81*$T$2/1000 -> 0 | V81: =I81*U81*$V$2/1000 -> 0 | X81: =I81*W81*$X$2/1000 -> 0 | Y81: =SUM(S81+U81+W81) -> 0 | Z81: =SUM(T81+V81+X81) -> 0 | AB81: =K81*AA81*$AB$2/1000 -> 0 | AD81: =K81*AC81*$AD$2/1000 -> 0 | AF81: =K81*AE81*$AF$2/1000 -> 0 | AG81: =SUM(AA81+AC81+AE81) -> 0 | AH81: =SUM(AB81+AD81+AF81) -> 0 | AI81: =SUM(Y81+AG81) -> 0 | AJ81: =SUM(Z81,AH81) -> 0 | AL81: =M81*AK81*$AL$2/1000 -> 0 | AN81: =M81*AM81*$AN$2/1000 -> 0 | AP81: =M81*AO81*$AP$2/1000 -> 0 | AQ81: =SUM(AK81+AM81+AO81) -> 0 | AR81: =SUM(AL81+AN81+AP81) -> 0 | AT81: =O81*AS81*$AT$2/1000 -> 0 | AV81: =O81*AU81*$AV$2/1000 -> 0 | AX81: =O81*AW81*$AX$2/1000 -> 0 | AY81: =SUM(AS81+AU81+AW81) -> 0 | AZ81: =SUM(AT81+AV81+AX81) -> 0 | BA81: =SUM(AQ81+AY81) -> 0 | BB81: =SUM(AR81,AZ81) -> 0 | BC81: 구
A82: 50 | E82: P2514Z_FPN HF | F82: 842D | G82: 구 | H82: SY | I82: 3.93 | Q82: =SUM(AI82+BA82) -> 0 | R82: =SUM(AJ82+BB82) -> 0 | T82: =I82*S82*$T$2/1000 -> 0 | V82: =I82*U82*$V$2/1000 -> 0 | X82: =I82*W82*$X$2/1000 -> 0 | Y82: =SUM(S82+U82+W82) -> 0 | Z82: =SUM(T82+V82+X82) -> 0 | AB82: =K82*AA82*$AB$2/1000 -> 0 | AD82: =K82*AC82*$AD$2/1000 -> 0 | AF82: =K82*AE82*$AF$2/1000 -> 0 | AG82: =SUM(AA82+AC82+AE82) -> 0 | AH82: =SUM(AB82+AD82+AF82) -> 0 | AI82: =SUM(Y82+AG82) -> 0 | AJ82: =SUM(Z82,AH82) -> 0 | AL82: =M82*AK82*$AL$2/1000 -> 0 | AN82: =M82*AM82*$AN$2/1000 -> 0 | AP82: =M82*AO82*$AP$2/1000 -> 0 | AQ82: =SUM(AK82+AM82+AO82) -> 0 | AR82: =SUM(AL82+AN82+AP82) -> 0 | AT82: =O82*AS82*$AT$2/1000 -> 0 | AV82: =O82*AU82*$AV$2/1000 -> 0 | AX82: =O82*AW82*$AX$2/1000 -> 0 | AY82: =SUM(AS82+AU82+AW82) -> 0 | AZ82: =SUM(AT82+AV82+AX82) -> 0 | BA82: =SUM(AQ82+AY82) -> 0 | BB82: =SUM(AR82,AZ82) -> 0 | BC82: 구
A83: 51 | E83: P2514Z_TPN | F83: 842E | G83: 구 | H83: SY | I83: 4.12 | Q83: =SUM(AI83+BA83) -> 0 | R83: =SUM(AJ83+BB83) -> 0 | T83: =I83*S83*$T$2/1000 -> 0 | V83: =I83*U83*$V$2/1000 -> 0 | X83: =I83*W83*$X$2/1000 -> 0 | Y83: =SUM(S83+U83+W83) -> 0 | Z83: =SUM(T83+V83+X83) -> 0 | AB83: =K83*AA83*$AB$2/1000 -> 0 | AD83: =K83*AC83*$AD$2/1000 -> 0 | AF83: =K83*AE83*$AF$2/1000 -> 0 | AG83: =SUM(AA83+AC83+AE83) -> 0 | AH83: =SUM(AB83+AD83+AF83) -> 0 | AI83: =SUM(Y83+AG83) -> 0 | AJ83: =SUM(Z83,AH83) -> 0 | AL83: =M83*AK83*$AL$2/1000 -> 0 | AN83: =M83*AM83*$AN$2/1000 -> 0 | AP83: =M83*AO83*$AP$2/1000 -> 0 | AQ83: =SUM(AK83+AM83+AO83) -> 0 | AR83: =SUM(AL83+AN83+AP83) -> 0 | AT83: =O83*AS83*$AT$2/1000 -> 0 | AV83: =O83*AU83*$AV$2/1000 -> 0 | AX83: =O83*AW83*$AX$2/1000 -> 0 | AY83: =SUM(AS83+AU83+AW83) -> 0 | AZ83: =SUM(AT83+AV83+AX83) -> 0 | BA83: =SUM(AQ83+AY83) -> 0 | BB83: =SUM(AR83,AZ83) -> 0 | BC83: 구
A84: 51 | D84: MNT | E84: P2514_DPN | F84: 1291A | G84: 구 | H84: SY | I84: 3.63 | K84: 3.62 | Q84: =SUM(AI84+BA84) -> 223.473 | R84: =SUM(AJ84+BB84) -> 1187.5603 | S84: 80.421 | T84: =I84*S84*$T$2/1000 -> 421.44219 | U84: 56.298 | V84: =I84*U84*$V$2/1000 -> 293.92532 | W84: 76.791 | X84: =I84*W84*$X$2/1000 -> 418.78764 | Y84: =SUM(S84+U84+W84) -> 213.51 | Z84: =SUM(T84+V84+X84) -> 1134.1551 | AA84: 9.963 | AB84: =K84*AA84*$AB$2/1000 -> 53.405179 | AD84: =K84*AC84*$AD$2/1000 -> 0 | AF84: =K84*AE84*$AF$2/1000 -> 0 | AG84: =SUM(AA84+AC84+AE84) -> 9.963 | AH84: =SUM(AB84+AD84+AF84) -> 53.405179 | AI84: =SUM(Y84+AG84) -> 223.473 | AJ84: =SUM(Z84,AH84) -> 1187.5603 | AL84: =M84*AK84*$AL$2/1000 -> 0 | AN84: =M84*AM84*$AN$2/1000 -> 0 | AP84: =M84*AO84*$AP$2/1000 -> 0 | AQ84: =SUM(AK84+AM84+AO84) -> 0 | AR84: =SUM(AL84+AN84+AP84) -> 0 | AT84: =O84*AS84*$AT$2/1000 -> 0 | AV84: =O84*AU84*$AV$2/1000 -> 0 | AX84: =O84*AW84*$AX$2/1000 -> 0 | AY84: =SUM(AS84+AU84+AW84) -> 0 | AZ84: =SUM(AT84+AV84+AX84) -> 0 | BA84: =SUM(AQ84+AY84) -> 0 | BB84: =SUM(AR84,AZ84) -> 0 | BC84: 구
A85: 50 | E85: P2514N_DPN | F85: 1291B | G85: 구 | H85: SY | I85: 4.14 | K85: 4.14 | Q85: =SUM(AI85+BA85) -> 5.13 | R85: =SUM(AJ85+BB85) -> 31.553565 | T85: =I85*S85*$T$2/1000 -> 0 | U85: 0.612 | V85: =I85*U85*$V$2/1000 -> 3.6440906 | W85: 2.376 | X85: =I85*W85*$X$2/1000 -> 14.778273 | Y85: =SUM(S85+U85+W85) -> 2.988 | Z85: =SUM(T85+V85+X85) -> 18.422363 | AA85: 2.142 | AB85: =K85*AA85*$AB$2/1000 -> 13.131202 | AD85: =K85*AC85*$AD$2/1000 -> 0 | AF85: =K85*AE85*$AF$2/1000 -> 0 | AG85: =SUM(AA85+AC85+AE85) -> 2.142 | AH85: =SUM(AB85+AD85+AF85) -> 13.131202 | AI85: =SUM(Y85+AG85) -> 5.13 | AJ85: =SUM(Z85,AH85) -> 31.553565 | AL85: =M85*AK85*$AL$2/1000 -> 0 | AN85: =M85*AM85*$AN$2/1000 -> 0 | AP85: =M85*AO85*$AP$2/1000 -> 0 | AQ85: =SUM(AK85+AM85+AO85) -> 0 | AR85: =SUM(AL85+AN85+AP85) -> 0 | AT85: =O85*AS85*$AT$2/1000 -> 0 | AV85: =O85*AU85*$AV$2/1000 -> 0 | AX85: =O85*AW85*$AX$2/1000 -> 0 | AY85: =SUM(AS85+AU85+AW85) -> 0 | AZ85: =SUM(AT85+AV85+AX85) -> 0 | BA85: =SUM(AQ85+AY85) -> 0 | BB85: =SUM(AR85,AZ85) -> 0 | BC85: 구
A86: 51 | E86: P2514Z_DPN | F86: 1291C | G86: 구 | H86: SY | I86: 4.83 | K86: 4.82 | Q86: =SUM(AI86+BA86) -> 46.809 | R86: =SUM(AJ86+BB86) -> 331.6783 | S86: 12.771 | T86: =I86*S86*$T$2/1000 -> 89.050006 | U86: 10.56 | V86: =I86*U86*$V$2/1000 -> 73.358164 | W86: 14.276 | X86: =I86*W86*$X$2/1000 -> 103.59304 | Y86: =SUM(S86+U86+W86) -> 37.607 | Z86: =SUM(T86+V86+X86) -> 266.00121 | AA86: 9.202 | AB86: =K86*AA86*$AB$2/1000 -> 65.677096 | AD86: =K86*AC86*$AD$2/1000 -> 0 | AF86: =K86*AE86*$AF$2/1000 -> 0 | AG86: =SUM(AA86+AC86+AE86) -> 9.202 | AH86: =SUM(AB86+AD86+AF86) -> 65.677096 | AI86: =SUM(Y86+AG86) -> 46.809 | AJ86: =SUM(Z86,AH86) -> 331.6783 | AL86: =M86*AK86*$AL$2/1000 -> 0 | AN86: =M86*AM86*$AN$2/1000 -> 0 | AP86: =M86*AO86*$AP$2/1000 -> 0 | AQ86: =SUM(AK86+AM86+AO86) -> 0 | AR86: =SUM(AL86+AN86+AP86) -> 0 | AT86: =O86*AS86*$AT$2/1000 -> 0 | AV86: =O86*AU86*$AV$2/1000 -> 0 | AX86: =O86*AW86*$AX$2/1000 -> 0 | AY86: =SUM(AS86+AU86+AW86) -> 0 | AZ86: =SUM(AT86+AV86+AX86) -> 0 | BA86: =SUM(AQ86+AY86) -> 0 | BB86: =SUM(AR86,AZ86) -> 0 | BC86: 구
A87: 51 | E87: P2514_DPN_CKD | F87: 1291A | G87: 구 | H87: SY | I87: 3.59 | K87: 3.59 | Q87: =SUM(AI87+BA87) -> 8.463 | R87: =SUM(AJ87+BB87) -> 43.807233 | S87: 5.673 | T87: =I87*S87*$T$2/1000 -> 29.401477 | U87: 2.79 | V87: =I87*U87*$V$2/1000 -> 14.405756 | X87: =I87*W87*$X$2/1000 -> 0 | Y87: =SUM(S87+U87+W87) -> 8.463 | Z87: =SUM(T87+V87+X87) -> 43.807233 | AB87: =K87*AA87*$AB$2/1000 -> 0 | AD87: =K87*AC87*$AD$2/1000 -> 0 | AF87: =K87*AE87*$AF$2/1000 -> 0 | AG87: =SUM(AA87+AC87+AE87) -> 0 | AH87: =SUM(AB87+AD87+AF87) -> 0 | AI87: =SUM(Y87+AG87) -> 8.463 | AJ87: =SUM(Z87,AH87) -> 43.807233 | AL87: =M87*AK87*$AL$2/1000 -> 0 | AN87: =M87*AM87*$AN$2/1000 -> 0 | AP87: =M87*AO87*$AP$2/1000 -> 0 | AQ87: =SUM(AK87+AM87+AO87) -> 0 | AR87: =SUM(AL87+AN87+AP87) -> 0 | AT87: =O87*AS87*$AT$2/1000 -> 0 | AV87: =O87*AU87*$AV$2/1000 -> 0 | AX87: =O87*AW87*$AX$2/1000 -> 0 | AY87: =SUM(AS87+AU87+AW87) -> 0 | AZ87: =SUM(AT87+AV87+AX87) -> 0 | BA87: =SUM(AQ87+AY87) -> 0 | BB87: =SUM(AR87,AZ87) -> 0 | BC87: 구
A88: 52 | E88: P2514Z_TPNC | F88: 842F | G88: 구 | H88: SY | I88: 3.98 | K88: 3.98 | Q88: =SUM(AI88+BA88) -> 0 | R88: =SUM(AJ88+BB88) -> 0 | T88: =I88*S88*$T$2/1000 -> 0 | V88: =I88*U88*$V$2/1000 -> 0 | X88: =I88*W88*$X$2/1000 -> 0 | Y88: =SUM(S88+U88+W88) -> 0 | Z88: =SUM(T88+V88+X88) -> 0 | AB88: =K88*AA88*$AB$2/1000 -> 0 | AD88: =K88*AC88*$AD$2/1000 -> 0 | AF88: =K88*AE88*$AF$2/1000 -> 0 | AG88: =SUM(AA88+AC88+AE88) -> 0 | AH88: =SUM(AB88+AD88+AF88) -> 0 | AI88: =SUM(Y88+AG88) -> 0 | AJ88: =SUM(Z88,AH88) -> 0 | AL88: =M88*AK88*$AL$2/1000 -> 0 | AN88: =M88*AM88*$AN$2/1000 -> 0 | AP88: =M88*AO88*$AP$2/1000 -> 0 | AQ88: =SUM(AK88+AM88+AO88) -> 0 | AR88: =SUM(AL88+AN88+AP88) -> 0 | AT88: =O88*AS88*$AT$2/1000 -> 0 | AV88: =O88*AU88*$AV$2/1000 -> 0 | AX88: =O88*AW88*$AX$2/1000 -> 0 | AY88: =SUM(AS88+AU88+AW88) -> 0 | AZ88: =SUM(AT88+AV88+AX88) -> 0 | BA88: =SUM(AQ88+AY88) -> 0 | BB88: =SUM(AR88,AZ88) -> 0 | BC88: 구
A89: 53 | E89: P3514Z_FPN(VE) | F89: 843A | G89: 구 | H89: SY | I89: 4.2 | K89: 4.2 | Q89: =SUM(AI89+BA89) -> 0 | R89: =SUM(AJ89+BB89) -> 0 | T89: =I89*S89*$T$2/1000 -> 0 | V89: =I89*U89*$V$2/1000 -> 0 | X89: =I89*W89*$X$2/1000 -> 0 | Y89: =SUM(S89+U89+W89) -> 0 | Z89: =SUM(T89+V89+X89) -> 0 | AB89: =K89*AA89*$AB$2/1000 -> 0 | AD89: =K89*AC89*$AD$2/1000 -> 0 | AF89: =K89*AE89*$AF$2/1000 -> 0 | AG89: =SUM(AA89+AC89+AE89) -> 0 | AH89: =SUM(AB89+AD89+AF89) -> 0 | AI89: =SUM(Y89+AG89) -> 0 | AJ89: =SUM(Z89,AH89) -> 0 | AL89: =M89*AK89*$AL$2/1000 -> 0 | AN89: =M89*AM89*$AN$2/1000 -> 0 | AP89: =M89*AO89*$AP$2/1000 -> 0 | AQ89: =SUM(AK89+AM89+AO89) -> 0 | AR89: =SUM(AL89+AN89+AP89) -> 0 | AT89: =O89*AS89*$AT$2/1000 -> 0 | AV89: =O89*AU89*$AV$2/1000 -> 0 | AX89: =O89*AW89*$AX$2/1000 -> 0 | AY89: =SUM(AS89+AU89+AW89) -> 0 | AZ89: =SUM(AT89+AV89+AX89) -> 0 | BA89: =SUM(AQ89+AY89) -> 0 | BB89: =SUM(AR89,AZ89) -> 0 | BC89: 구
A90: 55 | E90: P3514_APN | F90: 1150A | G90: 신 | H90: SY | I90: 4.49 | K90: 4.49 | Q90: =SUM(AI90+BA90) -> 0 | R90: =SUM(AJ90+BB90) -> 0 | T90: =I90*S90*$T$2/1000 -> 0 | V90: =I90*U90*$V$2/1000 -> 0 | X90: =I90*W90*$X$2/1000 -> 0 | Y90: =SUM(S90+U90+W90) -> 0 | Z90: =SUM(T90+V90+X90) -> 0 | AB90: =K90*AA90*$AB$2/1000 -> 0 | AD90: =K90*AC90*$AD$2/1000 -> 0 | AF90: =K90*AE90*$AF$2/1000 -> 0 | AG90: =SUM(AA90+AC90+AE90) -> 0 | AH90: =SUM(AB90+AD90+AF90) -> 0 | AI90: =SUM(Y90+AG90) -> 0 | AJ90: =SUM(Z90,AH90) -> 0 | AL90: =M90*AK90*$AL$2/1000 -> 0 | AN90: =M90*AM90*$AN$2/1000 -> 0 | AP90: =M90*AO90*$AP$2/1000 -> 0 | AQ90: =SUM(AK90+AM90+AO90) -> 0 | AR90: =SUM(AL90+AN90+AP90) -> 0 | AT90: =O90*AS90*$AT$2/1000 -> 0 | AV90: =O90*AU90*$AV$2/1000 -> 0 | AX90: =O90*AW90*$AX$2/1000 -> 0 | AY90: =SUM(AS90+AU90+AW90) -> 0 | AZ90: =SUM(AT90+AV90+AX90) -> 0 | BA90: =SUM(AQ90+AY90) -> 0 | BB90: =SUM(AR90,AZ90) -> 0 | BC90: 구
E91: P3514N_APN | F91: 1150B | G91: 신 | H91: SY | I91: 4.8 | K91: 4.8 | Q91: =SUM(AI91+BA91) -> 0 | R91: =SUM(AJ91+BB91) -> 0 | T91: =I91*S91*$T$2/1000 -> 0 | V91: =I91*U91*$V$2/1000 -> 0 | X91: =I91*W91*$X$2/1000 -> 0 | Y91: =SUM(S91+U91+W91) -> 0 | Z91: =SUM(T91+V91+X91) -> 0 | AB91: =K91*AA91*$AB$2/1000 -> 0 | AD91: =K91*AC91*$AD$2/1000 -> 0 | AF91: =K91*AE91*$AF$2/1000 -> 0 | AG91: =SUM(AA91+AC91+AE91) -> 0 | AH91: =SUM(AB91+AD91+AF91) -> 0 | AI91: =SUM(Y91+AG91) -> 0 | AJ91: =SUM(Z91,AH91) -> 0 | AL91: =M91*AK91*$AL$2/1000 -> 0 | AN91: =M91*AM91*$AN$2/1000 -> 0 | AP91: =M91*AO91*$AP$2/1000 -> 0 | AQ91: =SUM(AK91+AM91+AO91) -> 0 | AR91: =SUM(AL91+AN91+AP91) -> 0 | AT91: =O91*AS91*$AT$2/1000 -> 0 | AV91: =O91*AU91*$AV$2/1000 -> 0 | AX91: =O91*AW91*$AX$2/1000 -> 0 | AY91: =SUM(AS91+AU91+AW91) -> 0 | AZ91: =SUM(AT91+AV91+AX91) -> 0 | BA91: =SUM(AQ91+AY91) -> 0 | BB91: =SUM(AR91,AZ91) -> 0 | BC91: 구
E92: P3514_APN HF | F92: 1150C | G92: 신 | H92: SY | I92: 4.62 | K92: 4.62 | Q92: =SUM(AI92+BA92) -> 0 | R92: =SUM(AJ92+BB92) -> 0 | T92: =I92*S92*$T$2/1000 -> 0 | V92: =I92*U92*$V$2/1000 -> 0 | X92: =I92*W92*$X$2/1000 -> 0 | Y92: =SUM(S92+U92+W92) -> 0 | Z92: =SUM(T92+V92+X92) -> 0 | AB92: =K92*AA92*$AB$2/1000 -> 0 | AD92: =K92*AC92*$AD$2/1000 -> 0 | AF92: =K92*AE92*$AF$2/1000 -> 0 | AG92: =SUM(AA92+AC92+AE92) -> 0 | AH92: =SUM(AB92+AD92+AF92) -> 0 | AI92: =SUM(Y92+AG92) -> 0 | AJ92: =SUM(Z92,AH92) -> 0 | AL92: =M92*AK92*$AL$2/1000 -> 0 | AN92: =M92*AM92*$AN$2/1000 -> 0 | AP92: =M92*AO92*$AP$2/1000 -> 0 | AQ92: =SUM(AK92+AM92+AO92) -> 0 | AR92: =SUM(AL92+AN92+AP92) -> 0 | AT92: =O92*AS92*$AT$2/1000 -> 0 | AV92: =O92*AU92*$AV$2/1000 -> 0 | AX92: =O92*AW92*$AX$2/1000 -> 0 | AY92: =SUM(AS92+AU92+AW92) -> 0 | AZ92: =SUM(AT92+AV92+AX92) -> 0 | BA92: =SUM(AQ92+AY92) -> 0 | BB92: =SUM(AR92,AZ92) -> 0 | BC92: 구
A93: 56 | E93: P3514ZN_FPN | F93: 843C | G93: 구 | H93: SY | I93: 4.8 | K93: 4.8 | Q93: =SUM(AI93+BA93) -> 0 | R93: =SUM(AJ93+BB93) -> 0 | T93: =I93*S93*$T$2/1000 -> 0 | V93: =I93*U93*$V$2/1000 -> 0 | X93: =I93*W93*$X$2/1000 -> 0 | Y93: =SUM(S93+U93+W93) -> 0 | Z93: =SUM(T93+V93+X93) -> 0 | AB93: =K93*AA93*$AB$2/1000 -> 0 | AD93: =K93*AC93*$AD$2/1000 -> 0 | AF93: =K93*AE93*$AF$2/1000 -> 0 | AG93: =SUM(AA93+AC93+AE93) -> 0 | AH93: =SUM(AB93+AD93+AF93) -> 0 | AI93: =SUM(Y93+AG93) -> 0 | AJ93: =SUM(Z93,AH93) -> 0 | AL93: =M93*AK93*$AL$2/1000 -> 0 | AN93: =M93*AM93*$AN$2/1000 -> 0 | AP93: =M93*AO93*$AP$2/1000 -> 0 | AQ93: =SUM(AK93+AM93+AO93) -> 0 | AR93: =SUM(AL93+AN93+AP93) -> 0 | AT93: =O93*AS93*$AT$2/1000 -> 0 | AV93: =O93*AU93*$AV$2/1000 -> 0 | AX93: =O93*AW93*$AX$2/1000 -> 0 | AY93: =SUM(AS93+AU93+AW93) -> 0 | AZ93: =SUM(AT93+AV93+AX93) -> 0 | BA93: =SUM(AQ93+AY93) -> 0 | BB93: =SUM(AR93,AZ93) -> 0 | BC93: 구
A94: 57 | E94: P3514Z_FPN HF | F94: 843D | G94: 구 | H94: SY | I94: 4.43 | K94: 4.43 | Q94: =SUM(AI94+BA94) -> 0 | R94: =SUM(AJ94+BB94) -> 0 | T94: =I94*S94*$T$2/1000 -> 0 | V94: =I94*U94*$V$2/1000 -> 0 | X94: =I94*W94*$X$2/1000 -> 0 | Y94: =SUM(S94+U94+W94) -> 0 | Z94: =SUM(T94+V94+X94) -> 0 | AB94: =K94*AA94*$AB$2/1000 -> 0 | AD94: =K94*AC94*$AD$2/1000 -> 0 | AF94: =K94*AE94*$AF$2/1000 -> 0 | AG94: =SUM(AA94+AC94+AE94) -> 0 | AH94: =SUM(AB94+AD94+AF94) -> 0 | AI94: =SUM(Y94+AG94) -> 0 | AJ94: =SUM(Z94,AH94) -> 0 | AL94: =M94*AK94*$AL$2/1000 -> 0 | AN94: =M94*AM94*$AN$2/1000 -> 0 | AP94: =M94*AO94*$AP$2/1000 -> 0 | AQ94: =SUM(AK94+AM94+AO94) -> 0 | AR94: =SUM(AL94+AN94+AP94) -> 0 | AT94: =O94*AS94*$AT$2/1000 -> 0 | AV94: =O94*AU94*$AV$2/1000 -> 0 | AX94: =O94*AW94*$AX$2/1000 -> 0 | AY94: =SUM(AS94+AU94+AW94) -> 0 | AZ94: =SUM(AT94+AV94+AX94) -> 0 | BA94: =SUM(AQ94+AY94) -> 0 | BB94: =SUM(AR94,AZ94) -> 0 | BC94: 구
A95: 58 | E95: P4519_APN | F95: 1098A | G95: 신 | H95: SY | I95: 5.41 | K95: 5.41 | Q95: =SUM(AI95+BA95) -> 0 | R95: =SUM(AJ95+BB95) -> 0 | T95: =I95*S95*$T$2/1000 -> 0 | V95: =I95*U95*$V$2/1000 -> 0 | X95: =I95*W95*$X$2/1000 -> 0 | Y95: =SUM(S95+U95+W95) -> 0 | Z95: =SUM(T95+V95+X95) -> 0 | AB95: =K95*AA95*$AB$2/1000 -> 0 | AD95: =K95*AC95*$AD$2/1000 -> 0 | AF95: =K95*AE95*$AF$2/1000 -> 0 | AG95: =SUM(AA95+AC95+AE95) -> 0 | AH95: =SUM(AB95+AD95+AF95) -> 0 | AI95: =SUM(Y95+AG95) -> 0 | AJ95: =SUM(Z95,AH95) -> 0 | AL95: =M95*AK95*$AL$2/1000 -> 0 | AN95: =M95*AM95*$AN$2/1000 -> 0 | AP95: =M95*AO95*$AP$2/1000 -> 0 | AQ95: =SUM(AK95+AM95+AO95) -> 0 | AR95: =SUM(AL95+AN95+AP95) -> 0 | AT95: =O95*AS95*$AT$2/1000 -> 0 | AV95: =O95*AU95*$AV$2/1000 -> 0 | AX95: =O95*AW95*$AX$2/1000 -> 0 | AY95: =SUM(AS95+AU95+AW95) -> 0 | AZ95: =SUM(AT95+AV95+AX95) -> 0 | BA95: =SUM(AQ95+AY95) -> 0 | BB95: =SUM(AR95,AZ95) -> 0 | BC95: 구
A96: 59 | E96: P4519N_APN | F96: 1098B | G96: 신 | H96: SY | I96: 6.3 | K96: 6.3 | Q96: =SUM(AI96+BA96) -> 0.02 | R96: =SUM(AJ96+BB96) -> 0.1818999 | S96: 0.02 | T96: =I96*S96*$T$2/1000 -> 0.1818999 | V96: =I96*U96*$V$2/1000 -> 0 | X96: =I96*W96*$X$2/1000 -> 0 | Y96: =SUM(S96+U96+W96) -> 0.02 | Z96: =SUM(T96+V96+X96) -> 0.1818999 | AB96: =K96*AA96*$AB$2/1000 -> 0 | AD96: =K96*AC96*$AD$2/1000 -> 0 | AF96: =K96*AE96*$AF$2/1000 -> 0 | AG96: =SUM(AA96+AC96+AE96) -> 0 | AH96: =SUM(AB96+AD96+AF96) -> 0 | AI96: =SUM(Y96+AG96) -> 0.02 | AJ96: =SUM(Z96,AH96) -> 0.1818999 | AL96: =M96*AK96*$AL$2/1000 -> 0 | AN96: =M96*AM96*$AN$2/1000 -> 0 | AP96: =M96*AO96*$AP$2/1000 -> 0 | AQ96: =SUM(AK96+AM96+AO96) -> 0 | AR96: =SUM(AL96+AN96+AP96) -> 0 | AT96: =O96*AS96*$AT$2/1000 -> 0 | AV96: =O96*AU96*$AV$2/1000 -> 0 | AX96: =O96*AW96*$AX$2/1000 -> 0 | AY96: =SUM(AS96+AU96+AW96) -> 0 | AZ96: =SUM(AT96+AV96+AX96) -> 0 | BA96: =SUM(AQ96+AY96) -> 0 | BB96: =SUM(AR96,AZ96) -> 0 | BC96: 구
A97: 60 | E97: P4519S_APN | F97: 1139A | G97: 신 | H97: SY | I97: 5.7 | K97: 5.7 | Q97: =SUM(AI97+BA97) -> 0 | R97: =SUM(AJ97+BB97) -> 0 | T97: =I97*S97*$T$2/1000 -> 0 | V97: =I97*U97*$V$2/1000 -> 0 | X97: =I97*W97*$X$2/1000 -> 0 | Y97: =SUM(S97+U97+W97) -> 0 | Z97: =SUM(T97+V97+X97) -> 0 | AB97: =K97*AA97*$AB$2/1000 -> 0 | AD97: =K97*AC97*$AD$2/1000 -> 0 | AF97: =K97*AE97*$AF$2/1000 -> 0 | AG97: =SUM(AA97+AC97+AE97) -> 0 | AH97: =SUM(AB97+AD97+AF97) -> 0 | AI97: =SUM(Y97+AG97) -> 0 | AJ97: =SUM(Z97,AH97) -> 0 | AL97: =M97*AK97*$AL$2/1000 -> 0 | AN97: =M97*AM97*$AN$2/1000 -> 0 | AP97: =M97*AO97*$AP$2/1000 -> 0 | AQ97: =SUM(AK97+AM97+AO97) -> 0 | AR97: =SUM(AL97+AN97+AP97) -> 0 | AT97: =O97*AS97*$AT$2/1000 -> 0 | AV97: =O97*AU97*$AV$2/1000 -> 0 | AX97: =O97*AW97*$AX$2/1000 -> 0 | AY97: =SUM(AS97+AU97+AW97) -> 0 | AZ97: =SUM(AT97+AV97+AX97) -> 0 | BA97: =SUM(AQ97+AY97) -> 0 | BB97: =SUM(AR97,AZ97) -> 0 | BC97: 구
A98: 61 | E98: P4519SN_APN | F98: 1139B | G98: 신 | H98: SY | I98: 6.45 | K98: 6.45 | Q98: =SUM(AI98+BA98) -> 0 | R98: =SUM(AJ98+BB98) -> 0 | T98: =I98*S98*$T$2/1000 -> 0 | V98: =I98*U98*$V$2/1000 -> 0 | X98: =I98*W98*$X$2/1000 -> 0 | Y98: =SUM(S98+U98+W98) -> 0 | Z98: =SUM(T98+V98+X98) -> 0 | AB98: =K98*AA98*$AB$2/1000 -> 0 | AD98: =K98*AC98*$AD$2/1000 -> 0 | AF98: =K98*AE98*$AF$2/1000 -> 0 | AG98: =SUM(AA98+AC98+AE98) -> 0 | AH98: =SUM(AB98+AD98+AF98) -> 0 | AI98: =SUM(Y98+AG98) -> 0 | AJ98: =SUM(Z98,AH98) -> 0 | AL98: =M98*AK98*$AL$2/1000 -> 0 | AN98: =M98*AM98*$AN$2/1000 -> 0 | AP98: =M98*AO98*$AP$2/1000 -> 0 | AQ98: =SUM(AK98+AM98+AO98) -> 0 | AR98: =SUM(AL98+AN98+AP98) -> 0 | AT98: =O98*AS98*$AT$2/1000 -> 0 | AV98: =O98*AU98*$AV$2/1000 -> 0 | AX98: =O98*AW98*$AX$2/1000 -> 0 | AY98: =SUM(AS98+AU98+AW98) -> 0 | AZ98: =SUM(AT98+AV98+AX98) -> 0 | BA98: =SUM(AQ98+AY98) -> 0 | BB98: =SUM(AR98,AZ98) -> 0 | BC98: 구
A99: 57 | E99: P4519S_APN HF | F99: 1139C | G99: 구 | H99: SY | I99: 6 | K99: 6 | Q99: =SUM(AI99+BA99) -> 0 | R99: =SUM(AJ99+BB99) -> 0 | T99: =I99*S99*$T$2/1000 -> 0 | V99: =I99*U99*$V$2/1000 -> 0 | X99: =I99*W99*$X$2/1000 -> 0 | Y99: =SUM(S99+U99+W99) -> 0 | Z99: =SUM(T99+V99+X99) -> 0 | AB99: =K99*AA99*$AB$2/1000 -> 0 | AD99: =K99*AC99*$AD$2/1000 -> 0 | AF99: =K99*AE99*$AF$2/1000 -> 0 | AG99: =SUM(AA99+AC99+AE99) -> 0 | AH99: =SUM(AB99+AD99+AF99) -> 0 | AI99: =SUM(Y99+AG99) -> 0 | AJ99: =SUM(Z99,AH99) -> 0 | AL99: =M99*AK99*$AL$2/1000 -> 0 | AN99: =M99*AM99*$AN$2/1000 -> 0 | AP99: =M99*AO99*$AP$2/1000 -> 0 | AQ99: =SUM(AK99+AM99+AO99) -> 0 | AR99: =SUM(AL99+AN99+AP99) -> 0 | AT99: =O99*AS99*$AT$2/1000 -> 0 | AV99: =O99*AU99*$AV$2/1000 -> 0 | AX99: =O99*AW99*$AX$2/1000 -> 0 | AY99: =SUM(AS99+AU99+AW99) -> 0 | AZ99: =SUM(AT99+AV99+AX99) -> 0 | BA99: =SUM(AQ99+AY99) -> 0 | BB99: =SUM(AR99,AZ99) -> 0 | BC99: 구
E100: P5015_APN | F100: VG-FSA3BA/ZA | G100: 신 | H100: SY | I100: 19.3 | K100: 19.3 | Q100: =SUM(AI100+BA100) -> 0 | R100: =SUM(AJ100+BB100) -> 0 | T100: =I100*S100*$T$2/1000 -> 0 | V100: =I100*U100*$V$2/1000 -> 0 | X100: =I100*W100*$X$2/1000 -> 0 | Y100: =SUM(S100+U100+W100) -> 0 | Z100: =SUM(T100+V100+X100) -> 0 | AB100: =K100*AA100*$AB$2/1000 -> 0 | AD100: =K100*AC100*$AD$2/1000 -> 0 | AF100: =K100*AE100*$AF$2/1000 -> 0 | AG100: =SUM(AA100+AC100+AE100) -> 0 | AH100: =SUM(AB100+AD100+AF100) -> 0 | AI100: =SUM(Y100+AG100) -> 0 | AJ100: =SUM(Z100,AH100) -> 0 | AL100: =M100*AK100*$AL$2/1000 -> 0 | AN100: =M100*AM100*$AN$2/1000 -> 0 | AP100: =M100*AO100*$AP$2/1000 -> 0 | AQ100: =SUM(AK100+AM100+AO100) -> 0 | AR100: =SUM(AL100+AN100+AP100) -> 0 | AT100: =O100*AS100*$AT$2/1000 -> 0 | AV100: =O100*AU100*$AV$2/1000 -> 0 | AX100: =O100*AW100*$AX$2/1000 -> 0 | AY100: =SUM(AS100+AU100+AW100) -> 0 | AZ100: =SUM(AT100+AV100+AX100) -> 0 | BA100: =SUM(AQ100+AY100) -> 0 | BB100: =SUM(AR100,AZ100) -> 0 | BC100: 구
...

Sheet 매출내역
H1: =SUBTOTAL(9,H3:H10000) -> 8887247 | I1: =SUBTOTAL(9,I3:I10000) -> 87034.486
B2: 월 | C2: 대분류 | D2: 업 체 | E2: CODE | F2: 모델명 | G2: 제품 | H2: 합계 : 수량 | I2: 합계 : 금액 | J2: 신규
B3: 1 | C3: =VLOOKUP(D3,기본!$B$3:$C$90,2,0) -> AV JDM | D3: EASTECH | E3: 16912A | F3: V200SR_CPN | G3: =VLOOKUP(E3,기본!$F$3:$G$320,2,0) -> #N/A | H3: 12880 | I3: 122.52383
B4: 1 | C4: =VLOOKUP(D4,기본!$B$3:$C$90,2,0) -> AV JDM | D4: EASTECH | E4: 16913A | F4: V200SRN_CPN | G4: =VLOOKUP(E4,기본!$F$3:$G$320,2,0) -> #N/A | H4: 404 | I4: 4.1331217
B5: 1 | C5: =VLOOKUP(D5,기본!$B$3:$C$90,2,0) -> AV JDM | D5: EASTECH | E5: A5919_DPN V | F5: A5919_DPN V | G5: =VLOOKUP(E5,기본!$F$3:$G$320,2,0) -> MNT | H5: 12376 | I5: 104.60749
B6: 1 | C6: =VLOOKUP(D6,기본!$B$3:$C$90,2,0) -> AV JDM | D6: EASTECH | E6: A5919_DPNS V | F6: A5919_DPNS V | G6: =VLOOKUP(E6,기본!$F$3:$G$320,2,0) -> MNT | H6: 7056 | I6: 64.36017
B7: 1 | C7: =VLOOKUP(D7,기본!$B$3:$C$90,2,0) -> AV JDM | D7: EASTECH | E7: A5919_DPNSW V | F7: A5919_DPNSW V | G7: =VLOOKUP(E7,기본!$F$3:$G$320,2,0) -> #N/A | H7: 1848 | I7: 17.666592
B8: 1 | C8: =VLOOKUP(D8,기본!$B$3:$C$90,2,0) -> AV JDM | D8: EASTECH | E8: A5919_DPNT V | F8: A5919_DPNT V | G8: =VLOOKUP(E8,기본!$F$3:$G$320,2,0) -> MNT | H8: 2268 | I8: 22.218342
B9: 1 | C9: =VLOOKUP(D9,기본!$B$3:$C$90,2,0) -> AV JDM | D9: EASTECH | E9: A5919_DPNW V | F9: A5919_DPNW V | G9: =VLOOKUP(E9,기본!$F$3:$G$320,2,0) -> #N/A | H9: 1008 | I9: 9.0328946
B10: 1 | C10: =VLOOKUP(D10,기본!$B$3:$C$90,2,0) -> AV JDM | D10: EASTECH | E10: A5919N_DPNS V | F10: A5919N_DPNS V | G10: =VLOOKUP(E10,기본!$F$3:$G$320,2,0) -> #N/A | H10: 224 | I10: 2.2037747
B11: 1 | C11: =VLOOKUP(D11,기본!$B$3:$C$90,2,0) -> AV JDM | D11: EASTECH | E11: A5919N_DPNT V | F11: A5919N_DPNT V | G11: =VLOOKUP(E11,기본!$F$3:$G$320,2,0) -> #N/A | H11: 703 | I11: 7.2816708
B12: 1 | C12: =VLOOKUP(D12,기본!$B$3:$C$90,2,0) -> AV JDM | D12: EASTECH | E12: AH81-09783A | F12: A4024_FPN_C(DA) | G12: =VLOOKUP(E12,기본!$F$3:$G$320,2,0) -> #N/A | H12: 4242 | I12: 37.091369
B13: 1 | C13: =VLOOKUP(D13,기본!$B$3:$C$90,2,0) -> AV JDM | D13: EASTECH | E13: AH81-15048C | F13: V220S_BPNA | G13: =VLOOKUP(E13,기본!$F$3:$G$320,2,0) -> #N/A | H13: 6888 | I13: 75.262342
B14: 1 | C14: =VLOOKUP(D14,기본!$B$3:$C$90,2,0) -> AV JDM | D14: EASTECH | E14: AH81-15505A | F14: V220S_MPNA | G14: =VLOOKUP(E14,기본!$F$3:$G$320,2,0) -> #N/A | H14: 7000 | I14: 68.695663
... B1891: 5 | C1891: =VLOOKUP(D1891,기본!$B$3:$C$90,2,0) -> 한화비전 | D1891: 한화비전 | E1891: EP06-001005 | F1891: PN020STCA-NWF(A) | G1891: =VLOOKUP(E1891,기본!$F$3:$G$320,2,0) -> #N/A | H1891: 756 | I1891: 19.188437
C1892: =VLOOKUP(D1892,기본!$B$3:$C$90,2,0) -> #N/A | G1892: =VLOOKUP(E1892,기본!$F$3:$G$320,2,0) -> #N/A
C1893: =VLOOKUP(D1893,기본!$B$3:$C$90,2,0) -> #N/A | G1893: =VLOOKUP(E1893,기본!$F$3:$G$320,2,0) -> #N/A
C1894: =VLOOKUP(D1894,기본!$B$3:$C$90,2,0) -> #N/A | G1894: =VLOOKUP(E1894,기본!$F$3:$G$320,2,0) -> #N/A
C1895: =VLOOKUP(D1895,기본!$B$3:$C$90,2,0) -> #N/A | G1895: =VLOOKUP(E1895,기본!$F$3:$G$320,2,0) -> #N/A
C1896: =VLOOKUP(D1896,기본!$B$3:$C$90,2,0) -> #N/A | G1896: =VLOOKUP(E1896,기본!$F$3:$G$320,2,0) -> #N/A
C1897: =VLOOKUP(D1897,기본!$B$3:$C$90,2,0) -> #N/A | G1897: =VLOOKUP(E1897,기본!$F$3:$G$320,2,0) -> #N/A
C1898: =VLOOKUP(D1898,기본!$B$3:$C$90,2,0) -> #N/A | G1898: =VLOOKUP(E1898,기본!$F$3:$G$320,2,0) -> #N/A
C1899: =VLOOKUP(D1899,기본!$B$3:$C$90,2,0) -> #N/A | G1899: =VLOOKUP(E1899,기본!$F$3:$G$320,2,0) -> #N/A
C1900: =VLOOKUP(D1900,기본!$B$3:$C$90,2,0) -> #N/A | G1900: =VLOOKUP(E1900,기본!$F$3:$G$320,2,0) -> #N/A
C1901: =VLOOKUP(D1901,기본!$B$3:$C$90,2,0) -> #N/A | G1901: =VLOOKUP(E1901,기본!$F$3:$G$320,2,0) -> #N/A
C1902: =VLOOKUP(D1902,기본!$B$3:$C$90,2,0) -> #N/A | G1902: =VLOOKUP(E1902,기본!$F$3:$G$320,2,0) -> #N/A
C1903: =VLOOKUP(D1903,기본!$B$3:$C$90,2,0) -> #N/A | G1903: =VLOOKUP(E1903,기본!$F$3:$G$320,2,0) -> #N/A
... C4579: =VLOOKUP(D4579,기본!$B$3:$C$90,2,0) -> #N/A | G4579: =VLOOKUP(E4579,기본!$F$3:$G$320,2,0) -> #N/A

Sheet 기본
B2: 업체 | C2: 구분 | F2: 제품 | G2: 구분
B3: EASTECH(동아) (혜주) | C3: AV JDM | F3: 1024A | G3: MNT
B4: SAMEX (멕시코) | C4: 삼성 VD | F4: 1024B | G4: MNT
B5: SEH (헝가리) | C5: 삼성 VD | F5: 1066A | G5: TV
B6: SESK (슬로바키아) | C6: 삼성 VD | F6: 1066B | G6: TV
B7: SIEL C (인도) | C7: 삼성 VD | F7: 1098A | G7: MNT
B8: 기타 | C8: 기타 | F8: 1098B | G8: MNT
B9: AUO | C9: MNT JDM | F9: 1117C | G9: TV
B10: BOE | C10: MNT JDM | F10: 1118C | G10: TV
B11: Lite-on | C11: 삼성 VD | F11: 1119C | G11: TV
B12: BUMJIN (혜주) | C12: AV JDM | F12: 1122A | G12: MNT
B13: CORETRONICS | C13: JDM | F13: 1122B | G13: MNT
... B83: Wise | C83: 상품A | F83: BP81-00715A | G83: 기타
F84: BP81-00715D | G84: 기타
F85: BP81-00715E | G85: 기타
F86: BP81-00715F | G86: 기타
F87: BP81-00715D | G87: 기타
F88: BP81-00715E | G88: 기타
F89: BP81-00715G | G89: 기타
F90: BP81-00715H | G90: 기타
F91: BP81-00715J | G91: 기타
F92: V220SB_FPN | G92: AV
F93: V380SW_FPN | G93: AV
F94: 기타 | G94: 기타
F95: BP81-00715K | G95: 기타
... F140: V220S_MPN HF | G140: AV
