Workbook

Sheet 0624
A1: 품번 | B1: 품명 | C1: 06/24(화) | D1: 06/25(수) | E1: 06/26(목) | F1: 06/27(금) | G1: 06/28(토) | H1: 06/29(일) | I1: 06/30(월) | J1: 07/01(화) | K1: 07/02(수) | L1: 07/03(목) | M1: 07/04(금) | N1: 07/05(토) | O1: 07/06(일) | P1: 07/07(월) | Q1: 07/08(화) | R1: 07/09(수) | S1: 07/10(목) | T1: 07/11(금) | U1: 07/12(토) | V1: 07/13(일)
A2: 1229673 | B2: PBA-TOTAL- 아세이(BA20-D) | C2: 0 | D2: 0 | E2: 0 | F2: 0 | G2: 0 | H2: 0 | I2: 0 | J2: 0 | K2: 0 | L2: 0 | M2: 0 | N2: 0 | O2: 0 | P2: 0 | Q2: 200 | R2: 228 | S2: 0 | T2: 172 | U2: 0 | V2: 0
A3: 1230854 | B3: PBA-토탈- 아세이(BA34-A) | C3: 0 | D3: 0 | E3: 0 | F3: 0 | G3: 0 | H3: 0 | I3: 0 | J3: 0 | K3: 0 | L3: 0 | M3: 0 | N3: 0 | O3: 0 | P3: 150 | Q3: 0 | R3: 0 | S3: 0 | T3: 0 | U3: 0 | V3: 0
A4: 1231202 | B4: PBA-파워- 아세이(AP-1019D) | C4: 0 | D4: 0 | E4: 0 | F4: 0 | G4: 0 | H4: 0 | I4: 0 | J4: 0 | K4: 0 | L4: 0 | M4: 0 | N4: 0 | O4: 0 | P4: 0 | Q4: 0 | R4: 0 | S4: 0 | T4: 250 | U4: 0 | V4: 0
A5: 1233492 | B5: PBA-인버터(AD-1221E) | C5: 196 | D5: 576 | E5: 778 | F5: 402 | G5: 0 | H5: 0 | I5: 778 | J5: 778 | K5: 574 | L5: 0 | M5: 0 | N5: 0 | O5: 0 | P5: 0 | Q5: 0 | R5: 0 | S5: 538 | T5: 558 | U5: 0 | V5: 0
A6: 1233498 | B6: PBA-파워- 아세이(AD-1221E) | C6: 196 | D6: 576 | E6: 778 | F6: 402 | G6: 0 | H6: 0 | I6: 778 | J6: 778 | K6: 574 | L6: 0 | M6: 0 | N6: 0 | O6: 0 | P6: 0 | Q6: 0 | R6: 0 | S6: 538 | T6: 558 | U6: 0 | V6: 0
A7: 1233623 | B7: PBA-노이즈필터- 아세이(AD-1221E) | C7: 196 | D7: 576 | E7: 778 | F7: 402 | G7: 0 | H7: 0 | I7: 778 | J7: 778 | K7: 574 | L7: 0 | M7: 0 | N7: 0 | O7: 0 | P7: 0 | Q7: 0 | R7: 0 | S7: 538 | T7: 558 | U7: 0 | V7: 0
A8: 1233632 | B8: PBA-디스플레이- 아세이(CHP-5601N) | C8: 370 | D8: 0 | E8: 0 | F8: 0 | G8: 0 | H8: 0 | I8: 0 | J8: 0 | K8: 0 | L8: 0 | M8: 0 | N8: 0 | O8: 0 | P8: 0 | Q8: 0 | R8: 0 | S8: 0 | T8: 0 | U8: 0 | V8: 0
A9: 1232693 | B9: PBA-플라즈마파워유닛- 아세이(AP-1520C ) | C9: 0 | D9: 0 | E9: 0 | F9: 0 | G9: 0 | H9: 0 | I9: 0 | J9: 0 | K9: 0 | L9: 776 | M9: 660 | N9: 0 | O9: 0 | P9: 76 | Q9: 0 | R9: 0 | S9: 0 | T9: 0 | U9: 0 | V9: 0
A10: 1233025 | B10: PBA-메인- 아세이(AP-1520C) | C10: 0 | D10: 0 | E10: 0 | F10: 0 | G10: 0 | H10: 0 | I10: 0 | J10: 0 | K10: 0 | L10: 776 | M10: 660 | N10: 0 | O10: 0 | P10: 76 | Q10: 0 | R10: 0 | S10: 0 | T10: 0 | U10: 0 | V10: 0
A11: 1235623 | B11: PBA-SMPS- 아세이(CHP-7211N_WT,일본향) | C11: 0 | D11: 0 | E11: 0 | F11: 0 | G11: 0 | H11: 0 | I11: 0 | J11: 810 | K11: 126 | L11: 0 | M11: 0 | N11: 0 | O11: 0 | P11: 792 | Q11: 934 | R11: 734 | S11: 764 | T11: 0 | U11: 0 | V11: 0
A12: 1237088 | B12: PBA-파워- 아세이(BAS40-A) | C12: 1156 | D12: 826 | E12: 898 | F12: 448 | G12: 0 | H12: 0 | I12: 1092 | J12: 1212 | K12: 1130 | L12: 1274 | M12: 756 | N12: 0 | O12: 0 | P12: 86 | Q12: 0 | R12: 0 | S12: 636 | T12: 228 | U12: 0 | V12: 0
A13: 1237765 | B13: PBA-SMPS- 아세이(CHP-7211N,대만향) | C13: 0 | D13: 0 | E13: 0 | F13: 0 | G13: 0 | H13: 0 | I13: 0 | J13: 0 | K13: 200 | L13: 0 | M13: 0 | N13: 0 | O13: 0 | P13: 0 | Q13: 0 | R13: 0 | S13: 0 | T13: 0 | U13: 0 | V13: 0
... A25: 1239988 | B25: PBA-파워- 아세이(CHPI-7430N ) | C25: 0 | D25: 300 | E25: 0 | F25: 0 | G25: 0 | H25: 0 | I25: 0 | J25: 0 | K25: 0 | L25: 0 | M25: 0 | N25: 0 | O25: 0 | P25: 0 | Q25: 0 | R25: 0 | S25: 0 | T25: 0 | U25: 0 | V25: 0
A38: 품번 | B38: 품명 | C38: 06/24(화) | D38: 06/25(수) | E38: 06/26(목) | F38: 06/27(금) | G38: 06/28(토) | H38: 06/29(일) | I38: 06/30(월) | J38: 07/01(화) | K38: 07/02(수) | L38: 07/03(목) | M38: 07/04(금) | N38: 07/05(토) | O38: 07/06(일) | P38: 07/07(월) | Q38: 07/08(화) | R38: 07/09(수) | S38: 07/10(목) | T38: 07/11(금) | U38: 07/12(토) | V38: 07/13(일)
A39: 1237608 | B39: PBA-SMPS- 아세이(PU-300) | C39: 518 | D39: 692 | E39: 90 | F39: 0 | G39: 0 | H39: 0 | I39: 0 | J39: 0 | K39: 0 | L39: 0 | M39: 0 | N39: 0 | O39: 0 | P39: 0 | Q39: 0 | R39: 0 | S39: 0 | T39: 0 | U39: 0 | V39: 0
A40: 1232846 | B40: PBA-프론트- 아세이(P-6320L) | C40: 199 | D40: 0 | E40: 0 | F40: 0 | G40: 0 | H40: 0 | I40: 0 | J40: 0 | K40: 0 | L40: 0 | M40: 0 | N40: 0 | O40: 0 | P40: 365 | Q40: 448 | R40: 87 | S40: 0 | T40: 0 | U40: 0 | V40: 0
A41: 1232895 | B41: PBA-메인- 아세이(P-6320L) | C41: 199 | D41: 0 | E41: 0 | F41: 0 | G41: 0 | H41: 0 | I41: 0 | J41: 0 | K41: 0 | L41: 0 | M41: 0 | N41: 0 | O41: 0 | P41: 365 | Q41: 448 | R41: 87 | S41: 0 | T41: 0 | U41: 0 | V41: 0
A42: 1233384 | B42: 아답터(P-6320L) | C42: 199 | D42: 0 | E42: 0 | F42: 0 | G42: 0 | H42: 0 | I42: 0 | J42: 0 | K42: 0 | L42: 0 | M42: 0 | N42: 0 | O42: 0 | P42: 365 | Q42: 448 | R42: 87 | S42: 0 | T42: 0 | U42: 0 | V42: 0
A43: 1236110 | B43: PBA-파워(PU-600A) | C43: 333 | D43: 0 | E43: 0 | F43: 0 | G43: 0 | H43: 0 | I43: 0 | J43: 0 | K43: 0 | L43: 0 | M43: 0 | N43: 0 | O43: 0 | P43: 0 | Q43: 0 | R43: 0 | S43: 0 | T43: 0 | U43: 0 | V43: 0
A44: 1232775 | B44: PBA-파워- 아세이(AP-2021A) | C44: 159 | D44: 240 | E44: 229 | F44: 0 | G44: 0 | H44: 0 | I44: 119 | J44: 312 | K44: 243 | L44: 312 | M44: 312 | N44: 0 | O44: 0 | P44: 34 | Q44: 106 | R44: 415 | S44: 560 | T44: 243 | U44: 0 | V44: 0
A45: 1238605 | B45: PBA-파워- 아세이(AP-3024H) | C45: 0 | D45: 0 | E45: 92 | F45: 0 | G45: 0 | H45: 0 | I45: 74 | J45: 192 | K45: 150 | L45: 189 | M45: 191 | N45: 0 | O45: 0 | P45: 189 | Q45: 115 | R45: 0 | S45: 0 | T45: 0 | U45: 0 | V45: 0
A46: 1230685 | B46: PBA-파워- 아세이(AP-1519B) | C46: 0 | D46: 0 | E46: 0 | F46: 0 | G46: 0 | H46: 0 | I46: 0 | J46: 0 | K46: 0 | L46: 0 | M46: 0 | N46: 0 | O46: 0 | P46: 0 | Q46: 0 | R46: 0 | S46: 50 | T46: 250 | U46: 0 | V46: 0
A54: 품번 | B54: 품명 | C54: 06/24(화) | D54: 06/25(수) | E54: 06/26(목) | F54: 06/27(금) | G54: 06/28(토) | H54: 06/29(일) | I54: 06/30(월) | J54: 07/01(화) | K54: 07/02(수) | L54: 07/03(목) | M54: 07/04(금) | N54: 07/05(토) | O54: 07/06(일) | P54: 07/07(월) | Q54: 07/08(화) | R54: 07/09(수) | S54: 07/10(목) | T54: 07/11(금) | U54: 07/12(토) | V54: 07/13(일)
A55: 1234614 | B55: PBA-메인- 아세이(CHP-261N 일본향) | C55: 300 | D55: 0 | E55: 0 | F55: 0 | G55: 0 | H55: 0 | I55: 0 | J55: 324 | K55: 0 | L55: 0 | M55: 0 | N55: 0 | O55: 0 | P55: 600 | Q55: 500 | R55: 0 | S55: 0 | T55: 0 | U55: 0 | V55: 0
A56: 1221967 | B56: PBA-SMPS- 아세이(CHP-06ER, ERP(35W)) | C56: 0 | D56: 0 | E56: 0 | F56: 0 | G56: 0 | H56: 0 | I56: 0 | J56: 0 | K56: 0 | L56: 307 | M56: 0 | N56: 0 | O56: 0 | P56: 0 | Q56: 0 | R56: 0 | S56: 0 | T56: 0 | U56: 0 | V56: 0
A57: 1227306 | B57: PBA-파워V2- 아세이(CHPI-620L) | C57: 200 | D57: 0 | E57: 0 | F57: 0 | G57: 0 | H57: 0 | I57: 0 | J57: 270 | K57: 361 | L57: 500 | M57: 0 | N57: 0 | O57: 0 | P57: 0 | Q57: 350 | R57: 0 | S57: 0 | T57: 0 | U57: 0 | V57: 0
A58: 1225464 | B58: PBA-파워- 아세이(AP-1516D) | C58: 0 | D58: 0 | E58: 0 | F58: 0 | G58: 0 | H58: 0 | I58: 0 | J58: 0 | K58: 0 | L58: 0 | M58: 200 | N58: 0 | O58: 0 | P58: 0 | Q58: 0 | R58: 0 | S58: 0 | T58: 0 | U58: 0 | V58: 0
A59: 1229776 | B59: PBA-필터(CHP-5700R) | C59: 0 | D59: 0 | E59: 0 | F59: 0 | G59: 0 | H59: 0 | I59: 0 | J59: 0 | K59: 0 | L59: 210 | M59: 0 | N59: 0 | O59: 0 | P59: 0 | Q59: 150 | R59: 0 | S59: 0 | T59: 0 | U59: 0 | V59: 0
A60: 1231090 | B60: PBA-SMPS(CHP-5700R) | C60: 0 | D60: 0 | E60: 0 | F60: 0 | G60: 0 | H60: 0 | I60: 0 | J60: 0 | K60: 0 | L60: 210 | M60: 0 | N60: 0 | O60: 0 | P60: 0 | Q60: 150 | R60: 0 | S60: 0 | T60: 0 | U60: 0 | V60: 0
A61: 1229088 | B61: PBA-파워- 아세이(AP-3018B) | C61: 0 | D61: 0 | E61: 0 | F61: 0 | G61: 0 | H61: 0 | I61: 0 | J61: 0 | K61: 0 | L61: 0 | M61: 0 | N61: 0 | O61: 0 | P61: 150 | Q61: 0 | R61: 0 | S61: 0 | T61: 0 | U61: 0 | V61: 0
A62: 1231860 | B62: PBA-SMPS- 아세이(CPSI-8510L) | C62: 0 | D62: 0 | E62: 0 | F62: 0 | G62: 0 | H62: 0 | I62: 0 | J62: 0 | K62: 0 | L62: 0 | M62: 0 | N62: 0 | O62: 0 | P62: 0 | Q62: 100 | R62: 0 | S62: 0 | T62: 0 | U62: 0 | V62: 0
A63: 1231578 | B63: PBA-SMPS- 아세이(CHP-6200N) | C63: 0 | D63: 0 | E63: 200 | F63: 0 | G63: 0 | H63: 0 | I63: 0 | J63: 0 | K63: 0 | L63: 0 | M63: 0 | N63: 0 | O63: 0 | P63: 0 | Q63: 0 | R63: 0 | S63: 0 | T63: 0 | U63: 0 | V63: 0
A64: 1234222 | B64: PBA-파워- 아세이(AP-1520D_JP) | C64: 0 | D64: 0 | E64: 0 | F64: 0 | G64: 0 | H64: 0 | I64: 0 | J64: 0 | K64: 0 | L64: 0 | M64: 0 | N64: 0 | O64: 0 | P64: 424 | Q64: 0 | R64: 0 | S64: 0 | T64: 0 | U64: 0 | V64: 0
A65: 1232528 | B65: PBA-메인- 아세이(CHP-264L) | C65: 600 | D65: 295 | E65: 589 | F65: 429 | G65: 0 | H65: 0 | I65: 600 | J65: 600 | K65: 471 | L65: 1170 | M65: 1045 | N65: 0 | O65: 0 | P65: 1256 | Q65: 1400 | R65: 1271 | S65: 1400 | T65: 2054 | U65: 0 | V65: 0
A66: 1232553 | B66: PBA-메인- 아세이(CHP-6310 일본향) | C66: 0 | D66: 0 | E66: 0 | F66: 0 | G66: 0 | H66: 0 | I66: 0 | J66: 108 | K66: 0 | L66: 0 | M66: 0 | N66: 0 | O66: 0 | P66: 0 | Q66: 0 | R66: 0 | S66: 0 | T66: 0 | U66: 0 | V66: 0
A67: 1232846 | B67: PBA-프론트- 아세이(P-6320L) | C67: 0 | D67: 0 | E67: 146 | F67: 46 | G67: 0 | H67: 0 | I67: 0 | J67: 0 | K67: 0 | L67: 0 | M67: 0 | N67: 0 | O67: 0 | P67: 746 | Q67: 1000 | R67: 1000 | S67: 1000 | T67: 500 | U67: 0
A68: 1229050 | B68: PBA-파워V2(CHPI-620L)- 아세이(CHPI-620L) | C68: 0 | D68: 0 | E68: 0 | F68: 0 | G68: 0 | H68: 0 | I68: 0 | J68: 0 | K68: 0 | L68: 0 | M68: 0 | N68: 0 | O68: 0 | P68: 0 | Q68: 0 | R68: 0 | S68: 120 | T68: 0 | U68: 0 | V68: 0
A69: 1220847 | B69: PBA-SMPS(CHP-670, ERP(35W)) | C69: 0 | D69: 0 | E69: 0 | F69: 0 | G69: 0 | H69: 0 | I69: 0 | J69: 0 | K69: 0 | L69: 0 | M69: 0 | N69: 0 | O69: 0 | P69: 0 | Q69: 0 | R69: 450 | S69: 500 | T69: 500 | U69: 0 | V69: 0
A70: 1225801 | B70: PBA-SMPS(CHP-480L) | C70: 220 | D70: 0 | E70: 0 | F70: 0 | G70: 0 | H70: 0 | I70: 0 | J70: 0 | K70: 0 | L70: 0 | M70: 0 | N70: 0 | O70: 0 | P70: 0 | Q70: 0 | R70: 0 | S70: 0 | T70: 0 | U70: 0 | V70: 0
A71: 1235097 | B71: PBA-파워(CHPI-5810L) | C71: 0 | D71: 168 | E71: 343 | F71: 38 | G71: 0 | H71: 0 | I71: 0 | J71: 0 | K71: 0 | L71: 0 | M71: 269 | N71: 0 | O71: 0 | P71: 343 | Q71: 343 | R71: 269 | S71: 300 | T71: 0 | U71: 0 | V71: 0
A72: 1232775 | B72: PBA-파워- 아세이(AP-2021A) | C72: 0 | D72: 80 | E72: 0 | F72: 0 | G72: 0 | H72: 0 | I72: 0 | J72: 90 | K72: 400 | L72: 400 | M72: 0 | N72: 0 | O72: 0 | P72: 400 | Q72: 400 | R72: 0 | S72: 0 | T72: 0 | U72: 0 | V72: 0
A73: 1235845 | B73: PBA-메인 CHP 아세이(CHP-6310 유럽향) | C73: 0 | D73: 0 | E73: 0 | F73: 477 | G73: 0 | H73: 0 | I73: 622 | J73: 101 | K73: 0 | L73: 0 | M73: 0 | N73: 0 | O73: 0 | P73: 0 | Q73: 0 | R73: 0 | S73: 0 | T73: 0 | U73: 0 | V73: 0
A74: 1236600 | B74: PBA-SMPS(CHP-6330L) | C74: 0 | D74: 0 | E74: 0 | F74: 0 | G74: 0 | H74: 0 | I74: 0 | J74: 0 | K74: 0 | L74: 0 | M74: 0 | N74: 0 | O74: 0 | P74: 0 | Q74: 0 | R74: 546 | S74: 600 | T74: 600 | U74: 0 | V74: 0
A75: 1236930 | B75: PBA-SMPS- 아세이(CHPI-7520L) | C75: 326 | D75: 160 | E75: 321 | F75: 261 | G75: 0 | H75: 0 | I75: 336 | J75: 336 | K75: 159 | L75: 0 | M75: 0 | N75: 0 | O75: 0 | P75: 780 | Q75: 640 | R75: 1300 | S75: 1300 | T75: 1400 | U75: 0 | V75: 0
A76: 1232982 | B76: PBA(CHP-6200N) | C76: 0 | D76: 0 | E76: 150 | F76: 0 | G76: 0 | H76: 0 | I76: 0 | J76: 0 | K76: 0 | L76: 0 | M76: 0 | N76: 0 | O76: 0 | P76: 0 | Q76: 0 | R76: 0 | S76: 0 | T76: 0 | U76: 0 | V76: 0
A77: 1234905 | B77: PBA-파워(CHPI-7400N) | C77: 0 | D77: 0 | E77: 0 | F77: 0 | G77: 0 | H77: 0 | I77: 0 | J77: 473 | K77: 443 | L77: 864 | M77: 671 | N77: 0 | O77: 0 | P77: 500 | Q77: 500 | R77: 400 | S77: 400 | T77: 0 | U77: 0 | V77: 0
A78: 1238480 | B78: PBA-SMPS(CHP-7320L) | C78: 1050 | D78: 640 | E78: 1166 | F78: 635 | G78: 0 | H78: 0 | I78: 1272 | J78: 1330 | K78: 1304 | L78: 894 | M78: 268 | N78: 0 | O78: 0 | P78: 1651 | Q78: 2566 | R78: 1963 | S78: 1976 | T78: 4386 | U78: 0 | V78: 0
A79: 1215693 | B79: PBA-파워로워- 아세이(AP-3008FH,미주/일본향) | C79: 0 | D79: 0 | E79: 0 | F79: 74 | G79: 0 | H79: 0 | I79: 86 | J79: 0 | K79: 0 | L79: 0 | M79: 0 | N79: 0 | O79: 0 | P79: 0 | Q79: 0 | R79: 0 | S79: 0 | T79: 0 | U79: 0 | V79: 0
... A87: 1238092 | B87: PBA-SMPS- 아세이(CHP-3140N_BG,싱가포르향) | C87: 0 | D87: 0 | E87: 0 | F87: 0 | G87: 0 | H87: 0 | I87: 0 | J87: 0 | K87: 0 | L87: 0 | M87: 11 | N87: 0 | O87: 0 | P87: 0 | Q87: 0 | R87: 0 | S87: 0 | T87: 0 | U87: 0 | V87: 0

Sheet 0625
A1: 품번 | B1: 품명 | C1: 06/25(수) | D1: 06/26(목) | E1: 06/27(금) | F1: 06/28(토) | G1: 06/29(일) | H1: 06/30(월) | I1: 07/01(화) | J1: 07/02(수) | K1: 07/03(목) | L1: 07/04(금) | M1: 07/05(토) | N1: 07/06(일) | O1: 07/07(월) | P1: 07/08(화) | Q1: 07/09(수) | R1: 07/10(목) | S1: 07/11(금) | T1: 07/12(토) | U1: 07/13(일)
A2: 1229673 | B2: PBA-TOTAL- 아세이(BA20-D) | C2: 0 | D2: 0 | E2: 0 | F2: 0 | G2: 0 | H2: 0 | I2: 0 | J2: 0 | K2: 0 | L2: 0 | M2: 0 | N2: 0 | O2: 0 | P2: 200 | Q2: 228 | R2: 0 | S2: 172 | T2: 0 | U2: 0
A3: 1230854 | B3: PBA-토탈- 아세이(BA34-A) | C3: 0 | D3: 0 | E3: 0 | F3: 0 | G3: 0 | H3: 0 | I3: 0 | J3: 0 | K3: 0 | L3: 0 | M3: 0 | N3: 0 | O3: 150 | P3: 0 | Q3: 0 | R3: 0 | S3: 0 | T3: 0 | U3: 0
A4: 1231202 | B4: PBA-파워- 아세이(AP-1019D) | C4: 0 | D4: 0 | E4: 0 | F4: 0 | G4: 0 | H4: 0 | I4: 0 | J4: 0 | K4: 0 | L4: 0 | M4: 0 | N4: 0 | O4: 0 | P4: 0 | Q4: 0 | R4: 0 | S4: 250 | T4: 0 | U4: 0
A5: 1233492 | B5: PBA-인버터(AD-1221E) | C5: 576 | D5: 778 | E5: 402 | F5: 0 | G5: 0 | H5: 582 | I5: 778 | J5: 574 | K5: 0 | L5: 0 | M5: 0 | N5: 0 | O5: 0 | P5: 0 | Q5: 0 | R5: 538 | S5: 558 | T5: 0 | U5: 0
A6: 1233498 | B6: PBA-파워- 아세이(AD-1221E) | C6: 576 | D6: 778 | E6: 402 | F6: 0 | G6: 0 | H6: 582 | I6: 778 | J6: 574 | K6: 0 | L6: 0 | M6: 0 | N6: 0 | O6: 0 | P6: 0 | Q6: 0 | R6: 538 | S6: 558 | T6: 0 | U6: 0
A7: 1233623 | B7: PBA-노이즈필터- 아세이(AD-1221E) | C7: 576 | D7: 778 | E7: 402 | F7: 0 | G7: 0 | H7: 582 | I7: 778 | J7: 574 | K7: 0 | L7: 0 | M7: 0 | N7: 0 | O7: 0 | P7: 0 | Q7: 0 | R7: 538 | S7: 558 | T7: 0 | U7: 0
A8: 1232693 | B8: PBA-플라즈마파워유닛- 아세이(AP-1520C ) | C8: 0 | D8: 0 | E8: 0 | F8: 0 | G8: 0 | H8: 0 | I8: 0 | J8: 0 | K8: 776 | L8: 660 | M8: 0 | N8: 0 | O8: 76 | P8: 0 | Q8: 0 | R8: 0 | S8: 0 | T8: 0 | U8: 0
A9: 1233025 | B9: PBA-메인- 아세이(AP-1520C) | C9: 0 | D9: 0 | E9: 0 | F9: 0 | G9: 0 | H9: 0 | I9: 0 | J9: 0 | K9: 776 | L9: 660 | M9: 0 | N9: 0 | O9: 76 | P9: 0 | Q9: 0 | R9: 0 | S9: 0 | T9: 0 | U9: 0
A10: 1235623 | B10: PBA-SMPS- 아세이(CHP-7211N_WT,일본향) | C10: 0 | D10: 0 | E10: 0 | F10: 0 | G10: 0 | H10: 0 | I10: 810 | J10: 126 | K10: 0 | L10: 0 | M10: 0 | N10: 0 | O10: 792 | P10: 934 | Q10: 734 | R10: 764 | S10: 0 | T10: 0 | U10: 0
A11: 1237088 | B11: PBA-파워- 아세이(BAS40-A) | C11: 826 | D11: 898 | E11: 448 | F11: 0 | G11: 0 | H11: 1092 | I11: 1212 | J11: 1130 | K11: 1274 | L11: 756 | M11: 0 | N11: 0 | O11: 86 | P11: 0 | Q11: 0 | R11: 636 | S11: 228 | T11: 0 | U11: 0
H12: 264
A13: 1237765 | B13: PBA-SMPS- 아세이(CHP-7211N,대만향) | C13: 0 | D13: 0 | E13: 0 | F13: 0 | G13: 0 | H13: 0 | I13: 0 | J13: 200 | K13: 0 | L13: 0 | M13: 0 | N13: 0 | O13: 0 | P13: 0 | Q13: 0 | R13: 0 | S13: 0 | T13: 0 | U13: 0
A14: 1237748 | B14: PBA-SMPS- 아세이(CHP-1201N) | C14: 0 | D14: 0 | E14: 0 | F14: 0 | G14: 0 | H14: 0 | I14: 0 | J14: 344 | K14: 20 | L14: 0 | M14: 0 | N14: 0 | O14: 0 | P14: 0 | Q14: 0 | R14: 0 | S14: 0 | T14: 0 | U14: 0
A15: 1231898 | B15: PBA-컨트롤- 아세이(BA36-A) | C15: 0 | D15: 0 | E15: 0 | F15: 0 | G15: 0 | H15: 0 | I15: 0 | J15: 0 | K15: 0 | L15: 0 | M15: 0 | N15: 0 | O15: 0 | P15: 740 | Q15: 580 | R15: 480 | S15: 550 | T15: 0 | U15: 0
A16: 1237586 | B16: PBA-토탈- 아세이(BA36-B) | C16: 0 | D16: 0 | E16: 0 | F16: 0 | G16: 0 | H16: 0 | I16: 0 | J16: 0 | K16: 0 | L16: 0 | M16: 0 | N16: 0 | O16: 0 | P16: 740 | Q16: 580 | R16: 480 | S16: 550 | T16: 0 | U16: 0
A17: 1236091 | B17: PBA-파워- 아세이(BAS25-A) | C17: 0 | D17: 300 | E17: 0 | F17: 0 | G17: 0 | H17: 0 | I17: 0 | J17: 0 | K17: 0 | L17: 0 | M17: 0 | N17: 0 | O17: 0 | P17: 0 | Q17: 0 | R17: 0 | S17: 0 | T17: 0 | U17: 0
A18: 1234905 | B18: PBA-파워(CHPI-7400N) | C18: 354 | D18: 410 | E18: 212 | F18: 0 | G18: 0 | H18: 762 | I18: 460 | J18: 50 | K18: 0 | L18: 0 | M18: 0 | N18: 0 | O18: 0 | P18: 0 | Q18: 0 | R18: 0 | S18: 0 | T18: 0 | U18: 0
A19: 1238128 | B19: PBA-SMPS(CHP-6210N,말련향) | C19: 104 | D19: 872 | E19: 580 | F19: 0 | G19: 0 | H19: 114 | I19: 0 | J19: 94 | K19: 1016 | L19: 826 | M19: 0 | N19: 0 | O19: 539 | P19: 50 | Q19: 0 | R19: 66 | S19: 510 | T19: 0 | U19: 0
A20: 1236962 | B20: PBA-파워- 아세이(BAS37-B) | C20: 218 | D20: 274 | E20: 274 | F20: 0 | G20: 0 | H20: 300 | I20: 200 | J20: 0 | K20: 136 | L20: 166 | M20: 0 | N20: 0 | O20: 300 | P20: 300 | Q20: 300 | R20: 300 | S20: 0 | T20: 0 | U20: 0
A21: 1233761 | B21: PBA-파워- 아세이(BAS38-A) | C21: 0 | D21: 0 | E21: 0 | F21: 0 | G21: 0 | H21: 0 | I21: 0 | J21: 0 | K21: 0 | L21: 0 | M21: 0 | N21: 0 | O21: 100 | P21: 0 | Q21: 0 | R21: 100 | S21: 200 | T21: 0 | U21: 0
A22: 1239651 | B22: PBA-파워- 아세이(BAS47-A) | C22: 0 | D22: 0 | E22: 0 | F22: 0 | G22: 0 | H22: 0 | I22: 0 | J22: 0 | K22: 0 | L22: 100 | M22: 0 | N22: 0 | O22: 450 | P22: 300 | Q22: 100 | R22: 0 | S22: 300 | T22: 0 | U22: 0
A23: 1240180 | B23: PBA-SMPS- 아세이(CHPI-7410N) | C23: 0 | D23: 0 | E23: 0 | F23: 0 | G23: 0 | H23: 0 | I23: 0 | J23: 100 | K23: 0 | L23: 0 | M23: 0 | N23: 0 | O23: 0 | P23: 284 | Q23: 422 | R23: 664 | S23: 664 | T23: 0 | U23: 0
A24: 1240184 | B24: PBA-히터- 아세이(CHPI-7410N) | C24: 0 | D24: 0 | E24: 0 | F24: 0 | G24: 0 | H24: 0 | I24: 0 | J24: 60 | K24: 0 | L24: 0 | M24: 0 | N24: 0 | O24: 0 | P24: 284 | Q24: 422 | R24: 474 | S24: 324 | T24: 0 | U24: 0
A25: 1239988 | B25: PBA-파워- 아세이(CHPI-7430N ) | C25: 300 | D25: 0 | E25: 0 | F25: 0 | G25: 0 | H25: 0 | I25: 0 | J25: 0 | K25: 0 | L25: 0 | M25: 0 | N25: 0 | O25: 0 | P25: 0 | Q25: 0 | R25: 0 | S25: 0 | T25: 0 | U25: 0
A31: 품번 | B31: 품명 | C31: 06/25(수) | D31: 06/26(목) | E31: 06/27(금) | F31: 06/28(토) | G31: 06/29(일) | H31: 06/30(월) | I31: 07/01(화) | J31: 07/02(수) | K31: 07/03(목) | L31: 07/04(금) | M31: 07/05(토) | N31: 07/06(일) | O31: 07/07(월) | P31: 07/08(화) | Q31: 07/09(수) | R31: 07/10(목) | S31: 07/11(금) | T31: 07/12(토) | U31: 07/13(일)
A32: 1237608 | B32: PBA-SMPS- 아세이(PU-300) | C32: 692 | D32: 90 | E32: 0 | F32: 0 | G32: 0 | H32: 0 | I32: 0 | J32: 0 | K32: 0 | L32: 0 | M32: 0 | N32: 0 | O32: 0 | P32: 0 | Q32: 0 | R32: 0 | S32: 0 | T32: 0 | U32: 0
A33: 1232846 | B33: PBA-프론트- 아세이(P-6320L) | C33: 0 | D33: 0 | E33: 0 | F33: 0 | G33: 0 | H33: 0 | I33: 0 | J33: 0 | K33: 0 | L33: 0 | M33: 0 | N33: 0 | O33: 365 | P33: 448 | Q33: 87 | R33: 0 | S33: 0 | T33: 0 | U33: 0
A34: 1232895 | B34: PBA-메인- 아세이(P-6320L) | C34: 0 | D34: 0 | E34: 0 | F34: 0 | G34: 0 | H34: 0 | I34: 0 | J34: 0 | K34: 0 | L34: 0 | M34: 0 | N34: 0 | O34: 365 | P34: 448 | Q34: 87 | R34: 0 | S34: 0 | T34: 0 | U34: 0
A35: 1233384 | B35: 아답터(P-6320L) | C35: 0 | D35: 0 | E35: 0 | F35: 0 | G35: 0 | H35: 0 | I35: 0 | J35: 0 | K35: 0 | L35: 0 | M35: 0 | N35: 0 | O35: 365 | P35: 448 | Q35: 87 | R35: 0 | S35: 0 | T35: 0 | U35: 0
A36: 1232775 | B36: PBA-파워- 아세이(AP-2021A) | C36: 240 | D36: 229 | E36: 0 | F36: 0 | G36: 0 | H36: 119 | I36: 312 | J36: 243 | K36: 312 | L36: 309 | M36: 0 | N36: 0 | O36: 34 | P36: 106 | Q36: 415 | R36: 560 | S36: 243 | T36: 0 | U36: 0
A37: 1238605 | B37: PBA-파워- 아세이(AP-3024H) | C37: 0 | D37: 92 | E37: 0 | F37: 0 | G37: 0 | H37: 74 | I37: 192 | J37: 150 | K37: 189 | L37: 191 | M37: 0 | N37: 0 | O37: 189 | P37: 115 | Q37: 0 | R37: 0 | S37: 0 | T37: 0 | U37: 0
A38: 1230685 | B38: PBA-파워- 아세이(AP-1519B) | C38: 0 | D38: 0 | E38: 0 | F38: 0 | G38: 0 | H38: 0 | I38: 0 | J38: 0 | K38: 0 | L38: 0 | M38: 0 | N38: 0 | O38: 0 | P38: 0 | Q38: 0 | R38: 50 | S38: 250 | T38: 0 | U38: 0
A47: 품번 | B47: 품명 | C47: 06/25(수) | D47: 06/26(목) | E47: 06/27(금) | F47: 06/28(토) | G47: 06/29(일) | H47: 06/30(월) | I47: 07/01(화) | J47: 07/02(수) | K47: 07/03(목) | L47: 07/04(금) | M47: 07/05(토) | N47: 07/06(일) | O47: 07/07(월) | P47: 07/08(화) | Q47: 07/09(수) | R47: 07/10(목) | S47: 07/11(금) | T47: 07/12(토) | U47: 07/13(일)
A48: 1234614 | B48: PBA-메인- 아세이(CHP-261N 일본향) | C48: 0 | D48: 0 | E48: 0 | F48: 0 | G48: 0 | H48: 0 | I48: 324 | J48: 0 | K48: 0 | L48: 0 | M48: 0 | N48: 0 | O48: 0 | P48: 0 | Q48: 0 | R48: 98 | S48: 730 | T48: 0 | U48: 0
A49: 1221967 | B49: PBA-SMPS- 아세이(CHP-06ER, ERP(35W)) | C49: 0 | D49: 0 | E49: 0 | F49: 0 | G49: 0 | H49: 0 | I49: 0 | J49: 0 | K49: 263 | L49: 44 | M49: 0 | N49: 0 | O49: 0 | P49: 0 | Q49: 0 | R49: 0 | S49: 0 | T49: 0 | U49: 0
A50: 1227306 | B50: PBA-파워V2- 아세이(CHPI-620L) | C50: 0 | D50: 0 | E50: 0 | F50: 0 | G50: 0 | H50: 0 | I50: 270 | J50: 383 | K50: 483 | L50: 64 | M50: 0 | N50: 0 | O50: 0 | P50: 0 | Q50: 350 | R50: 300 | S50: 0 | T50: 0 | U50: 0
A51: 1225464 | B51: PBA-파워- 아세이(AP-1516D) | C51: 0 | D51: 0 | E51: 0 | F51: 0 | G51: 0 | H51: 0 | I51: 0 | J51: 0 | K51: 0 | L51: 175 | M51: 0 | N51: 0 | O51: 25 | P51: 0 | Q51: 0 | R51: 0 | S51: 0 | T51: 0 | U51: 0
A52: 1229776 | B52: PBA-필터(CHP-5700R) | C52: 0 | D52: 0 | E52: 0 | F52: 0 | G52: 0 | H52: 0 | I52: 0 | J52: 0 | K52: 210 | L52: 0 | M52: 0 | N52: 0 | O52: 0 | P52: 150 | Q52: 0 | R52: 0 | S52: 0 | T52: 0 | U52: 0
A53: 1231090 | B53: PBA-SMPS(CHP-5700R) | C53: 0 | D53: 0 | E53: 0 | F53: 0 | G53: 0 | H53: 0 | I53: 0 | J53: 0 | K53: 210 | L53: 0 | M53: 0 | N53: 0 | O53: 0 | P53: 150 | Q53: 0 | R53: 0 | S53: 0 | T53: 0 | U53: 0
A54: 1229088 | B54: PBA-파워- 아세이(AP-3018B) | C54: 0 | D54: 0 | E54: 0 | F54: 0 | G54: 0 | H54: 0 | I54: 0 | J54: 0 | K54: 0 | L54: 0 | M54: 0 | N54: 0 | O54: 150 | P54: 0 | Q54: 0 | R54: 0 | S54: 0 | T54: 0 | U54: 0
A55: 1231860 | B55: PBA-SMPS- 아세이(CPSI-8510L) | C55: 0 | D55: 0 | E55: 0 | F55: 0 | G55: 0 | H55: 0 | I55: 0 | J55: 0 | K55: 0 | L55: 0 | M55: 0 | N55: 0 | O55: 0 | P55: 100 | Q55: 0 | R55: 0 | S55: 0 | T55: 0 | U55: 0
A56: 1231578 | B56: PBA-SMPS- 아세이(CHP-6200N) | C56: 0 | D56: 200 | E56: 0 | F56: 0 | G56: 0 | H56: 0 | I56: 0 | J56: 0 | K56: 0 | L56: 0 | M56: 0 | N56: 0 | O56: 400 | P56: 0 | Q56: 0 | R56: 0 | S56: 0 | T56: 0 | U56: 0
A57: 1234222 | B57: PBA-파워- 아세이(AP-1520D_JP) | C57: 0 | D57: 0 | E57: 0 | F57: 0 | G57: 0 | H57: 0 | I57: 0 | J57: 0 | K57: 0 | L57: 0 | M57: 0 | N57: 0 | O57: 0 | P57: 0 | Q57: 0 | R57: 0 | S57: 424 | T57: 0 | U57: 0
A58: 1232528 | B58: PBA-메인- 아세이(CHP-264L) | C58: 295 | D58: 589 | E58: 429 | F58: 0 | G58: 0 | H58: 600 | I58: 600 | J58: 471 | K58: 2060 | L58: 1085 | M58: 0 | N58: 0 | O58: 1330 | P58: 1330 | Q58: 511 | R58: 600 | S58: 1727 | T58: 0 | U58: 0
A59: 1232553 | B59: PBA-메인- 아세이(CHP-6310 일본향) | C59: 0 | D59: 0 | E59: 0 | F59: 0 | G59: 0 | H59: 0 | I59: 108 | J59: 0 | K59: 0 | L59: 0 | M59: 0 | N59: 0 | O59: 0 | P59: 0 | Q59: 0 | R59: 0 | S59: 0 | T59: 0 | U59: 0
... A74: 1238092 | B74: PBA-SMPS- 아세이(CHP-3140N_BG,싱가포르향) | C74: 0 | D74: 0 | E74: 0 | F74: 0 | G74: 0 | H74: 0 | I74: 0 | J74: 0 | K74: 11 | L74: 0 | M74: 0 | N74: 0 | O74: 0 | P74: 0 | Q74: 0 | R74: 0 | S74: 0 | T74: 0 | U74: 0

Sheet 0626
A1: 품번 | B1: 품명 | C1: 구분 | D1: 06/26(목) | E1: 06/27(금) | F1: 06/28(토) | G1: 06/29(일) | H1: 06/30(월) | I1: 07/01(화) | J1: 07/02(수) | K1: 07/03(목) | L1: 07/04(금) | M1: 07/05(토) | N1: 07/06(일) | O1: 07/07(월) | P1: 07/08(화) | Q1: 07/09(수) | R1: 07/10(목) | S1: 07/11(금) | T1: 07/12(토) | U1: 07/13(일)
A2: 1229673 | B2: PBA-TOTAL- 아세이(BA20-D) | C2: 합계 | D2: 0 | E2: 0 | F2: 0 | G2: 0 | H2: 0 | I2: 0 | J2: 0 | K2: 0 | L2: 0 | M2: 0 | N2: 0 | O2: 0 | P2: 200 | Q2: 228 | R2: 0 | S2: 172 | T2: 0 | U2: 0
A3: 1230854 | B3: PBA-토탈- 아세이(BA34-A) | C3: 합계 | D3: 0 | E3: 0 | F3: 0 | G3: 0 | H3: 0 | I3: 0 | J3: 0 | K3: 0 | L3: 0 | M3: 0 | N3: 0 | O3: 150 | P3: 0 | Q3: 0 | R3: 0 | S3: 0 | T3: 0 | U3: 0
A4: 1231202 | B4: PBA-파워- 아세이(AP-1019D) | C4: 합계 | D4: 0 | E4: 0 | F4: 0 | G4: 0 | H4: 0 | I4: 0 | J4: 0 | K4: 0 | L4: 0 | M4: 0 | N4: 0 | O4: 0 | P4: 0 | Q4: 0 | R4: 0 | S4: 250 | T4: 0 | U4: 0
A5: 1233492 | B5: PBA-인버터(AD-1221E) | C5: 합계 | D5: 778 | E5: 402 | F5: 0 | G5: 0 | H5: 582 | I5: 778 | J5: 574 | K5: 0 | L5: 0 | M5: 0 | N5: 0 | O5: 0 | P5: 0 | Q5: 0 | R5: 538 | S5: 558 | T5: 0 | U5: 0
A6: 1233498 | B6: PBA-파워- 아세이(AD-1221E) | C6: 합계 | D6: 778 | E6: 402 | F6: 0 | G6: 0 | H6: 582 | I6: 778 | J6: 574 | K6: 0 | L6: 0 | M6: 0 | N6: 0 | O6: 0 | P6: 0 | Q6: 0 | R6: 538 | S6: 558 | T6: 0 | U6: 0
A7: 1233623 | B7: PBA-노이즈필터- 아세이(AD-1221E) | C7: 합계 | D7: 778 | E7: 402 | F7: 0 | G7: 0 | H7: 582 | I7: 778 | J7: 574 | K7: 0 | L7: 0 | M7: 0 | N7: 0 | O7: 0 | P7: 0 | Q7: 0 | R7: 538 | S7: 558 | T7: 0 | U7: 0
A8: 1232693 | B8: PBA-플라즈마파워유닛- 아세이(AP-1520C ) | C8: 합계 | D8: 0 | E8: 0 | F8: 0 | G8: 0 | H8: 0 | I8: 0 | J8: 0 | K8: 776 | L8: 660 | M8: 0 | N8: 0 | O8: 76 | P8: 0 | Q8: 0 | R8: 0 | S8: 0 | T8: 0 | U8: 0
A9: 1233025 | B9: PBA-메인- 아세이(AP-1520C) | C9: 합계 | D9: 0 | E9: 0 | F9: 0 | G9: 0 | H9: 0 | I9: 0 | J9: 0 | K9: 776 | L9: 660 | M9: 0 | N9: 0 | O9: 76 | P9: 0 | Q9: 0 | R9: 0 | S9: 0 | T9: 0 | U9: 0
A10: 1235623 | B10: PBA-SMPS- 아세이(CHP-7211N_WT,일본향) | C10: 합계 | D10: 0 | E10: 0 | F10: 0 | G10: 0 | H10: 0 | I10: 810 | J10: 126 | K10: 0 | L10: 0 | M10: 0 | N10: 0 | O10: 792 | P10: 934 | Q10: 734 | R10: 764 | S10: 0 | T10: 0 | U10: 0
A11: 1237088 | B11: PBA-파워- 아세이(BAS40-A) | C11: 합계 | D11: 898 | E11: 448 | F11: 0 | G11: 0 | H11: 1092 | I11: 1212 | J11: 1130 | K11: 1274 | L11: 756 | M11: 0 | N11: 0 | O11: 86 | P11: 0 | Q11: 0 | R11: 636 | S11: 228 | T11: 0 | U11: 0
A12: 1237765 | B12: PBA-SMPS- 아세이(CHP-7211N,대만향) | C12: 합계 | D12: 0 | E12: 0 | F12: 0 | G12: 0 | H12: 0 | I12: 0 | J12: 200 | K12: 0 | L12: 0 | M12: 0 | N12: 0 | O12: 0 | P12: 0 | Q12: 0 | R12: 0 | S12: 0 | T12: 0 | U12: 0
A13: 1237748 | B13: PBA-SMPS- 아세이(CHP-1201N) | C13: 합계 | D13: 0 | E13: 0 | F13: 0 | G13: 0 | H13: 0 | I13: 0 | J13: 344 | K13: 20 | L13: 0 | M13: 0 | N13: 0 | O13: 0 | P13: 0 | Q13: 0 | R13: 0 | S13: 0 | T13: 0 | U13: 0
... A23: 1240184 | B23: PBA-히터- 아세이(CHPI-7410N) | C23: 합계 | D23: 0 | E23: 0 | F23: 0 | G23: 0 | H23: 0 | I23: 0 | J23: 60 | K23: 0 | L23: 0 | M23: 0 | N23: 0 | O23: 0 | P23: 284 | Q23: 422 | R23: 474 | S23: 324 | T23: 0 | U23: 0
A32: 품번 | B32: 품명 | C32: 구분 | D32: 06/26(목) | E32: 06/27(금) | F32: 06/28(토) | G32: 06/29(일) | H32: 06/30(월) | I32: 07/01(화) | J32: 07/02(수) | K32: 07/03(목) | L32: 07/04(금) | M32: 07/05(토) | N32: 07/06(일) | O32: 07/07(월) | P32: 07/08(화) | Q32: 07/09(수) | R32: 07/10(목) | S32: 07/11(금) | T32: 07/12(토) | U32: 07/13(일)
A33: 1237608 | B33: PBA-SMPS- 아세이(PU-300) | C33: 합계 | D33: 90 | E33: 0 | F33: 0 | G33: 0 | H33: 0 | I33: 0 | J33: 0 | K33: 0 | L33: 0 | M33: 0 | N33: 0 | O33: 0 | P33: 0 | Q33: 0 | R33: 0 | S33: 0 | T33: 0 | U33: 0
A34: 1232846 | B34: PBA-프론트- 아세이(P-6320L) | C34: 합계 | D34: 0 | E34: 0 | F34: 0 | G34: 0 | H34: 0 | I34: 0 | J34: 0 | K34: 0 | L34: 0 | M34: 0 | N34: 0 | O34: 365 | P34: 448 | Q34: 87 | R34: 0 | S34: 0 | T34: 0 | U34: 0
A35: 1232895 | B35: PBA-메인- 아세이(P-6320L) | C35: 합계 | D35: 0 | E35: 0 | F35: 0 | G35: 0 | H35: 0 | I35: 0 | J35: 0 | K35: 0 | L35: 0 | M35: 0 | N35: 0 | O35: 365 | P35: 448 | Q35: 87 | R35: 0 | S35: 0 | T35: 0 | U35: 0
A36: 1233384 | B36: 아답터(P-6320L) | C36: 합계 | D36: 0 | E36: 0 | F36: 0 | G36: 0 | H36: 0 | I36: 0 | J36: 0 | K36: 0 | L36: 0 | M36: 0 | N36: 0 | O36: 365 | P36: 448 | Q36: 87 | R36: 0 | S36: 0 | T36: 0 | U36: 0
A37: 1232775 | B37: PBA-파워- 아세이(AP-2021A) | C37: 합계 | D37: 229 | E37: 0 | F37: 0 | G37: 0 | H37: 119 | I37: 312 | J37: 243 | K37: 312 | L37: 309 | M37: 0 | N37: 0 | O37: 34 | P37: 106 | Q37: 415 | R37: 560 | S37: 243 | T37: 0 | U37: 0
A38: 1238605 | B38: PBA-파워- 아세이(AP-3024H) | C38: 합계 | D38: 92 | E38: 0 | F38: 0 | G38: 0 | H38: 74 | I38: 192 | J38: 150 | K38: 189 | L38: 191 | M38: 0 | N38: 0 | O38: 189 | P38: 115 | Q38: 0 | R38: 0 | S38: 0 | T38: 0 | U38: 0
A39: 1230685 | B39: PBA-파워- 아세이(AP-1519B) | C39: 합계 | D39: 0 | E39: 0 | F39: 0 | G39: 0 | H39: 0 | I39: 0 | J39: 0 | K39: 0 | L39: 0 | M39: 0 | N39: 0 | O39: 0 | P39: 0 | Q39: 0 | R39: 50 | S39: 250 | T39: 0 | U39: 0
A45: 품번 | B45: 품명 | C45: 구분 | D45: 06/26(목) | E45: 06/27(금) | F45: 06/28(토) | G45: 06/29(일) | H45: 06/30(월) | I45: 07/01(화) | J45: 07/02(수) | K45: 07/03(목) | L45: 07/04(금) | M45: 07/05(토) | N45: 07/06(일) | O45: 07/07(월) | P45: 07/08(화) | Q45: 07/09(수) | R45: 07/10(목) | S45: 07/11(금) | T45: 07/12(토) | U45: 07/13(일)
A46: 1234614 | B46: PBA-메인- 아세이(CHP-261N 일본향) | C46: 합계 | D46: 0 | E46: 0 | F46: 0 | G46: 0 | H46: 0 | I46: 324 | J46: 0 | K46: 0 | L46: 0 | M46: 0 | N46: 0 | O46: 0 | P46: 0 | Q46: 0 | R46: 98 | S46: 730 | T46: 0 | U46: 0
A47: 1221967 | B47: PBA-SMPS- 아세이(CHP-06ER, ERP(35W)) | C47: 합계 | D47: 0 | E47: 0 | F47: 0 | G47: 0 | H47: 0 | I47: 0 | J47: 0 | K47: 263 | L47: 44 | M47: 0 | N47: 0 | O47: 0 | P47: 0 | Q47: 0 | R47: 0 | S47: 0 | T47: 0 | U47: 0
A48: 1227306 | B48: PBA-파워V2- 아세이(CHPI-620L) | C48: 합계 | D48: 0 | E48: 0 | F48: 0 | G48: 0 | H48: 0 | I48: 270 | J48: 383 | K48: 483 | L48: 64 | M48: 0 | N48: 0 | O48: 0 | P48: 0 | Q48: 350 | R48: 300 | S48: 0 | T48: 0 | U48: 0
A49: 1225464 | B49: PBA-파워- 아세이(AP-1516D) | C49: 합계 | D49: 0 | E49: 0 | F49: 0 | G49: 0 | H49: 0 | I49: 0 | J49: 0 | K49: 0 | L49: 175 | M49: 0 | N49: 0 | O49: 25 | P49: 0 | Q49: 0 | R49: 0 | S49: 0 | T49: 0 | U49: 0
A50: 1229776 | B50: PBA-필터(CHP-5700R) | C50: 합계 | D50: 0 | E50: 0 | F50: 0 | G50: 0 | H50: 0 | I50: 0 | J50: 0 | K50: 210 | L50: 0 | M50: 0 | N50: 0 | O50: 0 | P50: 150 | Q50: 0 | R50: 0 | S50: 0 | T50: 0 | U50: 0
A51: 1231090 | B51: PBA-SMPS(CHP-5700R) | C51: 합계 | D51: 0 | E51: 0 | F51: 0 | G51: 0 | H51: 0 | I51: 0 | J51: 0 | K51: 210 | L51: 0 | M51: 0 | N51: 0 | O51: 0 | P51: 150 | Q51: 0 | R51: 0 | S51: 0 | T51: 0 | U51: 0
A52: 1229088 | B52: PBA-파워- 아세이(AP-3018B) | C52: 합계 | D52: 0 | E52: 0 | F52: 0 | G52: 0 | H52: 0 | I52: 0 | J52: 0 | K52: 0 | L52: 0 | M52: 0 | N52: 0 | O52: 150 | P52: 0 | Q52: 0 | R52: 0 | S52: 0 | T52: 0 | U52: 0
A53: 1231860 | B53: PBA-SMPS- 아세이(CPSI-8510L) | C53: 합계 | D53: 0 | E53: 0 | F53: 0 | G53: 0 | H53: 0 | I53: 0 | J53: 0 | K53: 0 | L53: 0 | M53: 0 | N53: 0 | O53: 0 | P53: 100 | Q53: 0 | R53: 0 | S53: 0 | T53: 0 | U53: 0
A54: 1231578 | B54: PBA-SMPS- 아세이(CHP-6200N) | C54: 합계 | D54: 200 | E54: 0 | F54: 0 | G54: 0 | H54: 0 | I54: 0 | J54: 0 | K54: 0 | L54: 0 | M54: 0 | N54: 0 | O54: 400 | P54: 0 | Q54: 0 | R54: 0 | S54: 0 | T54: 0 | U54: 0
A55: 1234222 | B55: PBA-파워- 아세이(AP-1520D_JP) | C55: 합계 | D55: 0 | E55: 0 | F55: 0 | G55: 0 | H55: 0 | I55: 0 | J55: 0 | K55: 0 | L55: 0 | M55: 0 | N55: 0 | O55: 0 | P55: 0 | Q55: 0 | R55: 0 | S55: 424 | T55: 0 | U55: 0
A56: 1232528 | B56: PBA-메인- 아세이(CHP-264L) | C56: 합계 | D56: 589 | E56: 429 | F56: 0 | G56: 0 | H56: 600 | I56: 600 | J56: 471 | K56: 2060 | L56: 1085 | M56: 0 | N56: 0 | O56: 1330 | P56: 1330 | Q56: 511 | R56: 600 | S56: 1727 | T56: 0 | U56: 0
A57: 1232553 | B57: PBA-메인- 아세이(CHP-6310 일본향) | C57: 합계 | D57: 0 | E57: 0 | F57: 0 | G57: 0 | H57: 0 | I57: 108 | J57: 0 | K57: 0 | L57: 0 | M57: 0 | N57: 0 | O57: 0 | P57: 0 | Q57: 0 | R57: 0 | S57: 0 | T57: 0 | U57: 0
A58: 1232846 | B58: PBA-프론트- 아세이(P-6320L) | C58: 합계 | D58: 146 | E58: 46 | F58: 0 | G58: 0 | H58: 0 | I58: 0 | J58: 0 | K58: 0 | L58: 0 | M58: 0 | N58: 0 | O58: 0 | P58: 0 | Q58: 0 | R58: 0 | S58: 0 | T58: 0 | U58: 0
A59: 1229050 | B59: PBA-파워V2(CHPI-620L)- 아세이(CHPI-620L) | C59: 합계 | D59: 0 | E59: 0 | F59: 0 | G59: 0 | H59: 0 | I59: 0 | J59: 0 | K59: 0 | M59: 0 | N59: 0 | O59: 0 | P59: 0 | Q59: 0 | R59: 120 | S59: 0 | T59: 0 | U59: 0
A60: 1235097 | B60: PBA-파워(CHPI-5810L) | C60: 합계 | D60: 343 | E60: 38 | F60: 0 | G60: 0 | H60: 0 | I60: 0 | J60: 0 | K60: 0 | L60: 0 | M60: 0 | N60: 0 | O60: 0 | P60: 400 | Q60: 200 | R60: 0 | S60: 0 | T60: 0 | U60: 0
A61: 1232775 | B61: PBA-파워- 아세이(AP-2021A) | C61: 합계 | D61: 0 | E61: 0 | F61: 0 | G61: 0 | H61: 0 | I61: 90 | J61: 0 | K61: 0 | L61: 0 | M61: 0 | N61: 0 | O61: 0 | P61: 0 | Q61: 0 | R61: 0 | S61: 0 | T61: 0 | U61: 0
A62: 1235845 | B62: PBA-메인 CHP 아세이(CHP-6310 유럽향) | C62: 합계 | D62: 0 | E62: 477 | F62: 0 | G62: 0 | H62: 622 | I62: 101 | J62: 0 | K62: 0 | L62: 0 | M62: 0 | N62: 0 | O62: 0 | P62: 0 | Q62: 0 | R62: 0 | S62: 0 | T62: 0 | U62: 0
A63: 1236930 | B63: PBA-SMPS- 아세이(CHPI-7520L) | C63: 합계 | D63: 321 | E63: 261 | F63: 0 | G63: 0 | H63: 336 | I63: 336 | J63: 159 | K63: 0 | L63: 0 | M63: 0 | N63: 0 | O63: 0 | P63: 150 | Q63: 249 | R63: 324 | S63: 330 | T63: 0 | U63: 0
A64: 1232982 | B64: PBA(CHP-6200N) | C64: 합계 | D64: 150 | E64: 0 | F64: 0 | G64: 0 | H64: 0 | I64: 0 | J64: 0 | K64: 0 | L64: 0 | M64: 0 | N64: 0 | O64: 0 | P64: 0 | Q64: 0 | R64: 0 | S64: 0 | T64: 0 | U64: 0
A65: 1234905 | B65: PBA-파워(CHPI-7400N) | C65: 합계 | D65: 0 | E65: 0 | F65: 0 | G65: 0 | H65: 0 | I65: 360 | J65: 481 | K65: 840 | L65: 372 | M65: 0 | N65: 0 | O65: 864 | P65: 674 | Q65: 351 | R65: 465 | S65: 465 | T65: 0 | U65: 0
A66: 1238480 | B66: PBA-SMPS(CHP-7320L) | C66: 합계 | D66: 1166 | E66: 635 | F66: 0 | G66: 0 | H66: 1277 | I66: 1330 | J66: 1199 | K66: 436 | L66: 638 | M66: 0 | N66: 0 | O66: 867 | P66: 607 | Q66: 922 | R66: 1240 | S66: 436 | T66: 0 | U66: 0
A67: 1215693 | B67: PBA-파워로워- 아세이(AP-3008FH,미주/일본향) | C67: 합계 | D67: 0 | E67: 74 | F67: 0 | G67: 0 | H67: 86 | I67: 0 | J67: 0 | K67: 0 | L67: 0 | M67: 0 | N67: 0 | O67: 0 | P67: 0 | Q67: 0 | R67: 0 | S67: 0 | T67: 0 | U67: 0
A68: 1216452 | B68: PBA-파워- 아세이(AP-1515D/G/H/L/M, AP-20 | C68: 합계 | D68: 0 | E68: 0 | F68: 0 | G68: 0 | H68: 0 | I68: 0 | J68: 0 | K68: 0 | L68: 0 | M68: 0 | N68: 0 | O68: 0 | P68: 0 | Q68: 0 | R68: 0 | S68: 54 | T68: 0 | U68: 0
A69: 1230791 | B69: 데코-탑커버- 아세이(AP-1018F 인도네시아향) | C69: 합계 | D69: 335 | E69: 665 | F69: 0 | G69: 0 | H69: 0 | I69: 0 | J69: 0 | K69: 0 | L69: 0 | M69: 0 | N69: 0 | O69: 300 | P69: 0 | Q69: 0 | R69: 0 | S69: 0 | T69: 0 | U69: 0
A70: 1232894 | B70: PBA-메인- 아세이(P-6320R) | C70: 합계 | D70: 146 | E70: 46 | F70: 0 | G70: 0 | H70: 0 | I70: 0 | J70: 0 | K70: 0 | L70: 0 | M70: 0 | N70: 0 | O70: 0 | P70: 0 | Q70: 0 | R70: 0 | S70: 0 | T70: 0 | U70: 0
A71: 1233385 | B71: 아답터(P-6320R) | C71: 합계 | D71: 146 | E71: 46 | F71: 0 | G71: 0 | H71: 0 | I71: 0 | J71: 0 | K71: 0 | L71: 0 | M71: 0 | N71: 0 | O71: 0 | P71: 0 | Q71: 0 | R71: 0 | S71: 0 | T71: 0 | U71: 0
A72: 1238092 | B72: PBA-SMPS- 아세이(CHP-3140N_BG,싱가포르향) | C72: 합계 | D72: 0 | E72: 0 | F72: 0 | G72: 0 | H72: 0 | I72: 0 | J72: 0 | K72: 11 | L72: 0 | M72: 0 | N72: 0 | O72: 0 | P72: 0 | Q72: 0 | R72: 0 | S72: 0 | T72: 0 | U72: 0

Sheet 0627
A1: 품번 | B1: 품명 | C1: 06/27(금) | D1: 06/28(토) | E1: 06/29(일) | F1: 06/30(월) | G1: 07/01(화) | H1: 07/02(수) | I1: 07/03(목) | J1: 07/04(금) | K1: 07/05(토) | L1: 07/06(일) | M1: 07/07(월) | N1: 07/08(화) | O1: 07/09(수) | P1: 07/10(목) | Q1: 07/11(금) | R1: 07/12(토) | S1: 07/13(일)
A2: 1229673 | B2: PBA-TOTAL- 아세이(BA20-D) | C2: 0 | D2: 0 | E2: 0 | F2: 0 | G2: 0 | H2: 0 | I2: 0 | J2: 0 | K2: 0 | L2: 0 | M2: 0 | N2: 200 | O2: 228 | P2: 0 | Q2: 172 | R2: 0 | S2: 0
A3: 1230854 | B3: PBA-토탈- 아세이(BA34-A) | C3: 0 | D3: 0 | E3: 0 | F3: 0 | G3: 0 | H3: 0 | I3: 0 | J3: 0 | K3: 0 | L3: 0 | M3: 150 | N3: 0 | O3: 0 | P3: 0 | Q3: 0 | R3: 0 | S3: 0
A4: 1231202 | B4: PBA-파워- 아세이(AP-1019D) | C4: 0 | D4: 0 | E4: 0 | F4: 0 | G4: 0 | H4: 0 | I4: 0 | J4: 0 | K4: 0 | L4: 0 | M4: 0 | N4: 0 | O4: 0 | P4: 0 | Q4: 250 | R4: 0 | S4: 0
A5: 1233492 | B5: PBA-인버터(AD-1221E) | C5: 402 | D5: 0 | E5: 0 | F5: 582 | G5: 778 | H5: 574 | I5: 0 | J5: 0 | K5: 0 | L5: 0 | M5: 0 | N5: 0 | O5: 0 | P5: 538 | Q5: 558 | R5: 0 | S5: 0
A6: 1233498 | B6: PBA-파워- 아세이(AD-1221E) | C6: 402 | D6: 0 | E6: 0 | F6: 582 | G6: 778 | H6: 574 | I6: 0 | J6: 0 | K6: 0 | L6: 0 | M6: 0 | N6: 0 | O6: 0 | P6: 538 | Q6: 558 | R6: 0 | S6: 0
A7: 1233623 | B7: PBA-노이즈필터- 아세이(AD-1221E) | C7: 402 | D7: 0 | E7: 0 | F7: 582 | G7: 778 | H7: 574 | I7: 0 | J7: 0 | K7: 0 | L7: 0 | M7: 0 | N7: 0 | O7: 0 | P7: 538 | Q7: 558 | R7: 0 | S7: 0
A8: 1232693 | B8: PBA-플라즈마파워유닛- 아세이(AP-1520C ) | C8: 0 | D8: 0 | E8: 0 | F8: 0 | G8: 0 | H8: 0 | I8: 776 | J8: 660 | K8: 0 | L8: 0 | M8: 76 | N8: 0 | O8: 0 | P8: 0 | Q8: 0 | R8: 0 | S8: 0
A9: 1233025 | B9: PBA-메인- 아세이(AP-1520C) | C9: 0 | D9: 0 | E9: 0 | F9: 0 | G9: 0 | H9: 0 | I9: 776 | J9: 660 | K9: 0 | L9: 0 | M9: 76 | N9: 0 | O9: 0 | P9: 0 | Q9: 0 | R9: 0 | S9: 0
A10: 1235623 | B10: PBA-SMPS- 아세이(CHP-7211N_WT,일본향) | C10: 0 | D10: 0 | E10: 0 | F10: 0 | G10: 810 | H10: 126 | I10: 0 | J10: 0 | K10: 0 | L10: 0 | M10: 792 | N10: 934 | O10: 734 | P10: 764 | Q10: 0 | R10: 0 | S10: 0
A11: 1237088 | B11: PBA-파워- 아세이(BAS40-A) | C11: 448 | D11: 0 | E11: 0 | F11: 1092 | G11: 1212 | H11: 1130 | I11: 1274 | J11: 756 | K11: 0 | L11: 0 | M11: 86 | N11: 0 | O11: 0 | P11: 636 | Q11: 228 | R11: 0 | S11: 0
A12: 1237765 | B12: PBA-SMPS- 아세이(CHP-7211N,대만향) | C12: 0 | D12: 0 | E12: 0 | F12: 0 | G12: 0 | H12: 200 | I12: 0 | J12: 0 | K12: 0 | L12: 0 | M12: 0 | N12: 0 | O12: 0 | P12: 0 | Q12: 0 | R12: 0 | S12: 0
A13: 1237748 | B13: PBA-SMPS- 아세이(CHP-1201N) | C13: 0 | D13: 0 | E13: 0 | F13: 0 | G13: 0 | H13: 344 | I13: 20 | J13: 0 | K13: 0 | L13: 0 | M13: 0 | N13: 0 | O13: 0 | P13: 0 | Q13: 0 | R13: 0 | S13: 0
... A22: 1240184 | B22: PBA-히터- 아세이(CHPI-7410N) | C22: 0 | D22: 0 | E22: 0 | F22: 0 | G22: 0 | H22: 60 | I22: 0 | J22: 0 | K22: 0 | L22: 0 | M22: 0 | N22: 284 | O22: 422 | P22: 474 | Q22: 324 | R22: 0 | S22: 0
A32: 품번 | B32: 품명 | C32: 06/27(금) | D32: 06/28(토) | E32: 06/29(일) | F32: 06/30(월) | G32: 07/01(화) | H32: 07/02(수) | I32: 07/03(목) | J32: 07/04(금) | K32: 07/05(토) | L32: 07/06(일) | M32: 07/07(월) | N32: 07/08(화) | O32: 07/09(수) | P32: 07/10(목) | Q32: 07/11(금) | R32: 07/12(토) | S32: 07/13(일)
A33: 1232846 | B33: PBA-프론트- 아세이(P-6320L) | C33: 0 | D33: 0 | E33: 0 | F33: 0 | G33: 0 | H33: 0 | I33: 0 | J33: 0 | K33: 0 | L33: 0 | M33: 365 | N33: 448 | O33: 87 | P33: 0 | Q33: 0 | R33: 0 | S33: 0
A34: 1232895 | B34: PBA-메인- 아세이(P-6320L) | C34: 0 | D34: 0 | E34: 0 | F34: 0 | G34: 0 | H34: 0 | I34: 0 | J34: 0 | K34: 0 | L34: 0 | M34: 365 | N34: 448 | O34: 87 | P34: 0 | Q34: 0 | R34: 0 | S34: 0
A35: 1233384 | B35: 아답터(P-6320L) | C35: 0 | D35: 0 | E35: 0 | F35: 0 | G35: 0 | H35: 0 | I35: 0 | J35: 0 | K35: 0 | L35: 0 | M35: 365 | N35: 448 | O35: 87 | P35: 0 | Q35: 0 | R35: 0 | S35: 0
A36: 1232775 | B36: PBA-파워- 아세이(AP-2021A) | C36: 0 | D36: 0 | E36: 0 | F36: 119 | G36: 312 | H36: 243 | I36: 312 | J36: 309 | K36: 0 | L36: 0 | M36: 34 | N36: 106 | O36: 415 | P36: 560 | Q36: 243 | R36: 0 | S36: 0
A37: 1238605 | B37: PBA-파워- 아세이(AP-3024H) | C37: 0 | D37: 0 | E37: 0 | F37: 74 | G37: 192 | H37: 150 | I37: 189 | J37: 191 | K37: 0 | L37: 0 | M37: 189 | N37: 115 | O37: 0 | P37: 0 | Q37: 0 | R37: 0 | S37: 0
A38: 1230685 | B38: PBA-파워- 아세이(AP-1519B) | C38: 0 | D38: 0 | E38: 0 | F38: 0 | G38: 0 | H38: 0 | I38: 0 | J38: 0 | K38: 0 | L38: 0 | M38: 0 | N38: 0 | O38: 0 | P38: 50 | Q38: 250 | R38: 0 | S38: 0
A46: 품번 | B46: 품명 | C46: 06/27(금) | D46: 06/28(토) | E46: 06/29(일) | F46: 06/30(월) | G46: 07/01(화) | H46: 07/02(수) | I46: 07/03(목) | J46: 07/04(금) | K46: 07/05(토) | L46: 07/06(일) | M46: 07/07(월) | N46: 07/08(화) | O46: 07/09(수) | P46: 07/10(목) | Q46: 07/11(금) | R46: 07/12(토) | S46: 07/13(일)
A47: 1234614 | B47: PBA-메인- 아세이(CHP-261N 일본향) | C47: 0 | D47: 0 | E47: 0 | F47: 0 | G47: 324 | H47: 0 | I47: 0 | J47: 0 | K47: 0 | L47: 0 | M47: 0 | N47: 0 | O47: 0 | P47: 98 | Q47: 730 | R47: 0 | S47: 0
A48: 1221967 | B48: PBA-SMPS- 아세이(CHP-06ER, ERP(35W)) | C48: 0 | D48: 0 | E48: 0 | F48: 0 | G48: 0 | H48: 0 | I48: 263 | J48: 44 | K48: 0 | L48: 0 | M48: 0 | N48: 0 | O48: 0 | P48: 0 | Q48: 0 | R48: 0 | S48: 0
A49: 1227306 | B49: PBA-파워V2- 아세이(CHPI-620L) | C49: 0 | D49: 0 | E49: 0 | F49: 0 | G49: 270 | H49: 383 | I49: 483 | J49: 64 | K49: 0 | L49: 0 | M49: 0 | N49: 0 | O49: 350 | P49: 300 | Q49: 0 | R49: 0 | S49: 0 | T49: 1
A50: 1225464 | B50: PBA-파워- 아세이(AP-1516D) | C50: 0 | D50: 0 | E50: 0 | F50: 0 | G50: 0 | H50: 0 | I50: 0 | J50: 175 | K50: 0 | L50: 0 | M50: 25 | N50: 0 | O50: 0 | P50: 0 | Q50: 0 | R50: 0 | S50: 0
A51: 1229776 | B51: PBA-필터(CHP-5700R) | C51: 0 | D51: 0 | E51: 0 | F51: 0 | G51: 0 | H51: 0 | I51: 210 | J51: 0 | K51: 0 | L51: 0 | M51: 0 | N51: 150 | O51: 0 | P51: 0 | Q51: 0 | R51: 0 | S51: 0
A52: 1231090 | B52: PBA-SMPS(CHP-5700R) | C52: 0 | D52: 0 | E52: 0 | F52: 0 | G52: 0 | H52: 0 | I52: 210 | J52: 0 | K52: 0 | L52: 0 | M52: 0 | N52: 150 | O52: 0 | P52: 0 | Q52: 0 | R52: 0 | S52: 0
A53: 1229088 | B53: PBA-파워- 아세이(AP-3018B) | C53: 0 | D53: 0 | E53: 0 | F53: 0 | G53: 0 | H53: 0 | I53: 0 | J53: 0 | K53: 0 | L53: 0 | M53: 150 | N53: 0 | O53: 0 | P53: 0 | Q53: 0 | R53: 0 | S53: 0
A54: 1231860 | B54: PBA-SMPS- 아세이(CPSI-8510L) | C54: 0 | D54: 0 | E54: 0 | F54: 0 | G54: 0 | H54: 0 | I54: 0 | J54: 0 | K54: 0 | L54: 0 | M54: 0 | N54: 100 | O54: 0 | P54: 0 | Q54: 0 | R54: 0 | S54: 0
A55: 1231578 | B55: PBA-SMPS- 아세이(CHP-6200N) | C55: 0 | D55: 0 | E55: 0 | F55: 0 | G55: 0 | H55: 0 | I55: 0 | J55: 0 | K55: 0 | L55: 0 | M55: 400 | N55: 0 | O55: 0 | Q55: 0 | R55: 0 | S55: 0
A56: 1234222 | B56: PBA-파워- 아세이(AP-1520D_JP) | C56: 0 | D56: 0 | E56: 0 | F56: 0 | G56: 0 | H56: 0 | I56: 0 | J56: 0 | K56: 0 | L56: 0 | M56: 0 | N56: 0 | O56: 0 | P56: 0 | Q56: 424 | R56: 0 | S56: 0
A57: 1232528 | B57: PBA-메인- 아세이(CHP-264L) | C57: 471 | D57: 0 | E57: 0 | F57: 600 | G57: 600 | H57: 471 | I57: 2060 | J57: 1085 | K57: 0 | L57: 0 | M57: 1330 | N57: 1330 | O57: 511 | P57: 600 | Q57: 1685 | R57: 0 | S57: 0
A58: 1232553 | B58: PBA-메인- 아세이(CHP-6310 일본향) | C58: 0 | D58: 0 | E58: 0 | F58: 0 | G58: 108 | H58: 0 | I58: 0 | J58: 0 | K58: 0 | L58: 0 | M58: 0 | N58: 0 | O58: 0 | P58: 0 | Q58: 0 | R58: 0 | S58: 0
A59: 1232846 | B59: PBA-프론트- 아세이(P-6320L) | C59: 46 | D59: 0 | E59: 0 | F59: 0 | G59: 0 | H59: 0 | I59: 0 | J59: 0 | K59: 0 | L59: 0 | M59: 0 | N59: 0 | O59: 0 | P59: 0 | Q59: 0 | R59: 0 | S59: 0
A60: 1229050 | B60: PBA-파워V2(CHPI-620L)- 아세이(CHPI-620L) | C60: 0 | D60: 0 | E60: 0 | F60: 0 | G60: 0 | H60: 0 | I60: 0 | J60: 0 | K60: 0 | L60: 0 | M60: 0 | N60: 0 | O60: 0 | P60: 120 | Q60: 0 | R60: 0 | S60: 0
A61: 1235097 | B61: PBA-파워(CHPI-5810L) | C61: 38 | D61: 0 | E61: 0 | F61: 0 | G61: 0 | H61: 0 | I61: 0 | J61: 0 | K61: 0 | L61: 0 | M61: 0 | N61: 400 | O61: 200 | P61: 0 | Q61: 0 | R61: 0 | S61: 0
A62: 1232775 | B62: PBA-파워- 아세이(AP-2021A) | C62: 0 | D62: 0 | E62: 0 | F62: 0 | G62: 90 | H62: 0 | I62: 0 | J62: 0 | K62: 0 | L62: 0 | M62: 0 | N62: 0 | O62: 0 | P62: 0 | Q62: 0 | R62: 0 | S62: 0
A63: 1235845 | B63: PBA-메인 CHP 아세이(CHP-6310 유럽향) | C63: 477 | D63: 0 | E63: 0 | F63: 622 | G63: 101 | H63: 0 | I63: 0 | J63: 0 | K63: 0 | L63: 0 | M63: 0 | N63: 0 | O63: 0 | P63: 0 | Q63: 0 | R63: 0 | S63: 0
A64: 1236930 | B64: PBA-SMPS- 아세이(CHPI-7520L) | D64: 0 | E64: 0 | F64: 336 | G64: 336 | H64: 159 | I64: 0 | J64: 0 | K64: 0 | L64: 0 | M64: 0 | N64: 150 | O64: 249 | P64: 324 | Q64: 330 | R64: 0 | S64: 0
A65: 1234905 | B65: PBA-파워(CHPI-7400N) | C65: 0 | D65: 0 | E65: 0 | F65: 0 | G65: 360 | H65: 481 | I65: 840 | J65: 372 | K65: 0 | L65: 0 | M65: 864 | N65: 674 | O65: 351 | P65: 465 | Q65: 465 | R65: 0 | S65: 0 | T65: 2
A66: 1238480 | B66: PBA-SMPS(CHP-7320L) | C66: 635 | D66: 0 | E66: 0 | F66: 1277 | G66: 1330 | H66: 1199 | I66: 436 | J66: 638 | K66: 0 | L66: 0 | M66: 867 | N66: 607 | O66: 990 | P66: 1240 | Q66: 436 | R66: 0 | S66: 0 | T66: 1.1
A67: 1215693 | B67: PBA-파워로워- 아세이(AP-3008FH,미주/일본향) | C67: 62 | D67: 0 | E67: 0 | F67: 98 | G67: 0 | H67: 0 | I67: 0 | J67: 0 | K67: 0 | L67: 0 | M67: 0 | N67: 0 | O67: 0 | P67: 0 | Q67: 0 | R67: 0 | S67: 0
A68: 1216452 | B68: PBA-파워- 아세이(AP-1515D/G/H/L/M, AP-20 | C68: 0 | D68: 0 | E68: 0 | F68: 0 | G68: 0 | H68: 0 | I68: 0 | J68: 0 | K68: 0 | L68: 0 | M68: 0 | N68: 0 | O68: 0 | P68: 0 | Q68: 54 | R68: 0 | S68: 0
A69: 1230791 | B69: 데코-탑커버- 아세이(AP-1018F 인도네시아향) | C69: 665 | D69: 0 | E69: 0 | F69: 0 | G69: 0 | H69: 0 | I69: 0 | J69: 0 | K69: 0 | L69: 0 | M69: 300 | N69: 0 | O69: 0 | P69: 0 | Q69: 0 | R69: 0 | S69: 0
A70: 1232894 | B70: PBA-메인- 아세이(P-6320R) | C70: 46 | D70: 0 | E70: 0 | F70: 0 | G70: 0 | H70: 0 | I70: 0 | J70: 0 | K70: 0 | L70: 0 | M70: 0 | N70: 0 | O70: 0 | P70: 0 | Q70: 0 | R70: 0 | S70: 0
A71: 1233385 | B71: 아답터(P-6320R) | C71: 46 | D71: 0 | E71: 0 | F71: 0 | G71: 0 | H71: 0 | I71: 0 | J71: 0 | K71: 0 | L71: 0 | M71: 0 | N71: 0 | O71: 0 | P71: 0 | Q71: 0 | R71: 0 | S71: 0
A72: 1238092 | B72: PBA-SMPS- 아세이(CHP-3140N_BG,싱가포르향) | C72: 0 | D72: 0 | E72: 0 | F72: 0 | G72: 0 | H72: 0 | I72: 11 | J72: 0 | K72: 0 | L72: 0 | M72: 0 | N72: 0 | O72: 0 | P72: 0 | Q72: 0 | R72: 0 | S72: 0
G77: 0 | H77: 0 | I77: 0 | J77: 156 | K77: 0 | L77: 0 | M77: 0 | N77: 405 | O77: 405
G78: 343 | H78: 436 | I78: 214 | J78: 436 | K78: 343 | L78: 0 | M78: 0 | N78: 436 | O78: 436
G79: 0 | H79: 0 | I79: 0 | J79: 0 | K79: 292 | L79: 0 | M79: 0 | N79: 436 | O79: 436
G80: 338 | H80: 431 | I80: 212 | J80: 145 | K80: 0 | L80: 0 | M80: 0 | N80: 0 | O80: 0
G81: 0 | H81: 183 | I81: 214 | J81: 429 | K81: 0 | L81: 0 | M81: 0 | N81: 0 | O81: 53
G82: =SUM(G77:G81) -> 681 | H82: =SUM(H77:H81) -> 1050 | I82: =SUM(I77:I81) -> 640 | J82: =SUM(J77:J81) -> 1166 | K82: =SUM(K77:K81) -> 635 | L82: =SUM(L77:L81) -> 0 | M82: =SUM(M77:M81) -> 0 | N82: =SUM(N77:N81) -> 1277 | O82: =SUM(O77:O81) -> 1330

Sheet 0630
A1: 품번 | B1: 품명 | C1: 06/30(월) | D1: 07/01(화) | E1: 07/02(수) | F1: 07/03(목) | G1: 07/04(금) | H1: 07/05(토) | I1: 07/06(일) | J1: 07/07(월) | K1: 07/08(화) | L1: 07/09(수) | M1: 07/10(목) | N1: 07/11(금) | O1: 07/12(토) | P1: 07/13(일)
A2: 1229673 | B2: PBA-TOTAL- 아세이(BA20-D) | C2: 0 | D2: 0 | E2: 0 | F2: 0 | G2: 0 | H2: 0 | I2: 0 | J2: 0 | K2: 200 | L2: 228 | M2: 0 | N2: 172 | O2: 0 | P2: 0
A3: 1230854 | B3: PBA-토탈- 아세이(BA34-A) | C3: 0 | D3: 0 | E3: 0 | F3: 0 | G3: 0 | H3: 0 | I3: 0 | J3: 150 | K3: 0 | L3: 0 | M3: 0 | N3: 0 | O3: 0 | P3: 0
A4: 1231202 | B4: PBA-파워- 아세이(AP-1019D) | C4: 0 | D4: 0 | E4: 0 | F4: 0 | G4: 0 | H4: 0 | I4: 0 | J4: 0 | K4: 0 | L4: 0 | M4: 0 | N4: 250 | O4: 0 | P4: 0
A5: 1233492 | B5: PBA-인버터(AD-1221E) | C5: 582 | D5: 778 | E5: 574 | F5: 0 | G5: 0 | H5: 0 | I5: 0 | J5: 0 | K5: 0 | L5: 0 | M5: 538 | N5: 558 | O5: 0 | P5: 0
A6: 1233498 | B6: PBA-파워- 아세이(AD-1221E) | C6: 582 | D6: 778 | E6: 574 | F6: 0 | G6: 0 | H6: 0 | I6: 0 | J6: 0 | K6: 0 | L6: 0 | M6: 538 | N6: 558 | O6: 0 | P6: 0
A7: 1233623 | B7: PBA-노이즈필터- 아세이(AD-1221E) | C7: 582 | D7: 778 | E7: 574 | F7: 0 | G7: 0 | H7: 0 | I7: 0 | J7: 0 | K7: 0 | L7: 0 | M7: 538 | N7: 558 | O7: 0 | P7: 0
A8: 1232693 | B8: PBA-플라즈마파워유닛- 아세이(AP-1520C ) | C8: 0 | D8: 0 | E8: 0 | F8: 776 | G8: 840 | H8: 0 | I8: 0 | J8: 76 | K8: 0 | L8: 0 | M8: 0 | N8: 0 | O8: 0 | P8: 0
A9: 1233025 | B9: PBA-메인- 아세이(AP-1520C) | C9: 0 | D9: 0 | E9: 0 | F9: 776 | G9: 840 | H9: 0 | I9: 0 | J9: 76 | K9: 0 | L9: 0 | M9: 0 | N9: 0 | O9: 0 | P9: 0
A10: 1235623 | B10: PBA-SMPS- 아세이(CHP-7211N_WT,일본향) | C10: 0 | D10: 810 | E10: 126 | F10: 0 | G10: 0 | H10: 0 | I10: 0 | J10: 784 | K10: 934 | L10: 734 | M10: 734 | N10: 30 | O10: 0 | P10: 0
A11: 1237088 | B11: PBA-파워- 아세이(BAS40-A) | C11: 1092 | D11: 1212 | E11: 1130 | F11: 1274 | G11: 1076 | H11: 0 | I11: 0 | J11: 86 | K11: 0 | L11: 0 | M11: 314 | N11: 228 | O11: 0 | P11: 0
A12: 1237765 | B12: PBA-SMPS- 아세이(CHP-7211N,대만향) | C12: 0 | D12: 0 | E12: 200 | F12: 0 | G12: 0 | H12: 0 | I12: 0 | J12: 0 | K12: 0 | L12: 0 | M12: 0 | N12: 0 | O12: 0 | P12: 0
A13: 1237748 | B13: PBA-SMPS- 아세이(CHP-1201N) | C13: 0 | D13: 0 | E13: 344 | F13: 20 | G13: 0 | H13: 0 | I13: 0 | J13: 0 | K13: 0 | L13: 0 | M13: 0 | N13: 0 | O13: 0 | P13: 0
... A22: 1240184 | B22: PBA-히터- 아세이(CHPI-7410N) | C22: 0 | D22: 0 | E22: 60 | F22: 0 | G22: 0 | H22: 0 | I22: 0 | J22: 0 | K22: 284 | L22: 422 | M22: 384 | N22: 324 | O22: 0 | P22: 0
A28: 품번 | B28: 품명 | C28: 06/30(월) | D28: 07/01(화) | E28: 07/02(수) | F28: 07/03(목) | G28: 07/04(금) | H28: 07/05(토) | I28: 07/06(일) | J28: 07/07(월) | K28: 07/08(화) | L28: 07/09(수) | M28: 07/10(목) | N28: 07/11(금) | O28: 07/12(토) | P28: 07/13(일)
A29: 1232846 | B29: PBA-프론트- 아세이(P-6320L) | C29: 0 | D29: 0 | E29: 0 | F29: 0 | G29: 0 | H29: 0 | I29: 0 | J29: 365 | K29: 448 | L29: 87 | M29: 0 | N29: 0 | O29: 0 | P29: 0
A30: 1232895 | B30: PBA-메인- 아세이(P-6320L) | C30: 0 | D30: 0 | E30: 0 | F30: 0 | G30: 0 | H30: 0 | I30: 0 | J30: 365 | K30: 448 | L30: 87 | M30: 0 | N30: 0 | O30: 0 | P30: 0
A31: 1233384 | B31: 아답터(P-6320L) | C31: 0 | D31: 0 | E31: 0 | F31: 0 | G31: 0 | H31: 0 | I31: 0 | J31: 365 | K31: 448 | L31: 87 | M31: 0 | N31: 0 | O31: 0 | P31: 0
A32: 1232775 | B32: PBA-파워- 아세이(AP-2021A) | C32: 119 | D32: 312 | E32: 243 | F32: 312 | G32: 309 | H32: 0 | I32: 0 | J32: 34 | K32: 106 | L32: 415 | M32: 560 | N32: 243 | O32: 0 | P32: 0
A33: 1238605 | B33: PBA-파워- 아세이(AP-3024H) | C33: 74 | D33: 192 | E33: 150 | F33: 189 | G33: 191 | H33: 0 | I33: 0 | J33: 189 | K33: 115 | L33: 0 | M33: 0 | N33: 0 | O33: 0 | P33: 0
A34: 1230685 | B34: PBA-파워- 아세이(AP-1519B) | C34: 0 | D34: 0 | E34: 0 | F34: 0 | G34: 0 | H34: 0 | I34: 0 | J34: 0 | K34: 0 | L34: 0 | M34: 50 | N34: 250 | O34: 0 | P34: 0
A41: 품번 | B41: 품명 | C41: 06/30(월) | D41: 07/01(화) | E41: 07/02(수) | F41: 07/03(목) | G41: 07/04(금) | H41: 07/05(토) | I41: 07/06(일) | J41: 07/07(월) | K41: 07/08(화) | L41: 07/09(수) | M41: 07/10(목) | N41: 07/11(금) | O41: 07/12(토) | P41: 07/13(일)
A42: 1234614 | B42: PBA-메인- 아세이(CHP-261N 일본향) | C42: 0 | D42: 324 | E42: 0 | F42: 0 | G42: 0 | H42: 0 | I42: 0 | J42: 0 | K42: 0 | L42: 0 | M42: 98 | N42: 730 | O42: 0 | P42: 0
A43: 1221967 | B43: PBA-SMPS- 아세이(CHP-06ER, ERP(35W)) | C43: 0 | D43: 0 | E43: 0 | F43: 263 | G43: 44 | H43: 0 | I43: 0 | J43: 0 | K43: 0 | L43: 0 | M43: 0 | N43: 0 | O43: 0 | P43: 0
A44: 1227306 | B44: PBA-파워V2- 아세이(CHPI-620L) | C44: 0 | D44: 270 | E44: 383 | F44: 483 | G44: 64 | H44: 0 | I44: 0 | J44: 0 | K44: 0 | L44: 350 | M44: 300 | N44: 0 | O44: 0 | P44: 0
A45: 1225464 | B45: PBA-파워- 아세이(AP-1516D) | C45: 0 | D45: 0 | E45: 0 | F45: 0 | G45: 175 | H45: 0 | I45: 0 | J45: 25 | K45: 0 | L45: 0 | M45: 0 | N45: 0 | O45: 0 | P45: 0
A46: 1229776 | B46: PBA-필터(CHP-5700R) | C46: 0 | D46: 0 | E46: 0 | F46: 210 | G46: 0 | H46: 0 | I46: 0 | J46: 0 | K46: 150 | L46: 0 | M46: 0 | N46: 0 | O46: 0 | P46: 0
A47: 1231090 | B47: PBA-SMPS(CHP-5700R) | C47: 0 | D47: 0 | E47: 0 | F47: 210 | G47: 0 | H47: 0 | I47: 0 | J47: 0 | K47: 150 | L47: 0 | M47: 0 | N47: 0 | O47: 0 | P47: 0
A48: 1229088 | B48: PBA-파워- 아세이(AP-3018B) | C48: 0 | D48: 0 | E48: 0 | F48: 0 | G48: 0 | H48: 0 | I48: 0 | J48: 150 | K48: 0 | L48: 0 | M48: 0 | N48: 0 | O48: 0 | P48: 0
A49: 1231860 | B49: PBA-SMPS- 아세이(CPSI-8510L) | C49: 0 | D49: 0 | E49: 0 | F49: 0 | G49: 0 | H49: 0 | I49: 0 | J49: 0 | K49: 100 | L49: 0 | M49: 0 | N49: 0 | O49: 0 | P49: 0
A50: 1231578 | B50: PBA-SMPS- 아세이(CHP-6200N) | C50: 0 | D50: 0 | E50: 0 | F50: 0 | G50: 0 | H50: 0 | I50: 0 | J50: 400 | K50: 0 | L50: 0 | M50: 0 | N50: 0 | O50: 0 | P50: 0
A51: 1234222 | B51: PBA-파워- 아세이(AP-1520D_JP) | C51: 0 | D51: 0 | E51: 0 | F51: 0 | G51: 0 | H51: 0 | I51: 0 | J51: 0 | K51: 0 | L51: 0 | M51: 0 | N51: 425 | O51: 0 | P51: 0
A52: 1232528 | B52: PBA-메인- 아세이(CHP-264L) | C52: 600 | D52: 600 | E52: 471 | F52: 2060 | G52: 1085 | H52: 0 | I52: 0 | J52: 1330 | K52: 1330 | L52: 511 | M52: 600 | N52: 1685 | O52: 0 | P52: 0
A53: 1232553 | B53: PBA-메인- 아세이(CHP-6310 일본향) | C53: 0 | D53: 108 | E53: 0 | F53: 0 | G53: 0 | H53: 0 | I53: 0 | J53: 0 | K53: 0 | L53: 0 | M53: 0 | N53: 0 | O53: 0 | P53: 0
... A64: 1238092 | B64: PBA-SMPS- 아세이(CHP-3140N_BG,싱가포르향) | C64: 0 | D64: 0 | E64: 0 | F64: 11 | G64: 0 | H64: 0 | I64: 0 | J64: 0 | K64: 0 | L64: 0 | M64: 0 | N64: 0 | O64: 0 | P64: 0

Sheet 0701
A1: 품번 | B1: 품명 | C1: 구분 | D1: 07/01(화) | E1: 07/02(수) | F1: 07/03(목) | G1: 07/04(금) | H1: 07/05(토) | I1: 07/06(일) | J1: 07/07(월) | K1: 07/08(화) | L1: 07/09(수) | M1: 07/10(목) | N1: 07/11(금) | O1: 07/12(토) | P1: 07/13(일) | Q1: 07/14(월) | R1: 07/15(화) | S1: 07/16(수) | T1: 07/17(목) | U1: 07/18(금) | V1: 07/19(토) | W1: 07/20(일)
A2: 1229673 | B2: PBA-TOTAL- 아세이(BA20-D) | C2: 합계 | D2: 0 | E2: 0 | F2: 0 | G2: 0 | H2: 0 | I2: 0 | J2: 0 | K2: 200 | L2: 228 | M2: 0 | N2: 172 | O2: 0 | P2: 0 | Q2: 100 | R2: 100 | S2: 100 | T2: 0 | U2: 0 | V2: 0 | W2: 0
A3: 1230854 | B3: PBA-토탈- 아세이(BA34-A) | C3: 합계 | D3: 0 | E3: 0 | F3: 0 | G3: 0 | H3: 0 | I3: 0 | J3: 150 | K3: 0 | L3: 0 | M3: 0 | N3: 0 | O3: 0 | P3: 0 | Q3: 0 | R3: 0 | S3: 0 | T3: 0 | U3: 0 | V3: 0 | W3: 0
A4: 1231202 | B4: PBA-파워- 아세이(AP-1019D) | C4: 합계 | D4: 0 | E4: 0 | F4: 0 | G4: 0 | H4: 0 | I4: 0 | J4: 0 | K4: 0 | L4: 0 | M4: 0 | N4: 250 | O4: 0 | P4: 0 | Q4: 50 | R4: 0 | S4: 0 | T4: 0 | U4: 0 | V4: 0 | W4: 0
A5: 1233492 | B5: PBA-인버터(AD-1221E) | C5: 합계 | D5: 778 | E5: 574 | F5: 0 | G5: 0 | H5: 0 | I5: 0 | J5: 0 | K5: 0 | L5: 0 | M5: 538 | N5: 558 | O5: 0 | P5: 0 | Q5: 704 | R5: 778 | S5: 168 | T5: 0 | U5: 0 | V5: 0 | W5: 0
A6: 1233498 | B6: PBA-파워- 아세이(AD-1221E) | C6: 합계 | D6: 778 | E6: 574 | F6: 0 | G6: 0 | H6: 0 | I6: 0 | J6: 0 | K6: 0 | L6: 0 | M6: 538 | N6: 558 | O6: 0 | P6: 0 | Q6: 704 | R6: 778 | S6: 168 | T6: 0 | U6: 0 | V6: 0 | W6: 0
A7: 1233623 | B7: PBA-노이즈필터- 아세이(AD-1221E) | C7: 합계 | D7: 778 | E7: 574 | F7: 0 | G7: 0 | H7: 0 | I7: 0 | J7: 0 | K7: 0 | L7: 0 | M7: 538 | N7: 558 | O7: 0 | P7: 0 | Q7: 704 | R7: 778 | S7: 168 | T7: 0 | U7: 0 | V7: 0 | W7: 0
A8: 1232693 | B8: PBA-플라즈마파워유닛- 아세이(AP-1520C ) | C8: 합계 | D8: 0 | E8: 0 | F8: 776 | G8: 840 | H8: 0 | I8: 0 | J8: 76 | K8: 0 | L8: 0 | M8: 0 | N8: 0 | O8: 0 | P8: 0 | Q8: 0 | R8: 0 | S8: 0 | T8: 0 | U8: 0 | V8: 0 | W8: 0
A9: 1233025 | B9: PBA-메인- 아세이(AP-1520C) | C9: 합계 | D9: 0 | E9: 0 | F9: 776 | G9: 840 | H9: 0 | I9: 0 | J9: 76 | K9: 0 | L9: 0 | M9: 0 | N9: 0 | O9: 0 | P9: 0 | Q9: 0 | R9: 0 | S9: 0 | T9: 0 | U9: 0 | V9: 0 | W9: 0
A10: 1235623 | B10: PBA-SMPS- 아세이(CHP-7211N_WT,일본향) | C10: 합계 | D10: 810 | E10: 126 | F10: 0 | G10: 0 | H10: 0 | I10: 0 | J10: 792 | K10: 934 | L10: 734 | M10: 734 | N10: 30 | O10: 0 | P10: 0 | Q10: 0 | R10: 0 | S10: 0 | T10: 0 | U10: 0 | V10: 0 | W10: 0
A11: 1237088 | B11: PBA-파워- 아세이(BAS40-A) | C11: 합계 | D11: 1212 | E11: 1130 | F11: 1274 | G11: 1076 | H11: 0 | I11: 0 | J11: 124 | K11: 0 | L11: 0 | M11: 314 | N11: 0 | O11: 0 | P11: 0 | Q11: 582 | R11: 850 | S11: 220 | T11: 576 | U11: 430 | V11: 0 | W11: 0
A12: 1237765 | B12: PBA-SMPS- 아세이(CHP-7211N,대만향) | C12: 합계 | D12: 0 | E12: 200 | F12: 0 | G12: 0 | H12: 0 | I12: 0 | J12: 0 | K12: 0 | L12: 0 | M12: 0 | N12: 0 | O12: 0 | P12: 0 | Q12: 0 | R12: 0 | S12: 0 | T12: 0 | U12: 0 | V12: 0 | W12: 0
A13: 1237748 | B13: PBA-SMPS- 아세이(CHP-1201N) | C13: 합계 | D13: 0 | E13: 344 | F13: 20 | G13: 0 | H13: 0 | I13: 0 | J13: 0 | K13: 0 | L13: 0 | M13: 0 | N13: 0 | O13: 0 | P13: 0 | Q13: 0 | R13: 0 | S13: 0 | T13: 0 | U13: 0 | V13: 0 | W13: 0
... A23: 1240184 | B23: PBA-히터- 아세이(CHPI-7410N) | C23: 합계 | D23: 0 | E23: 60 | F23: 0 | G23: 0 | H23: 0 | I23: 0 | J23: 0 | K23: 316 | L23: 468 | M23: 402 | N23: 390 | O23: 0 | P23: 0 | Q23: 736 | R23: 382 | S23: 452 | T23: 736 | U23: 548 | V23: 0 | W23: 0
A32: 품번 | B32: 품명 | C32: 구분 | D32: 07/01(화) | E32: 07/02(수) | F32: 07/03(목) | G32: 07/04(금) | H32: 07/05(토) | I32: 07/06(일) | J32: 07/07(월) | K32: 07/08(화) | L32: 07/09(수) | M32: 07/10(목) | N32: 07/11(금) | O32: 07/12(토) | P32: 07/13(일) | Q32: 07/14(월) | R32: 07/15(화) | S32: 07/16(수) | T32: 07/17(목) | U32: 07/18(금) | V32: 07/19(토) | W32: 07/20(일)
A33: 1219539 | B33: 아답터(P-300R/P-230R, 말련향, 파워넷) | C33: 합계 | D33: 0 | E33: 0 | F33: 0 | G33: 0 | H33: 0 | I33: 0 | J33: 0 | K33: 0 | L33: 0 | M33: 0 | N33: 0 | O33: 0 | P33: 0 | Q33: 0 | R33: 224 | S33: 216 | T33: 0 | U33: 0 | V33: 0 | W33: 0
A34: 1232846 | B34: PBA-프론트- 아세이(P-6320L) | C34: 합계 | D34: 0 | E34: 0 | F34: 0 | G34: 0 | H34: 0 | I34: 0 | J34: 365 | K34: 448 | L34: 87 | M34: 0 | N34: 0 | O34: 0 | P34: 0 | Q34: 0 | R34: 0 | S34: 0 | T34: 0 | U34: 120 | V34: 0 | W34: 0
A35: 1232895 | B35: PBA-메인- 아세이(P-6320L) | C35: 합계 | D35: 0 | E35: 0 | F35: 0 | G35: 0 | H35: 0 | I35: 0 | J35: 365 | K35: 448 | L35: 87 | M35: 0 | N35: 0 | O35: 0 | P35: 0 | Q35: 0 | R35: 0 | S35: 0 | T35: 0 | U35: 120 | V35: 0 | W35: 0
A36: 1233384 | B36: 아답터(P-6320L) | C36: 합계 | D36: 0 | E36: 0 | F36: 0 | G36: 0 | H36: 0 | I36: 0 | J36: 365 | K36: 448 | L36: 87 | M36: 0 | N36: 0 | O36: 0 | P36: 0 | Q36: 0 | R36: 0 | S36: 0 | T36: 0 | U36: 120 | V36: 0 | W36: 0
A37: 1232775 | B37: PBA-파워- 아세이(AP-2021A) | C37: 합계 | D37: 312 | E37: 243 | F37: 312 | G37: 309 | H37: 0 | I37: 0 | J37: 34 | K37: 106 | L37: 415 | M37: 537 | N37: 192 | O37: 0 | P37: 0 | Q37: 0 | R37: 105 | S37: 229 | T37: 619 | U37: 397 | V37: 0 | W37: 0
A38: 1238605 | B38: PBA-파워- 아세이(AP-3024H) | C38: 합계 | D38: 192 | E38: 150 | F38: 189 | G38: 191 | H38: 0 | I38: 0 | J38: 189 | K38: 115 | L38: 0 | M38: 0 | N38: 0 | O38: 0 | P38: 0 | Q38: 0 | R38: 0 | S38: 0 | T38: 0 | U38: 0 | V38: 0 | W38: 0
A39: 1230685 | B39: PBA-파워- 아세이(AP-1519B) | C39: 합계 | D39: 0 | E39: 0 | F39: 0 | G39: 0 | H39: 0 | I39: 0 | J39: 0 | K39: 0 | L39: 0 | M39: 0 | N39: 39 | O39: 0 | P39: 0 | Q39: 420 | R39: 41 | S39: 0 | T39: 0 | U39: 0 | V39: 0 | W39: 0
A48: 품번 | B48: 품명 | C48: 구분 | D48: 07/01(화) | E48: 07/02(수) | F48: 07/03(목) | G48: 07/04(금) | H48: 07/05(토) | I48: 07/06(일) | J48: 07/07(월) | K48: 07/08(화) | L48: 07/09(수) | M48: 07/10(목) | N48: 07/11(금) | O48: 07/12(토) | P48: 07/13(일) | Q48: 07/14(월) | R48: 07/15(화) | S48: 07/16(수) | T48: 07/17(목) | U48: 07/18(금) | V48: 07/19(토) | W48: 07/20(일)
A49: 1234614 | B49: PBA-메인- 아세이(CHP-261N 일본향) | C49: 합계 | D49: 324 | E49: 0 | F49: 0 | G49: 0 | H49: 0 | I49: 0 | J49: 0 | K49: 0 | L49: 0 | M49: 98 | N49: 730 | O49: 0 | P49: 0 | Q49: 272 | R49: 0 | S49: 0 | T49: 0 | U49: 0 | V49: 0 | W49: 0
A50: 1220847 | B50: PBA-SMPS(CHP-670, ERP(35W)) | C50: 합계 | D50: 0 | E50: 0 | F50: 0 | G50: 0 | H50: 0 | I50: 0 | J50: 0 | K50: 0 | L50: 0 | M50: 0 | N50: 0 | O50: 0 | P50: 0 | Q50: 0 | R50: 0 | S50: 780 | T50: 500 | U50: 500 | V50: 0 | W50: 0
A51: 1221967 | B51: PBA-SMPS- 아세이(CHP-06ER, ERP(35W)) | C51: 합계 | D51: 0 | E51: 0 | F51: 263 | G51: 44 | H51: 0 | I51: 0 | J51: 0 | K51: 0 | L51: 0 | M51: 0 | N51: 0 | O51: 0 | P51: 0 | Q51: 0 | R51: 0 | S51: 265 | T51: 0 | U51: 0 | V51: 0 | W51: 0
A52: 1227306 | B52: PBA-파워V2- 아세이(CHPI-620L) | C52: 합계 | D52: 270 | E52: 383 | F52: 483 | G52: 64 | H52: 0 | I52: 0 | J52: 0 | K52: 0 | L52: 350 | M52: 450 | N52: 0 | O52: 0 | P52: 0 | Q52: 1000 | R52: 0 | S52: 0 | T52: 0 | U52: 0 | V52: 0 | W52: 0
A53: 1227359 | B53: PBA-파워- 아세이(CHPI-620L) | C53: 합계 | D53: 0 | E53: 0 | F53: 0 | G53: 0 | H53: 0 | I53: 0 | J53: 0 | K53: 0 | L53: 0 | M53: 20 | N53: 0 | O53: 0 | P53: 0 | Q53: 0 | R53: 0 | S53: 0 | T53: 0 | U53: 0 | V53: 0 | W53: 0
A54: 1231090 | B54: PBA-SMPS(CHP-5700R) | C54: 합계 | D54: 0 | E54: 0 | F54: 210 | G54: 0 | H54: 0 | I54: 0 | J54: 0 | K54: 150 | L54: 0 | M54: 0 | N54: 0 | O54: 0 | P54: 0 | Q54: 0 | R54: 150 | S54: 0 | T54: 0 | U54: 0 | V54: 0 | W54: 0
A55: 1229776 | B55: PBA-필터(CHP-5700R) | C55: 합계 | D55: 0 | E55: 0 | F55: 210 | G55: 0 | H55: 0 | I55: 0 | J55: 0 | K55: 150 | L55: 0 | M55: 0 | N55: 0 | O55: 0 | P55: 0 | Q55: 0 | R55: 150 | S55: 0 | T55: 0 | U55: 0 | V55: 0 | W55: 0
A56: 1225464 | B56: PBA-파워- 아세이(AP-1516D) | C56: 합계 | D56: 0 | E56: 0 | F56: 0 | G56: 175 | H56: 0 | I56: 0 | J56: 25 | K56: 0 | L56: 0 | M56: 0 | N56: 0 | O56: 0 | P56: 0 | Q56: 1312 | R56: 1512 | S56: 0 | T56: 0 | U56: 0 | V56: 0 | W56: 0
A57: 1229088 | B57: PBA-파워- 아세이(AP-3018B) | C57: 합계 | D57: 0 | E57: 0 | F57: 0 | G57: 0 | H57: 0 | I57: 0 | J57: 150 | K57: 0 | L57: 0 | M57: 0 | N57: 0 | O57: 0 | P57: 0 | Q57: 0 | R57: 0 | S57: 0 | T57: 0 | U57: 0 | V57: 0 | W57: 0
A58: 1231860 | B58: PBA-SMPS- 아세이(CPSI-8510L) | C58: 합계 | D58: 0 | E58: 0 | F58: 0 | G58: 0 | H58: 0 | I58: 0 | J58: 0 | K58: 100 | L58: 0 | M58: 0 | N58: 0 | O58: 0 | P58: 0 | Q58: 0 | R58: 0 | S58: 0 | T58: 0 | U58: 0 | V58: 0 | W58: 0
A59: 1231578 | B59: PBA-SMPS- 아세이(CHP-6200N) | C59: 합계 | D59: 0 | E59: 0 | F59: 0 | G59: 0 | H59: 0 | I59: 0 | J59: 0 | K59: 0 | L59: 400 | M59: 0 | N59: 0 | O59: 0 | P59: 0 | Q59: 0 | R59: 0 | S59: 0 | T59: 0 | U59: 0 | V59: 0 | W59: 0
A60: 1234222 | B60: PBA-파워- 아세이(AP-1520D_JP) | C60: 합계 | D60: 0 | E60: 0 | F60: 0 | G60: 0 | H60: 0 | I60: 0 | J60: 0 | K60: 0 | L60: 0 | M60: 378 | N60: 402 | O60: 0 | P60: 0 | Q60: 0 | R60: 0 | S60: 0 | T60: 0 | U60: 0 | V60: 0 | W60: 0
... A84: 1238092 | B84: PBA-SMPS- 아세이(CHP-3140N_BG,싱가포르향) | C84: 합계 | D84: 0 | E84: 0 | F84: 11 | G84: 0 | H84: 0 | I84: 0 | J84: 0 | K84: 0 | L84: 0 | M84: 0 | N84: 0 | O84: 0 | P84: 0 | Q84: 0 | R84: 0 | S84: 0 | T84: 0 | U84: 70 | V84: 0 | W84: 0

Sheet 0702 RTPF
A1: 품번 | B1: 품명 | C1: L/T(D) | D1: 구분 | E1: 07/06(일) | F1: 07/07(월) | G1: 07/08(화) | H1: 07/09(수) | I1: 07/10(목) | J1: 07/11(금) | K1: 07/12(토) | L1: 07/13(일) | M1: 07/14(월) | N1: 07/15(화) | O1: 07/16(수) | P1: 07/17(목) | Q1: 07/18(금) | R1: 07/19(토) | S1: 30W | T1: 31W | U1: 32W | V1: 33W | W1: 34W | X1: 35W | Y1: 36W | Z1: 37W | AA1: 38W | AB1: 39W
A2: 1226384 | B2: PBA-- 아세이(S1400-EW) | C2: 42 | D2: RTP/RTF | E2: 0 | F2: 0 | G2: 0 | H2: 0 | I2: 0 | J2: 0 | K2: 0 | L2: 0 | M2: 0 | N2: 0 | O2: 0 | P2: 0 | Q2: 0 | R2: 0 | S2: 0 | T2: 860 | U2: 1600 | V2: 0 | W2: 0 | X2: 300 | Y2: 0 | Z2: 0 | AA2: 0 | AB2: 600
D3: 응답수량 | E3: 0 | F3: 0 | G3: 0 | H3: 0 | I3: 0 | J3: 0 | K3: 0 | L3: 0 | M3: 0 | N3: 0 | O3: 0 | P3: 0 | Q3: 0 | R3: 0 | S3: 0 | T3: 860 | U3: 1600 | V3: 0 | W3: 0 | X3: 300 | Y3: 0 | Z3: 0 | AA3: 0 | AB3: 600
D4: Date&Qty 변경 | E4: 0 | F4: 0 | G4: 0 | H4: 0 | I4: 0 | J4: 0 | K4: 0 | L4: 0 | M4: 0 | N4: 0 | O4: 0 | P4: 0 | Q4: 0 | R4: 0 | S4: 0 | T4: 0 | U4: 0 | V4: 0 | W4: 0 | X4: 0 | Y4: 0 | Z4: 0 | AA4: 0 | AB4: 0
A5: 1226388 | B5: PBA-SMPS- 아세이(S1400-EW) | C5: 42 | D5: RTP/RTF | E5: 0 | F5: 0 | G5: 0 | H5: 0 | I5: 0 | J5: 0 | K5: 0 | L5: 0 | M5: 0 | N5: 0 | O5: 0 | P5: 0 | Q5: 0 | R5: 0 | S5: 0 | T5: 860 | U5: 1600 | V5: 0 | W5: 0 | X5: 300 | Y5: 0 | Z5: 0 | AA5: 0 | AB5: 600
D6: 응답수량 | E6: 0 | F6: 0 | G6: 0 | H6: 0 | I6: 0 | J6: 0 | K6: 0 | L6: 0 | M6: 0 | N6: 0 | O6: 0 | P6: 0 | Q6: 0 | R6: 0 | S6: 0 | T6: 860 | U6: 1600 | V6: 0 | W6: 0 | X6: 300 | Y6: 0 | Z6: 0 | AA6: 0 | AB6: 600
D7: Date&Qty 변경 | E7: 0 | F7: 0 | G7: 0 | H7: 0 | I7: 0 | J7: 0 | K7: 0 | L7: 0 | M7: 0 | N7: 0 | O7: 0 | P7: 0 | Q7: 0 | R7: 0 | S7: 0 | T7: 0 | U7: 0 | V7: 0 | W7: 0 | X7: 0 | Y7: 0 | Z7: 0 | AA7: 0 | AB7: 0
A8: 1229673 | B8: PBA-TOTAL- 아세이(BA20-D) | C8: 42 | D8: RTP/RTF | E8: 0 | F8: 0 | G8: 200 | H8: 228 | I8: 0 | J8: 172 | K8: 0 | L8: 0 | M8: 100 | N8: 100 | O8: 100 | P8: 0 | Q8: 0 | R8: 0 | S8: 0 | T8: 0 | U8: 600 | V8: 0 | W8: 200 | X8: 0 | Y8: 0 | Z8: 500 | AA8: 500 | AB8: 0
D9: 응답수량 | E9: 0 | F9: 0 | G9: 200 | H9: 228 | I9: 0 | J9: 172 | K9: 0 | L9: 0 | M9: 100 | N9: 100 | O9: 100 | P9: 0 | Q9: 0 | R9: 0 | S9: 0 | T9: 0 | U9: 600 | V9: 0 | W9: 200 | X9: 0 | Y9: 0 | Z9: 500 | AA9: 500 | AB9: 0
D10: Date&Qty 변경 | E10: 0 | F10: 0 | G10: 0 | H10: 0 | I10: 0 | J10: 0 | K10: 0 | L10: 0 | M10: 0 | N10: 0 | O10: 0 | P10: 0 | Q10: 0 | R10: 0 | S10: 0 | T10: 0 | U10: 0 | V10: 0 | W10: 0 | X10: 0 | Y10: 0 | Z10: 0 | AA10: 0 | AB10: 0
A11: 1230692 | B11: PBA-SMPS- 아세이(CHP-5710L) | C11: 42 | D11: RTP/RTF | E11: 0 | F11: 0 | G11: 0 | H11: 0 | I11: 0 | J11: 0 | K11: 0 | L11: 0 | M11: 0 | N11: 0 | O11: 0 | P11: 0 | Q11: 0 | R11: 0 | S11: 1840 | T11: 0 | U11: 3100 | V11: 2500 | W11: 0 | X11: 0 | Y11: 0 | Z11: 1500 | AA11: 1400 | AB11: 0
D12: 응답수량 | E12: 0 | F12: 0 | G12: 0 | H12: 0 | I12: 0 | J12: 0 | K12: 0 | L12: 0 | M12: 0 | N12: 0 | O12: 0 | P12: 0 | Q12: 0 | R12: 0 | S12: 1840 | T12: 0 | U12: 3100 | V12: 2500 | W12: 0 | X12: 0 | Y12: 0 | Z12: 1500 | AA12: 1400 | AB12: 0
D13: Date&Qty 변경 | E13: 0 | F13: 0 | G13: 0 | H13: 0 | I13: 0 | J13: 0 | K13: 0 | L13: 0 | M13: 0 | N13: 0 | O13: 0 | P13: 0 | Q13: 0 | R13: 0 | S13: 0 | T13: 0 | U13: 0 | V13: 0 | W13: 0 | X13: 0 | Y13: 0 | Z13: 0 | AA13: 0 | AB13: 0
A14: 1230696 | B14: PBA-SMPS- 아세이(CHP-5710R) | C14: 42 | D14: RTP/RTF | E14: 0 | F14: 0 | G14: 0 | H14: 0 | I14: 0 | J14: 0 | K14: 0 | L14: 0 | M14: 0 | N14: 0 | O14: 0 | P14: 0 | Q14: 0 | R14: 0 | S14: 168 | T14: 0 | U14: 0 | V14: 0 | W14: 0 | X14: 0 | Y14: 500 | Z14: 0 | AA14: 0 | AB14: 0
D15: 응답수량 | E15: 0 | F15: 0 | G15: 0 | H15: 0 | I15: 0 | J15: 0 | K15: 0 | L15: 0 | M15: 0 | N15: 0 | O15: 0 | P15: 0 | Q15: 0 | R15: 0 | S15: 168 | T15: 0 | U15: 0 | V15: 0 | W15: 0 | X15: 0 | Y15: 500 | Z15: 0 | AA15: 0 | AB15: 0
D16: Date&Qty 변경 | E16: 0 | F16: 0 | G16: 0 | H16: 0 | I16: 0 | J16: 0 | K16: 0 | L16: 0 | M16: 0 | N16: 0 | O16: 0 | P16: 0 | Q16: 0 | R16: 0 | S16: 0 | T16: 0 | U16: 0 | V16: 0 | W16: 0 | X16: 0 | Y16: 0 | Z16: 0 | AA16: 0 | AB16: 0
A17: 1230854 | B17: PBA-토탈- 아세이(BA34-A) | C17: 42 | D17: RTP/RTF | E17: 0 | F17: 150 | G17: 0 | H17: 0 | I17: 0 | J17: 0 | K17: 0 | L17: 0 | M17: 0 | N17: 0 | O17: 0 | P17: 0 | Q17: 0 | R17: 0 | S17: 0 | T17: 0 | U17: 0 | V17: 250 | W17: 0 | X17: 0 | Y17: 0 | Z17: 200 | AA17: 0 | AB17: 0
D18: 응답수량 | E18: 0 | F18: 150 | G18: 0 | H18: 0 | I18: 0 | J18: 0 | K18: 0 | L18: 0 | M18: 0 | N18: 0 | O18: 0 | P18: 0 | Q18: 0 | R18: 0 | S18: 0 | T18: 0 | U18: 0 | V18: 250 | W18: 0 | X18: 0 | Y18: 0 | Z18: 200 | AA18: 0 | AB18: 0
D19: Date&Qty 변경 | E19: 0 | F19: 0 | G19: 0 | H19: 0 | I19: 0 | J19: 0 | K19: 0 | L19: 0 | M19: 0 | N19: 0 | O19: 0 | P19: 0 | Q19: 0 | R19: 0 | S19: 0 | T19: 0 | U19: 0 | V19: 0 | W19: 0 | X19: 0 | Y19: 0 | Z19: 0 | AA19: 0 | AB19: 0
A20: 1231202 | B20: PBA-파워- 아세이(AP-1019D) | C20: 42 | D20: RTP/RTF | E20: 0 | F20: 0 | G20: 0 | H20: 0 | I20: 0 | J20: 250 | K20: 0 | L20: 0 | M20: 50 | N20: 0 | O20: 0 | P20: 0 | Q20: 0 | R20: 0 | S20: 0 | T20: 0 | U20: 0 | V20: 0 | W20: 0 | X20: 0 | Y20: 0 | Z20: 0 | AA20: 250 | AB20: 0
D21: 응답수량 | E21: 0 | F21: 0 | G21: 0 | H21: 0 | I21: 0 | J21: 250 | K21: 0 | L21: 0 | M21: 50 | N21: 0 | O21: 0 | P21: 0 | Q21: 0 | R21: 0 | S21: 0 | T21: 0 | U21: 0 | V21: 0 | W21: 0 | X21: 0 | Y21: 0 | Z21: 0 | AA21: 250 | AB21: 0
D22: Date&Qty 변경 | E22: 0 | F22: 0 | G22: 0 | H22: 0 | I22: 0 | J22: 0 | K22: 0 | L22: 0 | M22: 0 | N22: 0 | O22: 0 | P22: 0 | Q22: 0 | R22: 0 | S22: 0 | T22: 0 | U22: 0 | V22: 0 | W22: 0 | X22: 0 | Y22: 0 | Z22: 0 | AA22: 0 | AB22: 0
A23: 1231898 | B23: PBA-컨트롤- 아세이(BA36-A) | C23: 42 | D23: RTP/RTF | E23: 0 | F23: 0 | G23: 740 | H23: 580 | I23: 480 | J23: 512 | K23: 0 | L23: 0 | M23: 0 | N23: 0 | O23: 400 | P23: 400 | Q23: 400 | R23: 0 | S23: 0 | T23: 0 | U23: 0 | V23: 0 | W23: 0 | X23: 0 | Y23: 0 | Z23: 0 | AA23: 0 | AB23: 0
D24: 응답수량 | E24: 0 | F24: 0 | G24: 740 | H24: 580 | I24: 480 | J24: 512 | K24: 0 | L24: 0 | M24: 0 | N24: 0 | O24: 400 | P24: 400 | Q24: 400 | R24: 0 | S24: 0 | T24: 0 | U24: 0 | V24: 0 | W24: 0 | X24: 0 | Y24: 0 | Z24: 0 | AA24: 0 | AB24: 0
D25: Date&Qty 변경 | E25: 0 | F25: 0 | G25: 0 | H25: 0 | I25: 0 | J25: 0 | K25: 0 | L25: 0 | M25: 0 | N25: 0 | O25: 0 | P25: 0 | Q25: 0 | R25: 0 | S25: 0 | T25: 0 | U25: 0 | V25: 0 | W25: 0 | X25: 0 | Y25: 0 | Z25: 0 | AA25: 0 | AB25: 0
A26: 1232693 | B26: PBA-플라즈마파워유닛- 아세이(AP-1520C ) | C26: 21 | D26: RTP/RTF | E26: 0 | F26: 76 | G26: 0 | H26: 0 | I26: 0 | J26: 0 | K26: 0 | L26: 0 | M26: 0 | N26: 0 | O26: 0 | P26: 0 | Q26: 0 | R26: 0 | S26: 0 | T26: 198 | U26: 1491 | V26: 0 | W26: 0 | X26: 0 | Y26: 630 | Z26: 1008 | AA26: 0 | AB26: 0
D27: 응답수량 | E27: 0 | F27: 76 | G27: 0 | H27: 0 | I27: 0 | J27: 0 | K27: 0 | L27: 0 | M27: 0 | N27: 0 | O27: 0 | P27: 0 | Q27: 0 | R27: 0 | S27: 0 | T27: 198 | U27: 1491 | V27: 0 | W27: 0 | X27: 0 | Y27: 630 | Z27: 1008 | AA27: 0 | AB27: 0
D28: Date&Qty 변경 | E28: 0 | F28: 0 | G28: 0 | H28: 0 | I28: 0 | J28: 0 | K28: 0 | L28: 0 | M28: 0 | N28: 0 | O28: 0 | P28: 0 | Q28: 0 | R28: 0 | S28: 0 | T28: 0 | U28: 0 | V28: 0 | W28: 0 | X28: 0 | Y28: 0 | Z28: 0 | AA28: 0 | AB28: 0
A29: 1233025 | B29: PBA-메인- 아세이(AP-1520C) | C29: 21 | D29: RTP/RTF | E29: 0 | F29: 76 | G29: 0 | H29: 0 | I29: 0 | J29: 0 | K29: 0 | L29: 0 | M29: 0 | N29: 0 | O29: 0 | P29: 0 | Q29: 0 | R29: 0 | S29: 0 | T29: 198 | U29: 1491 | V29: 0 | W29: 0 | X29: 0 | Y29: 630 | Z29: 1008 | AA29: 0 | AB29: 0
D30: 응답수량 | E30: 0 | F30: 76 | G30: 0 | H30: 0 | I30: 0 | J30: 0 | K30: 0 | L30: 0 | M30: 0 | N30: 0 | O30: 0 | P30: 0 | Q30: 0 | R30: 0 | S30: 0 | T30: 198 | U30: 1491 | V30: 0 | W30: 0 | X30: 0 | Y30: 630 | Z30: 1008 | AA30: 0 | AB30: 0
D31: Date&Qty 변경 | E31: 0 | F31: 0 | G31: 0 | H31: 0 | I31: 0 | J31: 0 | K31: 0 | L31: 0 | M31: 0 | N31: 0 | O31: 0 | P31: 0 | Q31: 0 | R31: 0 | S31: 0 | T31: 0 | U31: 0 | V31: 0 | W31: 0 | X31: 0 | Y31: 0 | Z31: 0 | AA31: 0 | AB31: 0
A32: 1233492 | B32: PBA-인버터(AD-1221E) | C32: 21 | D32: RTP/RTF | E32: 0 | F32: 0 | G32: 0 | H32: 0 | I32: 538 | J32: 558 | K32: 0 | L32: 0 | M32: 704 | N32: 778 | O32: 168 | P32: 0 | Q32: 0 | R32: 0 | S32: 1330 | T32: 0 | U32: 1500 | V32: 1300 | W32: 1000 | X32: 0 | Y32: 500 | Z32: 900 | AA32: 700 | AB32: 0
D33: 응답수량 | E33: 0 | F33: 0 | G33: 0 | H33: 0 | I33: 538 | J33: 558 | K33: 0 | L33: 0 | M33: 704 | N33: 778 | O33: 168 | P33: 0 | Q33: 0 | R33: 0 | S33: 1330 | T33: 0 | U33: 1500 | V33: 1300 | W33: 1000 | X33: 0 | Y33: 500 | Z33: 900 | AA33: 700 | AB33: 0
D34: Date&Qty 변경 | E34: 0 | F34: 0 | G34: 0 | H34: 0 | I34: 0 | J34: 0 | K34: 0 | L34: 0 | M34: 0 | N34: 0 | O34: 0 | P34: 0 | Q34: 0 | R34: 0 | S34: 0 | T34: 0 | U34: 0 | V34: 0 | W34: 0 | X34: 0 | Y34: 0 | Z34: 0 | AA34: 0 | AB34: 0
A35: 1233498 | B35: PBA-파워- 아세이(AD-1221E) | C35: 21 | D35: RTP/RTF | E35: 0 | F35: 0 | G35: 0 | H35: 0 | I35: 538 | J35: 558 | K35: 0 | L35: 0 | M35: 704 | N35: 778 | O35: 168 | P35: 0 | Q35: 0 | R35: 0 | S35: 1330 | T35: 0 | U35: 1500 | V35: 1300 | W35: 1000 | X35: 0 | Y35: 500 | Z35: 900 | AA35: 700 | AB35: 0
D36: 응답수량 | E36: 0 | F36: 0 | G36: 0 | H36: 0 | I36: 538 | J36: 558 | K36: 0 | L36: 0 | M36: 704 | N36: 778 | O36: 168 | P36: 0 | Q36: 0 | R36: 0 | S36: 1330 | T36: 0 | U36: 1500 | V36: 1300 | W36: 1000 | X36: 0 | Y36: 500 | Z36: 900 | AA36: 700 | AB36: 0
D37: Date&Qty 변경 | E37: 0 | F37: 0 | G37: 0 | H37: 0 | I37: 0 | J37: 0 | K37: 0 | L37: 0 | M37: 0 | N37: 0 | O37: 0 | P37: 0 | Q37: 0 | R37: 0 | S37: 0 | T37: 0 | U37: 0 | V37: 0 | W37: 0 | X37: 0 | Y37: 0 | Z37: 0 | AA37: 0 | AB37: 0
A38: 1233623 | B38: PBA-노이즈필터- 아세이(AD-1221E) | C38: 21 | D38: RTP/RTF | E38: 0 | F38: 0 | G38: 0 | H38: 0 | I38: 538 | J38: 558 | K38: 0 | L38: 0 | M38: 704 | N38: 778 | O38: 168 | P38: 0 | Q38: 0 | R38: 0 | S38: 1330 | T38: 0 | U38: 1500 | V38: 1300 | W38: 1000 | X38: 0 | Y38: 500 | Z38: 900 | AA38: 700 | AB38: 0
D39: 응답수량 | E39: 0 | F39: 0 | G39: 0 | H39: 0 | I39: 538 | J39: 558 | K39: 0 | L39: 0 | M39: 704 | N39: 778 | O39: 168 | P39: 0 | Q39: 0 | R39: 0 | S39: 1330 | T39: 0 | U39: 1500 | V39: 1300 | W39: 1000 | X39: 0 | Y39: 500 | Z39: 900 | AA39: 700 | AB39: 0
D40: Date&Qty 변경 | E40: 0 | F40: 0 | G40: 0 | H40: 0 | I40: 0 | J40: 0 | K40: 0 | L40: 0 | M40: 0 | N40: 0 | O40: 0 | P40: 0 | Q40: 0 | R40: 0 | S40: 0 | T40: 0 | U40: 0 | V40: 0 | W40: 0 | X40: 0 | Y40: 0 | Z40: 0 | AA40: 0 | AB40: 0
A41: 1233761 | B41: PBA-파워- 아세이(BAS38-A) | C41: 42 | D41: RTP/RTF | E41: 0 | F41: 100 | G41: 0 | H41: 0 | I41: 100 | J41: 200 | K41: 0 | L41: 0 | M41: 0 | N41: 0 | O41: 0 | P41: 0 | Q41: 0 | R41: 0 | S41: 0 | T41: 0 | U41: 350 | V41: 0 | W41: 300 | X41: 0 | Y41: 250 | Z41: 200 | AA41: 0 | AB41: 0
D42: 응답수량 | E42: 0 | F42: 100 | G42: 0 | H42: 0 | I42: 100 | J42: 200 | K42: 0 | L42: 0 | M42: 0 | N42: 0 | O42: 0 | P42: 0 | Q42: 0 | R42: 0 | S42: 0 | T42: 0 | U42: 350 | V42: 0 | W42: 300 | X42: 0 | Y42: 250 | Z42: 200 | AA42: 0 | AB42: 0
D43: Date&Qty 변경 | E43: 0 | F43: 0 | G43: 0 | H43: 0 | I43: 0 | J43: 0 | K43: 0 | L43: 0 | M43: 0 | N43: 0 | O43: 0 | P43: 0 | Q43: 0 | R43: 0 | S43: 0 | T43: 0 | U43: 0 | V43: 0 | W43: 0 | X43: 0 | Y43: 0 | Z43: 0 | AA43: 0 | AB43: 0
A44: 1233877 | B44: PBA-파워(AM-1421G) | C44: 42 | D44: RTP/RTF | E44: 0 | F44: 0 | G44: 0 | H44: 0 | I44: 0 | J44: 0 | K44: 0 | L44: 0 | M44: 0 | N44: 0 | O44: 0 | P44: 0 | Q44: 0 | R44: 0 | S44: 630 | T44: 0 | U44: 0 | V44: 0 | W44: 0 | X44: 0 | Y44: 0 | Z44: 0 | AA44: 0 | AB44: 680
D45: 응답수량 | E45: 0 | F45: 0 | G45: 0 | H45: 0 | I45: 0 | J45: 0 | K45: 0 | L45: 0 | M45: 0 | N45: 0 | O45: 0 | P45: 0 | Q45: 0 | R45: 0 | S45: 630 | T45: 0 | U45: 0 | V45: 0 | W45: 0 | X45: 0 | Y45: 0 | Z45: 0 | AA45: 0 | AB45: 680
D46: Date&Qty 변경 | E46: 0 | F46: 0 | G46: 0 | H46: 0 | I46: 0 | J46: 0 | K46: 0 | L46: 0 | M46: 0 | N46: 0 | O46: 0 | P46: 0 | Q46: 0 | R46: 0 | S46: 0 | T46: 0 | U46: 0 | V46: 0 | W46: 0 | X46: 0 | Y46: 0 | Z46: 0 | AA46: 0 | AB46: 0
A47: 1235623 | B47: PBA-SMPS- 아세이(CHP-7211N_WT,일본향) | C47: 42 | D47: RTP/RTF | E47: 0 | F47: 792 | G47: 934 | H47: 734 | I47: 734 | J47: 30 | K47: 0 | L47: 0 | M47: 0 | N47: 0 | O47: 0 | P47: 0 | Q47: 0 | R47: 0 | S47: 0 | T47: 0 | U47: 936 | V47: 936 | W47: 936 | X47: 0 | Y47: 0 | Z47: 0 | AA47: 0 | AB47: 2808
D48: 응답수량 | E48: 0 | F48: 792 | G48: 934 | H48: 734 | I48: 734 | J48: 30 | K48: 0 | L48: 0 | M48: 0 | N48: 0 | O48: 0 | P48: 0 | Q48: 0 | R48: 0 | S48: 0 | T48: 0 | U48: 936 | V48: 936 | W48: 936 | X48: 0 | Y48: 0 | Z48: 0 | AA48: 0 | AB48: 2808
D49: Date&Qty 변경 | E49: 0 | F49: 0 | G49: 0 | H49: 0 | I49: 0 | J49: 0 | K49: 0 | L49: 0 | M49: 0 | N49: 0 | O49: 0 | P49: 0 | Q49: 0 | R49: 0 | S49: 0 | T49: 0 | U49: 0 | V49: 0 | W49: 0 | X49: 0 | Y49: 0 | Z49: 0 | AA49: 0 | AB49: 0
A50: 1236091 | B50: PBA-파워- 아세이(BAS25-A) | C50: 42 | D50: RTP/RTF | E50: 0 | F50: 0 | G50: 0 | H50: 0 | I50: 0 | J50: 0 | K50: 0 | L50: 0 | M50: 0 | N50: 0 | O50: 100 | P50: 200 | Q50: 200 | R50: 0 | S50: 0 | T50: 0 | U50: 300 | V50: 300 | W50: 0 | X50: 0 | Y50: 0 | Z50: 300 | AA50: 0 | AB50: 400
D51: 응답수량 | E51: 0 | F51: 0 | G51: 0 | H51: 0 | I51: 0 | J51: 0 | K51: 0 | L51: 0 | M51: 0 | N51: 0 | O51: 100 | P51: 200 | Q51: 200 | R51: 0 | S51: 0 | T51: 0 | U51: 300 | V51: 300 | W51: 0 | X51: 0 | Y51: 0 | Z51: 300 | AA51: 0 | AB51: 400
D52: Date&Qty 변경 | E52: 0 | F52: 0 | G52: 0 | H52: 0 | I52: 0 | J52: 0 | K52: 0 | L52: 0 | M52: 0 | N52: 0 | O52: 0 | P52: 0 | Q52: 0 | R52: 0 | S52: 0 | T52: 0 | U52: 0 | V52: 0 | W52: 0 | X52: 0 | Y52: 0 | Z52: 0 | AA52: 0 | AB52: 0
A53: 1236488 | B53: PBA-SMPS(CHP-6340L) | C53: 42 | D53: RTP/RTF | E53: 0 | F53: 0 | G53: 0 | H53: 0 | I53: 0 | J53: 0 | K53: 0 | L53: 0 | M53: 0 | N53: 0 | O53: 0 | P53: 0 | Q53: 0 | R53: 0 | S53: 1136 | T53: 0 | U53: 2000 | V53: 1800 | W53: 400 | X53: 0 | Y53: 1000 | Z53: 1600 | AA53: 2600 | AB53: 0
D54: 응답수량 | E54: 0 | F54: 0 | G54: 0 | H54: 0 | I54: 0 | J54: 0 | K54: 0 | L54: 0 | M54: 0 | N54: 0 | O54: 0 | P54: 0 | Q54: 0 | R54: 0 | S54: 1136 | T54: 0 | U54: 2000 | V54: 1800 | W54: 400 | X54: 0 | Y54: 1000 | Z54: 1600 | AA54: 2600 | AB54: 0
D55: Date&Qty 변경 | E55: 0 | F55: 0 | G55: 0 | H55: 0 | I55: 0 | J55: 0 | K55: 0 | L55: 0 | M55: 0 | N55: 0 | O55: 0 | P55: 0 | Q55: 0 | R55: 0 | S55: 0 | T55: 0 | U55: 0 | V55: 0 | W55: 0 | X55: 0 | Y55: 0 | Z55: 0 | AA55: 0 | AB55: 0
A56: 1236534 | B56: PBA-SMPS(CP-6340L) | C56: 42 | D56: RTP/RTF | E56: 0 | F56: 0 | G56: 0 | H56: 0 | I56: 0 | J56: 0 | K56: 0 | L56: 0 | M56: 0 | N56: 0 | O56: 0 | P56: 0 | Q56: 0 | R56: 0 | S56: 140 | T56: 0 | U56: 400 | V56: 400 | W56: 300 | X56: 0 | Y56: 0 | Z56: 600 | AA56: 600 | AB56: 0
D57: 응답수량 | E57: 0 | F57: 0 | G57: 0 | H57: 0 | I57: 0 | J57: 0 | K57: 0 | L57: 0 | M57: 0 | N57: 0 | O57: 0 | P57: 0 | Q57: 0 | R57: 0 | S57: 140 | T57: 0 | U57: 400 | V57: 400 | W57: 300 | X57: 0 | Y57: 0 | Z57: 600 | AA57: 600 | AB57: 0
D58: Date&Qty 변경 | E58: 0 | F58: 0 | G58: 0 | H58: 0 | I58: 0 | J58: 0 | K58: 0 | L58: 0 | M58: 0 | N58: 0 | O58: 0 | P58: 0 | Q58: 0 | R58: 0 | S58: 0 | T58: 0 | U58: 0 | V58: 0 | W58: 0 | X58: 0 | Y58: 0 | Z58: 0 | AA58: 0 | AB58: 0
A59: 1236962 | B59: PBA-파워- 아세이(BAS37-B) | C59: 42 | D59: RTP/RTF | E59: 0 | F59: 0 | G59: 300 | H59: 300 | I59: 300 | J59: 0 | K59: 0 | L59: 0 | M59: 200 | N59: 200 | O59: 200 | P59: 100 | Q59: 0 | R59: 0 | S59: 300 | T59: 0 | U59: 1300 | V59: 1300 | W59: 800 | X59: 0 | Y59: 1600 | Z59: 1600 | AA59: 900 | AB59: 0
D60: 응답수량 | E60: 0 | F60: 0 | G60: 300 | H60: 300 | I60: 300 | J60: 0 | K60: 0 | L60: 0 | M60: 200 | N60: 200 | O60: 200 | P60: 100 | Q60: 0 | R60: 0 | S60: 300 | T60: 0 | U60: 1300 | V60: 1300 | W60: 800 | X60: 0 | Y60: 1600 | Z60: 1600 | AA60: 900 | AB60: 0
D61: Date&Qty 변경 | E61: 0 | F61: 0 | G61: 0 | H61: 0 | I61: 0 | J61: 0 | K61: 0 | L61: 0 | M61: 0 | N61: 0 | O61: 0 | P61: 0 | Q61: 0 | R61: 0 | S61: 0 | T61: 0 | U61: 0 | V61: 0 | W61: 0 | X61: 0 | Y61: 0 | Z61: 0 | AA61: 0 | AB61: 0
A62: 1237088 | B62: PBA-파워- 아세이(BAS40-A) | C62: 42 | D62: RTP/RTF | E62: 0 | F62: 124 | G62: 0 | H62: 0 | I62: 314 | J62: 0 | K62: 0 | L62: 0 | M62: 582 | N62: 850 | O62: 220 | P62: 576 | Q62: 430 | R62: 0 | S62: 1616 | T62: 784 | U62: 3900 | V62: 4400 | W62: 3800 | X62: 100 | Y62: 3300 | Z62: 5000 | AA62: 5600 | AB62: 3000
D63: 응답수량 | E63: 0 | F63: 124 | G63: 0 | H63: 0 | I63: 314 | J63: 0 | K63: 0 | L63: 0 | M63: 582 | N63: 850 | O63: 220 | P63: 576 | Q63: 430 | R63: 0 | S63: 1616 | T63: 784 | U63: 3900 | V63: 4400 | W63: 3800 | X63: 100 | Y63: 3300 | Z63: 5000 | AA63: 5600 | AB63: 3000
D64: Date&Qty 변경 | E64: 0 | F64: 0 | G64: 0 | H64: 0 | I64: 0 | J64: 0 | K64: 0 | L64: 0 | M64: 0 | N64: 0 | O64: 0 | P64: 0 | Q64: 0 | R64: 0 | S64: 0 | T64: 0 | U64: 0 | V64: 0 | W64: 0 | X64: 0 | Y64: 0 | Z64: 0 | AA64: 0 | AB64: 0
A65: 1237586 | B65: PBA-토탈- 아세이(BA36-B) | C65: 42 | D65: RTP/RTF | E65: 0 | F65: 0 | G65: 740 | H65: 580 | I65: 480 | J65: 512 | K65: 0 | L65: 0 | M65: 0 | N65: 0 | O65: 400 | P65: 400 | Q65: 400 | R65: 0 | S65: 0 | T65: 0 | U65: 0 | V65: 0 | W65: 0 | X65: 0 | Y65: 0 | Z65: 0 | AA65: 0 | AB65: 0
D66: 응답수량 | E66: 0 | F66: 0 | G66: 740 | H66: 580 | I66: 480 | J66: 512 | K66: 0 | L66: 0 | M66: 0 | N66: 0 | O66: 400 | P66: 400 | Q66: 400 | R66: 0 | S66: 0 | T66: 0 | U66: 0 | V66: 0 | W66: 0 | X66: 0 | Y66: 0 | Z66: 0 | AA66: 0 | AB66: 0
D67: Date&Qty 변경 | E67: 0 | F67: 0 | G67: 0 | H67: 0 | I67: 0 | J67: 0 | K67: 0 | L67: 0 | M67: 0 | N67: 0 | O67: 0 | P67: 0 | Q67: 0 | R67: 0 | S67: 0 | T67: 0 | U67: 0 | V67: 0 | W67: 0 | X67: 0 | Y67: 0 | Z67: 0 | AA67: 0 | AB67: 0
A68: 1237748 | B68: PBA-SMPS- 아세이(CHP-1201N) | C68: 42 | D68: RTP/RTF | E68: 0 | F68: 0 | G68: 0 | H68: 0 | I68: 0 | J68: 0 | K68: 0 | L68: 0 | M68: 0 | N68: 0 | O68: 0 | P68: 0 | Q68: 0 | R68: 0 | S68: 100 | T68: 0 | U68: 104 | V68: 0 | W68: 0 | X68: 1920 | Y68: 312 | Z68: 0 | AA68: 0 | AB68: 52
D69: 응답수량 | E69: 0 | F69: 0 | G69: 0 | H69: 0 | I69: 0 | J69: 0 | K69: 0 | L69: 0 | M69: 0 | N69: 0 | O69: 0 | P69: 0 | Q69: 0 | R69: 0 | S69: 100 | T69: 0 | U69: 104 | V69: 0 | W69: 0 | X69: 1920 | Y69: 312 | Z69: 0 | AA69: 0 | AB69: 52
D70: Date&Qty 변경 | E70: 0 | F70: 0 | G70: 0 | H70: 0 | I70: 0 | J70: 0 | K70: 0 | L70: 0 | M70: 0 | N70: 0 | O70: 0 | P70: 0 | Q70: 0 | R70: 0 | S70: 0 | T70: 0 | U70: 0 | V70: 0 | W70: 0 | X70: 0 | Y70: 0 | Z70: 0 | AA70: 0 | AB70: 0
A71: 1238128 | B71: PBA-SMPS(CHP-6210N,말련향) | C71: 42 | D71: RTP/RTF | E71: 0 | F71: 625 | G71: 52 | H71: 0 | I71: 0 | J71: 458 | K71: 0 | L71: 0 | M71: 0 | N71: 0 | O71: 0 | P71: 0 | Q71: 0 | R71: 0 | S71: 560 | T71: 0 | U71: 1848 | V71: 2048 | W71: 1848 | X71: 0 | Y71: 1960 | Z71: 4512 | AA71: 0 | AB71: 0
D72: 응답수량 | E72: 0 | F72: 625 | G72: 52 | H72: 0 | I72: 0 | J72: 458 | K72: 0 | L72: 0 | M72: 0 | N72: 0 | O72: 0 | P72: 0 | Q72: 0 | R72: 0 | S72: 560 | T72: 0 | U72: 1848 | V72: 2048 | W72: 1848 | X72: 0 | Y72: 1960 | Z72: 4512 | AA72: 0 | AB72: 0
D73: Date&Qty 변경 | E73: 0 | F73: 0 | G73: 0 | H73: 0 | I73: 0 | J73: 0 | K73: 0 | L73: 0 | M73: 0 | N73: 0 | O73: 0 | P73: 0 | Q73: 0 | R73: 0 | S73: 0 | T73: 0 | U73: 0 | V73: 0 | W73: 0 | X73: 0 | Y73: 0 | Z73: 0 | AA73: 0 | AB73: 0
A74: 1239651 | B74: PBA-파워- 아세이(BAS47-A) | C74: 42 | D74: RTP/RTF | E74: 0 | F74: 450 | G74: 300 | H74: 100 | I74: 0 | J74: 300 | K74: 0 | L74: 0 | M74: 0 | N74: 0 | O74: 0 | P74: 0 | Q74: 0 | R74: 0 | S74: 0 | T74: 0 | U74: 750 | V74: 400 | W74: 0 | X74: 0 | Y74: 0 | Z74: 400 | AA74: 500 | AB74: 0
D75: 응답수량 | E75: 0 | F75: 450 | G75: 300 | H75: 100 | I75: 0 | J75: 300 | K75: 0 | L75: 0 | M75: 0 | N75: 0 | O75: 0 | P75: 0 | Q75: 0 | R75: 0 | S75: 0 | T75: 0 | U75: 750 | V75: 400 | W75: 0 | X75: 0 | Y75: 0 | Z75: 400 | AA75: 500 | AB75: 0
D76: Date&Qty 변경 | E76: 0 | F76: 0 | G76: 0 | H76: 0 | I76: 0 | J76: 0 | K76: 0 | L76: 0 | M76: 0 | N76: 0 | O76: 0 | P76: 0 | Q76: 0 | R76: 0 | S76: 0 | T76: 0 | U76: 0 | V76: 0 | W76: 0 | X76: 0 | Y76: 0 | Z76: 0 | AA76: 0 | AB76: 0
A77: 1239988 | B77: PBA-파워- 아세이(CHPI-7430N ) | C77: 21 | D77: RTP/RTF | E77: 0 | F77: 0 | G77: 0 | H77: 0 | I77: 0 | J77: 0 | K77: 0 | L77: 0 | M77: 0 | N77: 0 | O77: 0 | P77: 0 | Q77: 0 | R77: 0 | S77: 0 | T77: 0 | U77: 2000 | V77: 1900 | W77: 1900 | X77: 300 | Y77: 0 | Z77: 1700 | AA77: 1500 | AB77: 800
D78: 응답수량 | E78: 0 | F78: 0 | G78: 0 | H78: 0 | I78: 0 | J78: 0 | K78: 0 | L78: 0 | M78: 0 | N78: 0 | O78: 0 | P78: 0 | Q78: 0 | R78: 0 | S78: 0 | T78: 0 | U78: 2000 | V78: 1900 | W78: 1900 | X78: 300 | Y78: 0 | Z78: 1700 | AA78: 1500 | AB78: 800
D79: Date&Qty 변경 | E79: 0 | F79: 0 | G79: 0 | H79: 0 | I79: 0 | J79: 0 | K79: 0 | L79: 0 | M79: 0 | N79: 0 | O79: 0 | P79: 0 | Q79: 0 | R79: 0 | S79: 0 | T79: 0 | U79: 0 | V79: 0 | W79: 0 | X79: 0 | Y79: 0 | Z79: 0 | AA79: 0 | AB79: 0
A80: 1240180 | B80: PBA-SMPS- 아세이(CHPI-7410N) | C80: 42 | D80: RTP/RTF | E80: 0 | F80: 0 | G80: 316 | H80: 468 | I80: 580 | J80: 742 | K80: 0 | L80: 0 | M80: 736 | N80: 758 | O80: 586 | P80: 736 | Q80: 748 | R80: 0 | S80: 7236 | T80: 0 | U80: 3700 | V80: 3800 | W80: 3100 | X80: 800 | Y80: 1500 | Z80: 5400 | AA80: 3400 | AB80: 0
D81: 응답수량 | E81: 0 | F81: 0 | G81: 316 | H81: 468 | I81: 580 | J81: 742 | K81: 0 | L81: 0 | M81: 736 | N81: 758 | O81: 586 | P81: 736 | Q81: 748 | R81: 0 | S81: 7236 | T81: 0 | U81: 3700 | V81: 3800 | W81: 3100 | X81: 800 | Y81: 1500 | Z81: 5400 | AA81: 3400 | AB81: 0
D82: Date&Qty 변경 | E82: 0 | F82: 0 | G82: 0 | H82: 0 | I82: 0 | J82: 0 | K82: 0 | L82: 0 | M82: 0 | N82: 0 | O82: 0 | P82: 0 | Q82: 0 | R82: 0 | S82: 0 | T82: 0 | U82: 0 | V82: 0 | W82: 0 | X82: 0 | Y82: 0 | Z82: 0 | AA82: 0 | AB82: 0
A83: 1240184 | B83: PBA-히터- 아세이(CHPI-7410N) | C83: 42 | D83: RTP/RTF | E83: 0 | F83: 0 | G83: 316 | H83: 468 | I83: 402 | J83: 390 | K83: 0 | L83: 0 | M83: 736 | N83: 382 | O83: 452 | P83: 736 | Q83: 548 | R83: 0 | S83: 6716 | T83: 0 | U83: 3200 | V83: 3200 | W83: 3100 | X83: 600 | Y83: 1500 | Z83: 4600 | AA83: 3000 | AB83: 0
D84: 응답수량 | E84: 0 | F84: 0 | G84: 316 | H84: 468 | I84: 402 | J84: 390 | K84: 0 | L84: 0 | M84: 736 | N84: 382 | O84: 452 | P84: 736 | Q84: 548 | R84: 0 | S84: 6716 | T84: 0 | U84: 3200 | V84: 3200 | W84: 3100 | X84: 600 | Y84: 1500 | Z84: 4600 | AA84: 3000 | AB84: 0
D85: Date&Qty 변경 | E85: 0 | F85: 0 | G85: 0 | H85: 0 | I85: 0 | J85: 0 | K85: 0 | L85: 0 | M85: 0 | N85: 0 | O85: 0 | P85: 0 | Q85: 0 | R85: 0 | S85: 0 | T85: 0 | U85: 0 | V85: 0 | W85: 0 | X85: 0 | Y85: 0 | Z85: 0 | AA85: 0 | AB85: 0
A103: 품번 | B103: 품명 | C103: L/T(D) | D103: 구분 | E103: 07/06(일) | F103: 07/07(월) | G103: 07/08(화) | H103: 07/09(수) | I103: 07/10(목) | J103: 07/11(금) | K103: 07/12(토) | L103: 07/13(일) | M103: 07/14(월) | N103: 07/15(화) | O103: 07/16(수) | P103: 07/17(목) | Q103: 07/18(금) | R103: 07/19(토) | S103: 30W | T103: 31W | U103: 32W | V103: 33W | W103: 34W | X103: 35W | Y103: 36W | Z103: 37W | AA103: 38W | AB103: 39W
A104: 1219539 | B104: 아답터(P-300R/P-230R, 말련향, 파워넷) | C104: 42 | D104: RTP/RTF | E104: 0 | F104: 0 | G104: 0 | H104: 0 | I104: 0 | J104: 0 | K104: 0 | L104: 0 | M104: 0 | N104: 211 | O104: 229 | P104: 0 | Q104: 0 | R104: 0 | S104: 0 | T104: 0 | U104: 0 | V104: 0 | W104: 0 | X104: 0 | Y104: 0 | Z104: 0 | AA104: 0 | AB104: 0
D105: 응답수량 | E105: 0 | F105: 0 | G105: 0 | H105: 0 | I105: 0 | J105: 0 | K105: 0 | L105: 0 | M105: 0 | N105: 211 | O105: 229 | P105: 0 | Q105: 0 | R105: 0 | S105: 0 | T105: 0 | U105: 0 | V105: 0 | W105: 0 | X105: 0 | Y105: 0 | Z105: 0 | AA105: 0 | AB105: 0
D106: Date&Qty 변경 | E106: 0 | F106: 0 | G106: 0 | H106: 0 | I106: 0 | J106: 0 | K106: 0 | L106: 0 | M106: 0 | N106: 0 | O106: 0 | P106: 0 | Q106: 0 | R106: 0 | S106: 0 | T106: 0 | U106: 0 | V106: 0 | W106: 0 | X106: 0 | Y106: 0 | Z106: 0 | AA106: 0 | AB106: 0
A107: 1230685 | B107: PBA-파워- 아세이(AP-1519B) | C107: 42 | D107: RTP/RTF | E107: 0 | F107: 0 | G107: 0 | H107: 0 | I107: 0 | J107: 25 | K107: 0 | L107: 0 | M107: 420 | N107: 57 | O107: 0 | P107: 0 | Q107: 0 | R107: 0 | S107: 0 | T107: 0 | U107: 0 | V107: 0 | W107: 0 | X107: 0 | Y107: 0 | Z107: 0 | AA107: 0 | AB107: 0
D108: 응답수량 | E108: 0 | F108: 0 | G108: 0 | H108: 0 | I108: 0 | J108: 25 | K108: 0 | L108: 0 | M108: 420 | N108: 57 | O108: 0 | P108: 0 | Q108: 0 | R108: 0 | S108: 0 | T108: 0 | U108: 0 | V108: 0 | W108: 0 | X108: 0 | Y108: 0 | Z108: 0 | AA108: 0 | AB108: 0
D109: Date&Qty 변경 | E109: 0 | F109: 0 | G109: 0 | H109: 0 | I109: 0 | J109: 0 | K109: 0 | L109: 0 | M109: 0 | N109: 0 | O109: 0 | P109: 0 | Q109: 0 | R109: 0 | S109: 0 | T109: 0 | U109: 0 | V109: 0 | W109: 0 | X109: 0 | Y109: 0 | Z109: 0 | AA109: 0 | AB109: 0
A110: 1232775 | B110: PBA-파워- 아세이(AP-2021A) | C110: 42 | D110: RTP/RTF | E110: 0 | F110: 34 | G110: 106 | H110: 415 | I110: 537 | J110: 141 | K110: 0 | L110: 0 | M110: 0 | N110: 105 | O110: 243 | P110: 619 | Q110: 397 | R110: 0 | S110: 0 | T110: 0 | U110: 0 | V110: 0 | W110: 0 | X110: 0 | Y110: 0 | Z110: 0 | AA110: 0 | AB110: 0
D111: 응답수량 | E111: 0 | F111: 34 | G111: 106 | H111: 415 | I111: 537 | J111: 141 | K111: 0 | L111: 0 | M111: 0 | N111: 105 | O111: 243 | P111: 619 | Q111: 397 | R111: 0 | S111: 0 | T111: 0 | U111: 0 | V111: 0 | W111: 0 | X111: 0 | Y111: 0 | Z111: 0 | AA111: 0 | AB111: 0
D112: Date&Qty 변경 | E112: 0 | F112: 0 | G112: 0 | H112: 0 | I112: 0 | J112: 0 | K112: 0 | L112: 0 | M112: 0 | N112: 0 | O112: 0 | P112: 0 | Q112: 0 | R112: 0 | S112: 0 | T112: 0 | U112: 0 | V112: 0 | W112: 0 | X112: 0 | Y112: 0 | Z112: 0 | AA112: 0 | AB112: 0
A113: 1232846 | B113: PBA-프론트- 아세이(P-6320L) | C113: 42 | D113: RTP/RTF | E113: 0 | F113: 365 | G113: 448 | H113: 87 | I113: 0 | J113: 0 | K113: 0 | L113: 0 | M113: 0 | N113: 0 | O113: 0 | P113: 0 | Q113: 120 | R113: 0 | S113: 0 | T113: 0 | U113: 0 | V113: 0 | W113: 0 | X113: 0 | Y113: 0 | Z113: 0 | AA113: 0 | AB113: 0
D114: 응답수량 | E114: 0 | F114: 365 | G114: 448 | H114: 87 | I114: 0 | J114: 0 | K114: 0 | L114: 0 | M114: 0 | N114: 0 | O114: 0 | P114: 0 | Q114: 120 | R114: 0 | S114: 0 | T114: 0 | U114: 0 | V114: 0 | W114: 0 | X114: 0 | Y114: 0 | Z114: 0 | AA114: 0 | AB114: 0
D115: Date&Qty 변경 | E115: 0 | F115: 0 | G115: 0 | H115: 0 | I115: 0 | J115: 0 | K115: 0 | L115: 0 | M115: 0 | N115: 0 | O115: 0 | P115: 0 | Q115: 0 | R115: 0 | S115: 0 | T115: 0 | U115: 0 | V115: 0 | W115: 0 | X115: 0 | Y115: 0 | Z115: 0 | AA115: 0 | AB115: 0
A116: 1232895 | B116: PBA-메인- 아세이(P-6320L) | C116: 21 | D116: RTP/RTF | E116: 0 | F116: 365 | G116: 448 | H116: 87 | I116: 0 | J116: 0 | K116: 0 | L116: 0 | M116: 0 | N116: 0 | O116: 0 | P116: 0 | Q116: 120 | R116: 0 | S116: 0 | T116: 0 | U116: 0 | V116: 0 | W116: 0 | X116: 0 | Y116: 0 | Z116: 0 | AA116: 0 | AB116: 0
D117: 응답수량 | E117: 0 | F117: 365 | G117: 448 | H117: 87 | I117: 0 | J117: 0 | K117: 0 | L117: 0 | M117: 0 | N117: 0 | O117: 0 | P117: 0 | Q117: 120 | R117: 0 | S117: 0 | T117: 0 | U117: 0 | V117: 0 | W117: 0 | X117: 0 | Y117: 0 | Z117: 0 | AA117: 0 | AB117: 0
...

Sheet 0702 W3-12
A1: A | B1: B | E1: No | F1: 품번 | G1: 품명 | H1: 30W | I1: 31W | J1: 32W | K1: 33W | L1: 34W | M1: 35W | N1: 36W | O1: 37W | P1: 38W | Q1: 39W
A2: 45833 | B2: 45840 | C2: A-B | H2: 07/21 ~ 07/27 | I2: 07/28 ~ 08/03 | J2: 08/04 ~ 08/10 | K2: 08/11 ~ 08/17 | L2: 08/18 ~ 08/24 | M2: 08/25 ~ 8/31 | N2: 09/01 ~ 09/07 | O2: 09/08 ~ 09/14 | P2: 09/15 ~ 09/21 | Q2: 09/22 ~ 09/28
A3: =SUM(H3:Q3) -> 3360 | C3: =B3-A3 -> -3360 | E3: 1 | F3: 1226384 | G3: PBA-- 아세이(S1400-EW) | H3: 0 | I3: 860 | J3: 1600 | K3: 0 | L3: 0 | M3: 300 | N3: 0 | O3: 0 | P3: 0 | Q3: 600
A4: =SUM(H4:Q4) -> 3360 | C4: =B4-A4 -> -3360 | E4: 2 | F4: 1226388 | G4: PBA-SMPS- 아세이(S1400-EW) | H4: 0 | I4: 860 | J4: 1600 | K4: 0 | L4: 0 | M4: 300 | N4: 0 | O4: 0 | P4: 0 | Q4: 600
A5: =SUM(H5:Q5) -> 1800 | C5: =B5-A5 -> -1800 | E5: 3 | F5: 1229673 | G5: PBA-TOTAL- 아세이(BA20-D) | H5: 0 | I5: 0 | J5: 600 | K5: 0 | L5: 200 | M5: 0 | N5: 0 | O5: 500 | P5: 500 | Q5: 0
A6: =SUM(H6:Q6) -> 10340 | C6: =B6-A6 -> -10340 | E6: 4 | F6: 1230692 | G6: PBA-SMPS- 아세이(CHP-5710L) | H6: 1840 | I6: 0 | J6: 3100 | K6: 2500 | L6: 0 | M6: 0 | N6: 0 | O6: 1500 | P6: 1400 | Q6: 0
A7: =SUM(H7:Q7) -> 668 | C7: =B7-A7 -> -668 | E7: 5 | F7: 1230696 | G7: PBA-SMPS- 아세이(CHP-5710R) | H7: 168 | I7: 0 | J7: 0 | K7: 0 | L7: 0 | M7: 0 | N7: 500 | O7: 0 | P7: 0 | Q7: 0
A8: =SUM(H8:Q8) -> 450 | C8: =B8-A8 -> -450 | E8: 6 | F8: 1230854 | G8: PBA-토탈- 아세이(BA34-A) | H8: 0 | I8: 0 | J8: 0 | K8: 250 | L8: 0 | M8: 0 | N8: 0 | O8: 200 | P8: 0 | Q8: 0
A9: =SUM(H9:Q9) -> 250 | C9: =B9-A9 -> -250 | E9: 7 | F9: 1231202 | G9: PBA-파워- 아세이(AP-1019D) | H9: 0 | I9: 0 | J9: 0 | K9: 0 | L9: 0 | M9: 0 | N9: 0 | O9: 0 | P9: 250 | Q9: 0
A10: =SUM(H10:Q10) -> 15488 | B10: 0 | C10: =B10-A10 -> -15488 | E10: 8 | F10: 1231898 | G10: PBA-컨트롤- 아세이(BA36-A) | H10: 2016 | I10: 472 | J10: 2400 | K10: 2200 | L10: 1400 | M10: 0 | N10: 0 | O10: 3500 | P10: 3500 | Q10: 0
A11: =SUM(H11:Q11) -> 3327 | C11: =B11-A11 -> -3327 | E11: 9 | F11: 1232693 | G11: PBA-플라즈마파워유닛- 아세이(AP-1520C ) | H11: 0 | I11: 198 | J11: 1491 | K11: 0 | L11: 0 | M11: 0 | N11: 630 | O11: 1008 | P11: 0 | Q11: 0
A12: =SUM(H12:Q12) -> 3327 | C12: =B12-A12 -> -3327 | E12: 10 | F12: 1233025 | G12: PBA-메인- 아세이(AP-1520C) | H12: 0 | I12: 198 | J12: 1491 | K12: 0 | L12: 0 | M12: 0 | N12: 630 | O12: 1008 | P12: 0 | Q12: 0
A13: =SUM(H13:Q13) -> 7230 | C13: =B13-A13 -> -7230 | E13: 11 | F13: 1233492 | G13: PBA-인버터(AD-1221E) | H13: 1330 | I13: 0 | J13: 1500 | K13: 1300 | L13: 1000 | M13: 0 | N13: 500 | O13: 900 | P13: 700 | Q13: 0
A14: =SUM(H14:Q14) -> 7230 | C14: =B14-A14 -> -7230 | E14: 12 | F14: 1233498 | G14: PBA-파워- 아세이(AD-1221E) | H14: 1330 | I14: 0 | J14: 1500 | K14: 1300 | L14: 1000 | M14: 0 | N14: 500 | O14: 900 | P14: 700 | Q14: 0
A15: =SUM(H15:Q15) -> 7230 | C15: =B15-A15 -> -7230 | E15: 13 | F15: 1233623 | G15: PBA-노이즈필터- 아세이(AD-1221E) | H15: 1330 | I15: 0 | J15: 1500 | K15: 1300 | L15: 1000 | M15: 0 | N15: 500 | O15: 900 | P15: 700 | Q15: 0
A16: =SUM(H16:Q16) -> 1100 | C16: =B16-A16 -> -1100 | E16: 14 | F16: 1233761 | G16: PBA-파워- 아세이(BAS38-A) | H16: 0 | I16: 0 | J16: 350 | K16: 0 | L16: 300 | M16: 0 | N16: 250 | O16: 200 | P16: 0 | Q16: 0
A17: =SUM(H17:Q17) -> 1310 | C17: =B17-A17 -> -1310 | E17: 15 | F17: 1233877 | G17: PBA-파워(AM-1421G) | H17: 630 | I17: 0 | J17: 0 | K17: 0 | L17: 0 | M17: 0 | N17: 0 | O17: 0 | P17: 0 | Q17: 680
A18: =SUM(H18:Q18) -> 5616 | C18: =B18-A18 -> -5616 | E18: 16 | F18: 1235623 | G18: PBA-SMPS- 아세이(CHP-7211N_WT,일본향) | H18: 0 | I18: 0 | J18: 936 | K18: 936 | L18: 936 | M18: 0 | N18: 0 | O18: 0 | P18: 0 | Q18: 2808
A19: =SUM(H19:Q19) -> 1300 | C19: =B19-A19 -> -1300 | E19: 17 | F19: 1236091 | G19: PBA-파워- 아세이(BAS25-A) | H19: 0 | I19: 0 | J19: 300 | K19: 300 | L19: 0 | M19: 0 | N19: 0 | O19: 300 | P19: 0 | Q19: 400
A20: =SUM(H20:Q20) -> 10536 | C20: =B20-A20 -> -10536 | E20: 18 | F20: 1236488 | G20: PBA-SMPS(CHP-6340L) | H20: 1136 | I20: 0 | J20: 2000 | K20: 1800 | L20: 400 | M20: 0 | N20: 1000 | O20: 1600 | P20: 2600 | Q20: 0
A21: =SUM(H21:Q21) -> 2440 | C21: =B21-A21 -> -2440 | E21: 19 | F21: 1236534 | G21: PBA-SMPS(CP-6340L) | H21: 140 | I21: 0 | J21: 400 | K21: 400 | L21: 300 | M21: 0 | N21: 0 | O21: 600 | P21: 600 | Q21: 0
A22: =SUM(H22:Q22) -> 7800 | C22: =B22-A22 -> -7800 | E22: 20 | F22: 1236962 | G22: PBA-파워- 아세이(BAS37-B) | H22: 300 | I22: 0 | J22: 1300 | K22: 1300 | L22: 800 | M22: 0 | N22: 1600 | O22: 1600 | P22: 900 | Q22: 0
A23: =SUM(H23:Q23) -> 31500 | C23: =B23-A23 -> -31500 | E23: 21 | F23: 1237088 | G23: PBA-파워- 아세이(BAS40-A) | H23: 1616 | I23: 784 | J23: 3900 | K23: 4400 | L23: 3800 | M23: 100 | N23: 3300 | O23: 5000 | P23: 5600 | Q23: 3000
A24: =SUM(H24:Q24) -> 15488 | B24: 0 | C24: =B24-A24 -> -15488 | E24: 22 | F24: 1237586 | G24: PBA-토탈- 아세이(BA36-B) | H24: 2016 | I24: 472 | J24: 2400 | K24: 2200 | L24: 1400 | M24: 0 | N24: 0 | O24: 3500 | P24: 3500 | Q24: 0
A25: =SUM(H25:Q25) -> 2488 | C25: =B25-A25 -> -2488 | E25: 23 | F25: 1237748 | G25: PBA-SMPS- 아세이(CHP-1201N) | H25: 100 | I25: 0 | J25: 104 | K25: 0 | L25: 0 | M25: 1920 | N25: 312 | O25: 0 | P25: 0 | Q25: 52
A26: =SUM(H26:Q26) -> 12776 | B26: 12232 | C26: =B26-A26 -> -544 | E26: 24 | F26: 1238128 | G26: PBA-SMPS(CHP-6210N,말련향) | H26: 560 | I26: 0 | J26: 1848 | K26: 2048 | L26: 1848 | M26: 0 | N26: 1960 | O26: 4512 | P26: 0 | Q26: 0
A27: =SUM(H27:Q27) -> 2050 | B27: 2250 | C27: =B27-A27 -> 200 | E27: 25 | F27: 1239651 | G27: PBA-파워- 아세이(BAS47-A) | H27: 0 | I27: 0 | J27: 750 | K27: 400 | L27: 0 | M27: 0 | N27: 0 | O27: 400 | P27: 500 | Q27: 0
A28: =SUM(H28:Q28) -> 10100 | B28: 10900 | C28: =B28-A28 -> 800 | E28: 26 | F28: 1239988 | G28: PBA-파워- 아세이(CHPI-7430N ) | H28: 0 | I28: 0 | J28: 2000 | K28: 1900 | L28: 1900 | M28: 300 | N28: 0 | O28: 1700 | P28: 1500 | Q28: 800
A29: =SUM(H29:Q29) -> 28936 | B29: 32908 | C29: =B29-A29 -> 3972 | E29: 27 | F29: 1240180 | G29: PBA-SMPS- 아세이(CHPI-7410N) | H29: 7236 | I29: 0 | J29: 3700 | K29: 3800 | L29: 3100 | M29: 800 | N29: 1500 | O29: 5400 | P29: 3400 | Q29: 0
A30: =SUM(H30:Q30) -> 25916 | B30: 28758 | C30: =B30-A30 -> 2842 | E30: 28 | F30: 1240184 | G30: PBA-히터- 아세이(CHPI-7410N) | H30: 6716 | I30: 0 | J30: 3200 | K30: 3200 | L30: 3100 | M30: 600 | N30: 1500 | O30: 4600 | P30: 3000 | Q30: 0
A34: A | B34: B | E34: No | F34: 품번 | G34: 품명 | H34: 30W | I34: 31W | J34: 32W | K34: 33W | L34: 34W | M34: 35W | N34: 36W | O34: 37W | P34: 38W | Q34: 39W
A35: 45833 | B35: 45840 | C35: A-B | H35: 07/21 ~ 07/27 | I35: 07/28 ~ 08/03 | J35: 08/04 ~ 08/10 | K35: 08/11 ~ 08/17 | L35: 08/18 ~ 08/24 | M35: 08/25 ~ 8/31 | N35: 09/01 ~ 09/07 | O35: 09/08 ~ 09/14 | P35: 09/15 ~ 09/21 | Q35: 09/22 ~ 09/28
A36: =SUM(H36:Q36) -> 224 | B36: 144 | C36: =B36-A36 -> -80 | E36: 1 | F36: 1215693 | G36: PBA-파워로워- 아세이(AP-3008FH,미주/일본향) | H36: 0 | I36: 0 | J36: 0 | K36: 0 | L36: 0 | M36: 0 | N36: 144 | O36: 0 | P36: 0 | Q36: 80
A37: =SUM(H37:Q37) -> 672 | B37: 3336 | C37: =B37-A37 -> 2664 | E37: 2 | F37: 1216452 | G37: PBA-파워- 아세이(AP-1515D/G/H/L/M, AP-20 | H37: 0 | I37: 0 | J37: 252 | K37: 0 | L37: 0 | M37: 0 | N37: 96 | O37: 0 | P37: 324 | Q37: 0
A38: =SUM(H38:Q38) -> 1600 | B38: 150 | C38: =B38-A38 -> -1450 | E38: 3 | F38: 1220847 | G38: PBA-SMPS(CHP-670, ERP(35W)) | H38: 0 | I38: 0 | J38: 463 | K38: 363 | L38: 363 | M38: 361 | N38: 0 | O38: 50 | P38: 0 | Q38: 0
A39: =SUM(H39:Q39) -> 20 | B39: 20 | C39: =B39-A39 -> 0 | E39: 4 | F39: 1221254 | G39: PBA-SMPS- 아세이(CHP-320N) | H39: 0 | I39: 0 | J39: 0 | K39: 0 | L39: 0 | M39: 0 | N39: 0 | O39: 0 | P39: 20 | Q39: 0
A40: =SUM(H40:Q40) -> 771 | B40: 506 | C40: =B40-A40 -> -265 | E40: 5 | F40: 1221967 | G40: PBA-SMPS- 아세이(CHP-06ER, ERP(35W)) | H40: 0 | I40: 0 | J40: 571 | K40: 0 | L40: 0 | M40: 0 | N40: 0 | O40: 0 | P40: 0 | Q40: 200
A41: =SUM(H41:Q41) -> 4242 | B41: 4032 | C41: =B41-A41 -> -210 | E41: 6 | F41: 1225464 | G41: PBA-파워- 아세이(AP-1516D) | H41: 966 | I41: 0 | J41: 756 | K41: 0 | L41: 1260 | M41: 0 | N41: 0 | O41: 1260 | P41: 0 | Q41: 0
A42: =SUM(H42:Q42) -> 6100 | B42: 4200 | C42: =B42-A42 -> -1900 | E42: 7 | F42: 1227306 | G42: PBA-파워V2- 아세이(CHPI-620L) | H42: 0 | I42: 0 | J42: 1300 | K42: 1300 | L42: 100 | M42: 200 | N42: 800 | O42: 1200 | P42: 800 | Q42: 400
A43: =SUM(H43:Q43) -> 220 | B43: 370 | C43: =B43-A43 -> 150 | E43: 8 | F43: 1229050 | G43: PBA-파워V2(CHPI-620L)- 아세이(CHPI-620L) | H43: 220 | I43: 0 | J43: 0 | K43: 0 | L43: 0 | M43: 0 | N43: 0 | O43: 0 | P43: 0 | Q43: 0
A44: =SUM(H44:Q44) -> 500 | B44: 400 | C44: =B44-A44 -> -100 | E44: 9 | F44: 1229088 | G44: PBA-파워- 아세이(AP-3018B) | H44: 0 | I44: 0 | J44: 100 | K44: 0 | L44: 0 | M44: 0 | N44: 0 | O44: 400 | P44: 0 | Q44: 0
A45: =SUM(H45:Q45) -> 660 | B45: 570 | C45: =B45-A45 -> -90 | E45: 10 | F45: 1229776 | G45: PBA-필터(CHP-5700R) | H45: 420 | I45: 0 | J45: 0 | K45: 0 | L45: 0 | M45: 0 | N45: 0 | O45: 0 | P45: 150 | Q45: 90
A46: =SUM(H46:Q46) -> 1100 | B46: 1100 | C46: =B46-A46 -> 0 | E46: 11 | F46: 1230685 | G46: PBA-파워- 아세이(AP-1519B) | H46: 0 | I46: 0 | J46: 0 | K46: 550 | L46: 0 | M46: 0 | N46: 0 | O46: 550 | P46: 0 | Q46: 0
A47: =SUM(H47:Q47) -> 200 | B47: 0 | C47: =B47-A47 -> -200 | E47: 12 | F47: 1230692 | G47: PBA-SMPS- 아세이(CHP-5710L) | H47: 0 | I47: 0 | J47: 0 | K47: 0 | L47: 0 | M47: 0 | N47: 0 | O47: 0 | P47: 200 | Q47: 0
... A88: =SUM(H88:Q88) -> 1900 | B88: 2100 | C88: =B88-A88 -> 200 | E88: 53 | F88: 1240184 | G88: PBA-히터- 아세이(CHPI-7410N) | H88: 0 | I88: 0 | J88: 500 | K88: 400 | L88: 400 | M88: 0 | N88: 0 | O88: 600 | P88: 0 | Q88: 0

Sheet 0702
A1: 품번 | B1: 품명 | C1: 구분 | D1: 07/02(수) | E1: 07/03(목) | F1: 07/04(금) | G1: 07/05(토) | H1: 07/06(일) | I1: 07/07(월) | J1: 07/08(화) | K1: 07/09(수) | L1: 07/10(목) | M1: 07/11(금) | N1: 07/12(토) | O1: 07/13(일) | P1: 07/14(월) | Q1: 07/15(화) | R1: 07/16(수) | S1: 07/17(목) | T1: 07/18(금) | U1: 07/19(토) | V1: 07/20(일)
A2: 1229673 | B2: PBA-TOTAL- 아세이(BA20-D) | C2: 합계 | D2: 0 | E2: 0 | F2: 0 | G2: 0 | H2: 0 | I2: 0 | J2: 200 | K2: 228 | L2: 0 | M2: 172 | N2: 0 | O2: 0 | P2: 100 | Q2: 100 | R2: 100 | S2: 0 | T2: 0 | U2: 0 | V2: 0
A3: 1230854 | B3: PBA-토탈- 아세이(BA34-A) | C3: 합계 | D3: 0 | E3: 0 | F3: 0 | G3: 0 | H3: 0 | I3: 150 | J3: 0 | K3: 0 | L3: 0 | M3: 0 | N3: 0 | O3: 0 | P3: 0 | Q3: 0 | R3: 0 | S3: 0 | T3: 0 | U3: 0 | V3: 0
A4: 1231202 | B4: PBA-파워- 아세이(AP-1019D) | C4: 합계 | D4: 0 | E4: 0 | F4: 0 | G4: 0 | H4: 0 | I4: 0 | J4: 0 | K4: 0 | L4: 0 | M4: 250 | N4: 0 | O4: 0 | P4: 50 | Q4: 0 | R4: 0 | S4: 0 | T4: 0 | U4: 0 | V4: 0
A5: 1233492 | B5: PBA-인버터(AD-1221E) | C5: 합계 | D5: 574 | E5: 0 | F5: 0 | G5: 0 | H5: 0 | I5: 0 | J5: 0 | K5: 0 | L5: 538 | M5: 558 | N5: 0 | O5: 0 | P5: 704 | Q5: 778 | R5: 168 | S5: 0 | T5: 0 | U5: 0 | V5: 0
A6: 1233498 | B6: PBA-파워- 아세이(AD-1221E) | C6: 합계 | D6: 574 | E6: 0 | F6: 0 | G6: 0 | H6: 0 | I6: 0 | J6: 0 | K6: 0 | L6: 538 | M6: 558 | N6: 0 | O6: 0 | P6: 704 | Q6: 778 | R6: 168 | S6: 0 | T6: 0 | U6: 0 | V6: 0
A7: 1233623 | B7: PBA-노이즈필터- 아세이(AD-1221E) | C7: 합계 | D7: 574 | E7: 0 | F7: 0 | G7: 0 | H7: 0 | I7: 0 | J7: 0 | K7: 0 | L7: 538 | M7: 558 | N7: 0 | O7: 0 | P7: 704 | Q7: 778 | R7: 168 | S7: 0 | T7: 0 | U7: 0 | V7: 0
A8: 1232693 | B8: PBA-플라즈마파워유닛- 아세이(AP-1520C ) | C8: 합계 | D8: 0 | E8: 776 | F8: 840 | G8: 0 | H8: 0 | I8: 76 | J8: 0 | K8: 0 | L8: 0 | M8: 0 | N8: 0 | O8: 0 | P8: 0 | Q8: 0 | R8: 0 | S8: 0 | T8: 0 | U8: 0 | V8: 0
A9: 1233025 | B9: PBA-메인- 아세이(AP-1520C) | C9: 합계 | D9: 0 | E9: 776 | F9: 840 | G9: 0 | H9: 0 | I9: 76 | J9: 0 | K9: 0 | L9: 0 | M9: 0 | N9: 0 | O9: 0 | P9: 0 | Q9: 0 | R9: 0 | S9: 0 | T9: 0 | U9: 0 | V9: 0
A10: 1235623 | B10: PBA-SMPS- 아세이(CHP-7211N_WT,일본향) | C10: 합계 | D10: 126 | E10: 0 | F10: 0 | G10: 0 | H10: 0 | I10: 792 | J10: 934 | K10: 734 | L10: 734 | M10: 30 | N10: 0 | O10: 0 | P10: 0 | Q10: 0 | R10: 0 | S10: 0 | T10: 0 | U10: 0 | V10: 0
A11: 1237088 | B11: PBA-파워- 아세이(BAS40-A) | C11: 합계 | D11: 1130 | E11: 1274 | F11: 1076 | G11: 0 | H11: 0 | I11: 124 | J11: 0 | K11: 0 | L11: 314 | M11: 0 | N11: 0 | O11: 0 | P11: 582 | Q11: 850 | R11: 220 | S11: 576 | T11: 430 | U11: 0 | V11: 0
A12: 1237765 | B12: PBA-SMPS- 아세이(CHP-7211N,대만향) | C12: 합계 | D12: 200 | E12: 0 | F12: 0 | G12: 0 | H12: 0 | I12: 0 | J12: 0 | K12: 0 | L12: 0 | M12: 0 | N12: 0 | O12: 0 | P12: 0 | Q12: 0 | R12: 0 | S12: 0 | T12: 0 | U12: 0 | V12: 0
A13: 1237748 | B13: PBA-SMPS- 아세이(CHP-1201N) | C13: 합계 | D13: 344 | E13: 20 | F13: 0 | G13: 0 | H13: 0 | I13: 0 | J13: 0 | K13: 0 | L13: 0 | M13: 0 | N13: 0 | O13: 0 | P13: 0 | Q13: 0 | R13: 0 | S13: 0 | T13: 0 | U13: 0 | V13: 0
... A23: 1240184 | B23: PBA-히터- 아세이(CHPI-7410N) | C23: 합계 | D23: 60 | E23: 0 | F23: 0 | G23: 0 | H23: 0 | I23: 0 | J23: 316 | K23: 468 | L23: 402 | M23: 390 | N23: 0 | O23: 0 | P23: 736 | Q23: 382 | R23: 452 | S23: 736 | T23: 548 | U23: 0 | V23: 0
A32: 품번 | B32: 품명 | C32: 구분 | D32: 07/02(수) | E32: 07/03(목) | F32: 07/04(금) | G32: 07/05(토) | H32: 07/06(일) | I32: 07/07(월) | J32: 07/08(화) | K32: 07/09(수) | L32: 07/10(목) | M32: 07/11(금) | N32: 07/12(토) | O32: 07/13(일) | P32: 07/14(월) | Q32: 07/15(화) | R32: 07/16(수) | S32: 07/17(목) | T32: 07/18(금) | U32: 07/19(토) | V32: 07/20(일)
A33: 1219539 | B33: 아답터(P-300R/P-230R, 말련향, 파워넷) | C33: 합계 | D33: 0 | E33: 0 | F33: 0 | G33: 0 | H33: 0 | I33: 0 | J33: 0 | K33: 0 | L33: 0 | M33: 0 | N33: 0 | O33: 0 | P33: 0 | Q33: 211 | R33: 229 | S33: 0 | T33: 0 | U33: 0 | V33: 0
A34: 1232846 | B34: PBA-프론트- 아세이(P-6320L) | C34: 합계 | D34: 0 | E34: 0 | F34: 0 | G34: 0 | H34: 0 | I34: 365 | J34: 448 | K34: 87 | L34: 0 | M34: 0 | N34: 0 | O34: 0 | P34: 0 | Q34: 0 | R34: 0 | S34: 0 | T34: 120 | U34: 0 | V34: 0
A35: 1232895 | B35: PBA-메인- 아세이(P-6320L) | C35: 합계 | D35: 0 | E35: 0 | F35: 0 | G35: 0 | H35: 0 | I35: 365 | J35: 448 | K35: 87 | L35: 0 | M35: 0 | N35: 0 | O35: 0 | P35: 0 | Q35: 0 | R35: 0 | S35: 0 | T35: 120 | U35: 0 | V35: 0
A36: 1233384 | B36: 아답터(P-6320L) | C36: 합계 | D36: 0 | E36: 0 | F36: 0 | G36: 0 | H36: 0 | I36: 365 | J36: 448 | K36: 87 | L36: 0 | M36: 0 | N36: 0 | O36: 0 | P36: 0 | Q36: 0 | R36: 0 | S36: 0 | T36: 120 | U36: 0 | V36: 0
A37: 1232775 | B37: PBA-파워- 아세이(AP-2021A) | C37: 합계 | D37: 243 | E37: 312 | F37: 309 | G37: 0 | H37: 0 | I37: 34 | J37: 106 | K37: 415 | L37: 537 | M37: 141 | N37: 0 | O37: 0 | P37: 0 | Q37: 105 | R37: 243 | S37: 619 | T37: 397 | U37: 0 | V37: 0
A38: 1238605 | B38: PBA-파워- 아세이(AP-3024H) | C38: 합계 | D38: 150 | E38: 189 | F38: 191 | G38: 0 | H38: 0 | I38: 189 | J38: 115 | K38: 0 | L38: 0 | M38: 0 | N38: 0 | O38: 0 | P38: 0 | Q38: 0 | R38: 0 | S38: 0 | T38: 0 | U38: 0 | V38: 0
A39: 1230685 | B39: PBA-파워- 아세이(AP-1519B) | C39: 합계 | D39: 0 | E39: 0 | F39: 0 | G39: 0 | H39: 0 | I39: 0 | J39: 0 | K39: 0 | L39: 0 | M39: 25 | N39: 0 | O39: 0 | P39: 420 | Q39: 57 | R39: 0 | S39: 0 | T39: 0 | U39: 0 | V39: 0
A46: 품번 | B46: 품명 | C46: 구분 | D46: 07/02(수) | E46: 07/03(목) | F46: 07/04(금) | G46: 07/05(토) | H46: 07/06(일) | I46: 07/07(월) | J46: 07/08(화) | K46: 07/09(수) | L46: 07/10(목) | M46: 07/11(금) | N46: 07/12(토) | O46: 07/13(일) | P46: 07/14(월) | Q46: 07/15(화) | R46: 07/16(수) | S46: 07/17(목) | T46: 07/18(금) | U46: 07/19(토) | V46: 07/20(일)
A47: 1234614 | B47: PBA-메인- 아세이(CHP-261N 일본향) | C47: 합계 | D47: 0 | E47: 0 | F47: 0 | G47: 0 | H47: 0 | I47: 0 | J47: 0 | K47: 0 | L47: 18 | M47: 730 | N47: 0 | O47: 0 | P47: 352 | Q47: 0 | R47: 0 | S47: 0 | T47: 0 | U47: 0 | V47: 0
A48: 1220847 | B48: PBA-SMPS(CHP-670, ERP(35W)) | C48: 합계 | D48: 0 | E48: 0 | F48: 0 | G48: 0 | H48: 0 | I48: 0 | J48: 0 | K48: 0 | L48: 0 | M48: 0 | N48: 0 | O48: 0 | P48: 0 | Q48: 0 | R48: 0 | S48: 330 | T48: 0 | U48: 0 | V48: 0
A49: 1221967 | B49: PBA-SMPS- 아세이(CHP-06ER, ERP(35W)) | C49: 합계 | D49: 0 | E49: 263 | F49: 44 | G49: 0 | H49: 0 | I49: 0 | J49: 0 | K49: 0 | L49: 0 | M49: 0 | N49: 0 | O49: 0 | P49: 0 | Q49: 0 | R49: 0 | S49: 0 | T49: 265 | U49: 0 | V49: 0
A50: 1227306 | B50: PBA-파워V2- 아세이(CHPI-620L) | C50: 합계 | D50: 383 | E50: 483 | F50: 64 | G50: 0 | H50: 0 | I50: 0 | J50: 303 | K50: 47 | L50: 0 | M50: 0 | N50: 0 | O50: 0 | P50: 486 | Q50: 465 | R50: 523 | S50: 327 | T50: 0 | U50: 0 | V50: 0
A51: 1227359 | B51: PBA-파워- 아세이(CHPI-620L) | C51: 합계 | D51: 0 | E51: 0 | F51: 0 | G51: 0 | H51: 0 | I51: 0 | J51: 0 | K51: 0 | L51: 0 | M51: 0 | N51: 0 | O51: 0 | P51: 20 | Q51: 0 | R51: 0 | S51: 0 | T51: 0 | U51: 0 | V51: 0
A52: 1231090 | B52: PBA-SMPS(CHP-5700R) | C52: 합계 | D52: 0 | E52: 210 | F52: 0 | G52: 0 | H52: 0 | I52: 0 | J52: 150 | K52: 0 | L52: 0 | M52: 0 | N52: 0 | O52: 0 | P52: 0 | Q52: 150 | R52: 0 | S52: 0 | T52: 0 | U52: 0 | V52: 0
A53: 1229776 | B53: PBA-필터(CHP-5700R) | C53: 합계 | D53: 0 | E53: 210 | F53: 0 | G53: 0 | H53: 0 | I53: 0 | J53: 150 | K53: 0 | L53: 0 | M53: 0 | N53: 0 | O53: 0 | P53: 0 | Q53: 150 | R53: 0 | S53: 0 | T53: 0 | U53: 0 | V53: 0
A54: 1225464 | B54: PBA-파워- 아세이(AP-1516D) | C54: 합계 | D54: 0 | E54: 0 | F54: 175 | G54: 0 | H54: 0 | I54: 25 | J54: 0 | K54: 0 | L54: 0 | M54: 0 | N54: 0 | O54: 0 | P54: 0 | Q54: 799 | R54: 303 | S54: 0 | T54: 0 | U54: 0 | V54: 0
A55: 1229088 | B55: PBA-파워- 아세이(AP-3018B) | C55: 합계 | D55: 0 | E55: 0 | F55: 0 | G55: 0 | H55: 0 | I55: 150 | J55: 0 | K55: 0 | L55: 0 | M55: 0 | N55: 0 | O55: 0 | P55: 0 | Q55: 0 | R55: 0 | S55: 0 | T55: 0 | U55: 0 | V55: 0
A56: 1231860 | B56: PBA-SMPS- 아세이(CPSI-8510L) | C56: 합계 | D56: 0 | E56: 0 | F56: 0 | G56: 0 | H56: 0 | I56: 0 | J56: 100 | K56: 0 | L56: 0 | M56: 0 | N56: 0 | O56: 0 | P56: 0 | Q56: 0 | R56: 0 | S56: 0 | T56: 0 | U56: 0 | V56: 0
A57: 1234222 | B57: PBA-파워- 아세이(AP-1520D_JP) | C57: 합계 | D57: 0 | E57: 0 | F57: 0 | G57: 0 | H57: 0 | I57: 0 | J57: 0 | K57: 0 | L57: 322 | M57: 458 | N57: 0 | O57: 0 | P57: 0 | Q57: 0 | R57: 0 | S57: 0 | T57: 0 | U57: 0 | V57: 0
A58: 1232528 | B58: PBA-메인- 아세이(CHP-264L) | C58: 합계 | D58: 471 | E58: 2060 | F58: 1085 | G58: 0 | H58: 0 | I58: 1330 | J58: 1330 | K58: 485 | L58: 600 | M58: 600 | N58: 0 | O58: 0 | P58: 600 | Q58: 600 | R58: 871 | S58: 1334 | T58: 1734 | U58: 0 | V58: 0
... A74: 1238092 | B74: PBA-SMPS- 아세이(CHP-3140N_BG,싱가포르향) | C74: 합계 | D74: 0 | E74: 11 | F74: 0 | G74: 0 | H74: 0 | I74: 0 | J74: 0 | K74: 0 | L74: 0 | M74: 0 | N74: 0 | O74: 0 | P74: 0 | Q74: 0 | R74: 0 | S74: 0 | T74: 70 | U74: 0 | V74: 0

Sheet 0703
A1: 품번 | B1: 품명 | C1: 구분 | D1: 07/03(목) | E1: 07/04(금) | F1: 07/05(토) | G1: 07/06(일) | H1: 07/07(월) | I1: 07/08(화) | J1: 07/09(수) | K1: 07/10(목) | L1: 07/11(금) | M1: 07/12(토) | N1: 07/13(일) | O1: 07/14(월) | P1: 07/15(화) | Q1: 07/16(수) | R1: 07/17(목) | S1: 07/18(금) | T1: 07/19(토) | U1: 07/20(일)
A2: 1229673 | B2: PBA-TOTAL- 아세이(BA20-D) | C2: 합계 | D2: 0 | E2: 0 | F2: 0 | G2: 0 | H2: 0 | I2: 200 | J2: 228 | K2: 0 | L2: 172 | M2: 0 | N2: 0 | O2: 100 | P2: 100 | Q2: 100 | R2: 0 | S2: 0 | T2: 0 | U2: 0
A3: 1230854 | B3: PBA-토탈- 아세이(BA34-A) | C3: 합계 | D3: 0 | E3: 0 | F3: 0 | G3: 0 | H3: 150 | I3: 0 | J3: 0 | K3: 0 | L3: 0 | M3: 0 | N3: 0 | O3: 0 | P3: 0 | Q3: 0 | R3: 0 | S3: 0 | T3: 0 | U3: 0
A4: 1231202 | B4: PBA-파워- 아세이(AP-1019D) | C4: 합계 | D4: 0 | E4: 0 | F4: 0 | G4: 0 | H4: 0 | I4: 0 | J4: 0 | K4: 0 | L4: 250 | M4: 0 | N4: 0 | O4: 50 | P4: 0 | Q4: 0 | R4: 0 | S4: 0 | T4: 0 | U4: 0
A5: 1233492 | B5: PBA-인버터(AD-1221E) | C5: 합계 | D5: 0 | E5: 0 | F5: 0 | G5: 0 | H5: 0 | I5: 0 | J5: 0 | K5: 538 | L5: 558 | M5: 0 | N5: 0 | O5: 704 | P5: 778 | Q5: 168 | R5: 0 | S5: 0 | T5: 0 | U5: 0
A6: 1233498 | B6: PBA-파워- 아세이(AD-1221E) | C6: 합계 | D6: 0 | E6: 0 | F6: 0 | G6: 0 | H6: 0 | I6: 0 | J6: 0 | K6: 538 | L6: 558 | M6: 0 | N6: 0 | O6: 704 | P6: 778 | Q6: 168 | R6: 0 | S6: 0 | T6: 0 | U6: 0
A7: 1233623 | B7: PBA-노이즈필터- 아세이(AD-1221E) | C7: 합계 | D7: 0 | E7: 0 | F7: 0 | G7: 0 | H7: 0 | I7: 0 | J7: 0 | K7: 538 | L7: 558 | M7: 0 | N7: 0 | O7: 704 | P7: 778 | Q7: 168 | R7: 0 | S7: 0 | T7: 0 | U7: 0
A8: 1232693 | B8: PBA-플라즈마파워유닛- 아세이(AP-1520C ) | C8: 합계 | D8: 776 | E8: 840 | F8: 0 | G8: 0 | H8: 76 | I8: 0 | J8: 0 | K8: 0 | L8: 0 | M8: 0 | N8: 0 | O8: 0 | P8: 0 | Q8: 0 | R8: 0 | S8: 0 | T8: 0 | U8: 0
A9: 1233025 | B9: PBA-메인- 아세이(AP-1520C) | C9: 합계 | D9: 776 | E9: 840 | F9: 0 | G9: 0 | H9: 76 | I9: 0 | J9: 0 | K9: 0 | L9: 0 | M9: 0 | N9: 0 | O9: 0 | P9: 0 | Q9: 0 | R9: 0 | S9: 0 | T9: 0 | U9: 0
A10: 1235623 | B10: PBA-SMPS- 아세이(CHP-7211N_WT,일본향) | C10: 합계 | D10: 0 | E10: 0 | F10: 0 | G10: 0 | H10: 632 | I10: 934 | J10: 734 | K10: 734 | L10: 190 | M10: 0 | N10: 0 | O10: 0 | P10: 0 | Q10: 0 | R10: 0 | S10: 0 | T10: 0 | U10: 0
A11: 1237088 | B11: PBA-파워- 아세이(BAS40-A) | C11: 합계 | D11: 1274 | E11: 1076 | F11: 0 | G11: 0 | H11: 124 | I11: 0 | J11: 0 | K11: 314 | L11: 0 | M11: 0 | N11: 0 | O11: 582 | P11: 850 | Q11: 220 | R11: 576 | S11: 430 | T11: 0 | U11: 0
A12: 1237748 | B12: PBA-SMPS- 아세이(CHP-1201N) | C12: 합계 | D12: 20 | E12: 0 | F12: 0 | G12: 0 | H12: 0 | I12: 0 | J12: 0 | K12: 0 | L12: 0 | M12: 0 | N12: 0 | O12: 0 | P12: 0 | Q12: 0 | R12: 0 | S12: 0 | T12: 0 | U12: 0
A13: 1231898 | B13: PBA-컨트롤- 아세이(BA36-A) | C13: 합계 | D13: 0 | E13: 0 | F13: 0 | G13: 0 | H13: 0 | I13: 740 | J13: 580 | K13: 480 | L13: 512 | M13: 0 | N13: 0 | O13: 0 | P13: 0 | Q13: 392 | R13: 400 | S13: 400 | T13: 0 | U13: 0
... A21: 1240184 | B21: PBA-히터- 아세이(CHPI-7410N) | C21: 합계 | D21: 0 | E21: 0 | F21: 0 | G21: 0 | H21: 0 | I21: 316 | J21: 468 | K21: 402 | L21: 390 | M21: 0 | N21: 0 | O21: 736 | P21: 382 | Q21: 452 | R21: 736 | S21: 548 | T21: 0 | U21: 0
A27: 품번 | B27: 품명 | C27: 구분 | D27: 07/03(목) | E27: 07/04(금) | F27: 07/05(토) | G27: 07/06(일) | H27: 07/07(월) | I27: 07/08(화) | J27: 07/09(수) | K27: 07/10(목) | L27: 07/11(금) | M27: 07/12(토) | N27: 07/13(일) | O27: 07/14(월) | P27: 07/15(화) | Q27: 07/16(수) | R27: 07/17(목) | S27: 07/18(금) | T27: 07/19(토) | U27: 07/20(일)
A28: 1219539 | B28: 아답터(P-300R/P-230R, 말련향, 파워넷) | C28: 합계 | D28: 0 | E28: 0 | F28: 0 | G28: 0 | H28: 0 | I28: 0 | J28: 0 | K28: 0 | L28: 0 | M28: 0 | N28: 0 | O28: 0 | P28: 211 | Q28: 229 | R28: 0 | S28: 0 | T28: 0 | U28: 0
A29: 1232846 | B29: PBA-프론트- 아세이(P-6320L) | C29: 합계 | D29: 0 | E29: 0 | F29: 0 | G29: 0 | H29: 365 | I29: 448 | J29: 87 | K29: 0 | L29: 0 | M29: 0 | N29: 0 | O29: 0 | P29: 0 | Q29: 0 | R29: 0 | S29: 122 | T29: 0 | U29: 0
A30: 1232895 | B30: PBA-메인- 아세이(P-6320L) | C30: 합계 | D30: 0 | E30: 0 | F30: 0 | G30: 0 | H30: 365 | I30: 448 | J30: 87 | K30: 0 | L30: 0 | M30: 0 | N30: 0 | O30: 0 | P30: 0 | Q30: 0 | R30: 0 | S30: 122 | T30: 0 | U30: 0
A31: 1233384 | B31: 아답터(P-6320L) | C31: 합계 | D31: 0 | E31: 0 | F31: 0 | G31: 0 | H31: 365 | I31: 448 | J31: 87 | K31: 0 | L31: 0 | M31: 0 | N31: 0 | O31: 0 | P31: 0 | Q31: 0 | R31: 0 | S31: 122 | T31: 0 | U31: 0
A32: 1232775 | B32: PBA-파워- 아세이(AP-2021A) | C32: 합계 | D32: 312 | E32: 309 | F32: 0 | G32: 0 | H32: 34 | I32: 106 | J32: 415 | K32: 537 | L32: 136 | M32: 0 | N32: 0 | O32: 0 | P32: 105 | Q32: 243 | R32: 606 | S32: 410 | T32: 0 | U32: 0
A33: 1238605 | B33: PBA-파워- 아세이(AP-3024H) | C33: 합계 | D33: 189 | E33: 191 | F33: 0 | G33: 0 | H33: 189 | I33: 115 | J33: 0 | K33: 0 | L33: 0 | M33: 0 | N33: 0 | O33: 0 | P33: 0 | Q33: 0 | R33: 0 | S33: 0 | T33: 0 | U33: 0
A34: 1230685 | B34: PBA-파워- 아세이(AP-1519B) | C34: 합계 | D34: 0 | E34: 0 | F34: 0 | G34: 0 | H34: 0 | I34: 0 | J34: 0 | K34: 0 | L34: 25 | M34: 0 | N34: 0 | O34: 420 | P34: 57 | Q34: 0 | R34: 0 | S34: 0 | T34: 0 | U34: 0
A39: 품번 | B39: 품명 | C39: 구분 | D39: 07/03(목) | E39: 07/04(금) | F39: 07/05(토) | G39: 07/06(일) | H39: 07/07(월) | I39: 07/08(화) | J39: 07/09(수) | K39: 07/10(목) | L39: 07/11(금) | M39: 07/12(토) | N39: 07/13(일) | O39: 07/14(월) | P39: 07/15(화) | Q39: 07/16(수) | R39: 07/17(목) | S39: 07/18(금) | T39: 07/19(토) | U39: 07/20(일)
A40: 1234614 | B40: PBA-메인- 아세이(CHP-261N 일본향) | C40: 합계 | D40: 0 | E40: 0 | F40: 0 | G40: 0 | H40: 0 | I40: 0 | J40: 0 | K40: 18 | L40: 730 | M40: 0 | N40: 0 | O40: 352 | P40: 0 | Q40: 0 | R40: 0 | S40: 0 | T40: 0 | U40: 0
A41: 1220847 | B41: PBA-SMPS(CHP-670, ERP(35W)) | C41: 합계 | D41: 0 | E41: 0 | F41: 0 | G41: 0 | H41: 0 | I41: 0 | J41: 0 | K41: 0 | L41: 0 | M41: 0 | N41: 0 | O41: 0 | P41: 0 | Q41: 0 | R41: 330 | S41: 0 | T41: 0 | U41: 0
A42: 1221967 | B42: PBA-SMPS- 아세이(CHP-06ER, ERP(35W)) | C42: 합계 | D42: 263 | E42: 44 | F42: 0 | G42: 0 | H42: 0 | I42: 0 | J42: 0 | K42: 0 | L42: 0 | M42: 0 | N42: 0 | O42: 0 | P42: 0 | Q42: 0 | R42: 0 | S42: 265 | T42: 0 | U42: 0
A43: 1227306 | B43: PBA-파워V2- 아세이(CHPI-620L) | C43: 합계 | D43: 483 | E43: 64 | F43: 0 | G43: 0 | H43: 0 | I43: 312 | J43: 339 | K43: 487 | L43: 0 | M43: 0 | N43: 0 | O43: 40 | P43: 0 | Q43: 523 | R43: 327 | S43: 0 | T43: 0 | U43: 0
A44: 1227359 | B44: PBA-파워- 아세이(CHPI-620L) | C44: 합계 | D44: 0 | E44: 0 | F44: 0 | G44: 0 | H44: 0 | I44: 0 | J44: 0 | K44: 0 | L44: 0 | M44: 0 | N44: 0 | O44: 20 | P44: 0 | Q44: 0 | R44: 0 | S44: 0 | T44: 0 | U44: 0
A45: 1225464 | B45: PBA-파워- 아세이(AP-1516D) | C45: 합계 | D45: 0 | E45: 175 | F45: 0 | G45: 0 | H45: 25 | I45: 0 | J45: 0 | K45: 0 | L45: 0 | M45: 0 | N45: 0 | O45: 0 | P45: 799 | Q45: 303 | R45: 0 | S45: 0 | T45: 0 | U45: 0
A46: 1229776 | B46: PBA-필터(CHP-5700R) | C46: 합계 | D46: 210 | E46: 0 | F46: 0 | G46: 0 | H46: 0 | I46: 150 | J46: 0 | K46: 0 | L46: 0 | M46: 0 | N46: 0 | O46: 0 | P46: 0 | Q46: 0 | R46: 0 | S46: 0 | T46: 0 | U46: 0
A47: 1231090 | B47: PBA-SMPS(CHP-5700R) | C47: 합계 | D47: 210 | E47: 0 | F47: 0 | G47: 0 | H47: 0 | I47: 150 | J47: 0 | K47: 0 | L47: 0 | M47: 0 | N47: 0 | O47: 0 | P47: 0 | Q47: 0 | R47: 0 | S47: 0 | T47: 0 | U47: 0
A48: 1229088 | B48: PBA-파워- 아세이(AP-3018B) | C48: 합계 | D48: 0 | E48: 0 | F48: 0 | G48: 0 | H48: 150 | I48: 0 | J48: 0 | K48: 0 | L48: 0 | M48: 0 | N48: 0 | O48: 0 | P48: 0 | Q48: 0 | R48: 0 | S48: 0 | T48: 0 | U48: 0
A49: 1231860 | B49: PBA-SMPS- 아세이(CPSI-8510L) | C49: 합계 | D49: 0 | E49: 0 | F49: 0 | G49: 0 | H49: 0 | I49: 100 | J49: 0 | K49: 0 | L49: 0 | M49: 0 | N49: 0 | O49: 0 | P49: 0 | Q49: 0 | R49: 0 | S49: 0 | T49: 0 | U49: 0
A50: 1234222 | B50: PBA-파워- 아세이(AP-1520D_JP) | C50: 합계 | D50: 0 | E50: 0 | F50: 0 | G50: 0 | H50: 0 | I50: 0 | J50: 0 | K50: 322 | L50: 458 | M50: 0 | N50: 0 | O50: 0 | P50: 0 | Q50: 0 | R50: 0 | S50: 0 | T50: 0 | U50: 0
A51: 1232528 | B51: PBA-메인- 아세이(CHP-264L) | C51: 합계 | D51: 2060 | E51: 1085 | F51: 0 | G51: 0 | H51: 1330 | I51: 1330 | J51: 485 | K51: 600 | L51: 600 | M51: 0 | N51: 0 | O51: 600 | P51: 1043 | Q51: 1045 | R51: 2060 | S51: 1318 | T51: 0 | U51: 0
... A67: 1238092 | B67: PBA-SMPS- 아세이(CHP-3140N_BG,싱가포르향) | C67: 합계 | D67: 11 | E67: 0 | F67: 0 | G67: 0 | H67: 0 | I67: 0 | J67: 0 | K67: 0 | L67: 0 | M67: 0 | N67: 0 | O67: 0 | P67: 0 | Q67: 0 | R67: 0 | S67: 70 | T67: 0 | U67: 0

Sheet 0703-2
A1: 품번 | B1: 품명 | C1: 구분 | D1: 07/03(목) | E1: 07/04(금) | F1: 07/05(토) | G1: 07/06(일) | H1: 07/07(월) | I1: 07/08(화) | J1: 07/09(수) | K1: 07/10(목) | L1: 07/11(금) | M1: 07/12(토) | N1: 07/13(일) | O1: 07/14(월) | P1: 07/15(화) | Q1: 07/16(수) | R1: 07/17(목) | S1: 07/18(금) | T1: 07/19(토) | U1: 07/20(일) | V1: 07/21(월) | W1: 07/22(화) | X1: 07/23(수)
A2: 1229673 | B2: PBA-TOTAL- 아세이(BA20-D) | C2: 합계 | D2: 0 | E2: 0 | F2: 0 | G2: 0 | H2: 0 | I2: 200 | J2: 228 | K2: 0 | L2: 172 | M2: 0 | N2: 0 | O2: 100 | P2: 100 | Q2: 100 | R2: 0 | S2: 0 | T2: 0 | U2: 0 | V2: 0 | W2: 0 | X2: 0 | Y2: =SUM(D2:X2) -> 900 | Z2: =VLOOKUP(A2,A27:V46,22,0) -> 900 | AA2: =Y2-Z2 -> 0
A3: 1230854 | B3: PBA-토탈- 아세이(BA34-A) | C3: 합계 | D3: 0 | E3: 0 | F3: 0 | G3: 0 | H3: 150 | I3: 0 | J3: 0 | K3: 0 | L3: 0 | M3: 0 | N3: 0 | O3: 0 | P3: 0 | Q3: 0 | R3: 0 | S3: 0 | T3: 0 | U3: 0 | V3: 0 | W3: 0 | X3: 0 | Y3: =SUM(D3:X3) -> 150 | Z3: =VLOOKUP(A3,A28:V47,22,0) -> 150 | AA3: =Y3-Z3 -> 0
A4: 1231202 | B4: PBA-파워- 아세이(AP-1019D) | C4: 합계 | D4: 0 | E4: 0 | F4: 0 | G4: 0 | H4: 0 | I4: 0 | J4: 0 | K4: 0 | L4: 250 | M4: 0 | N4: 0 | O4: 50 | P4: 0 | Q4: 0 | R4: 0 | S4: 0 | T4: 0 | U4: 0 | V4: 0 | W4: 0 | X4: 0 | Y4: =SUM(D4:X4) -> 300 | Z4: =VLOOKUP(A4,A29:V48,22,0) -> 300 | AA4: =Y4-Z4 -> 0
A5: 1233492 | B5: PBA-인버터(AD-1221E) | C5: 합계 | D5: 0 | E5: 0 | F5: 0 | G5: 0 | H5: 0 | I5: 0 | J5: 0 | K5: 538 | L5: 558 | M5: 0 | N5: 0 | O5: 704 | P5: 778 | Q5: 168 | R5: 0 | S5: 0 | T5: 0 | U5: 0 | V5: 0 | W5: 0 | X5: 0 | Y5: =SUM(D5:X5) -> 2746 | Z5: =VLOOKUP(A5,A30:V49,22,0) -> 2746 | AA5: =Y5-Z5 -> 0
A6: 1233498 | B6: PBA-파워- 아세이(AD-1221E) | C6: 합계 | D6: 0 | E6: 0 | F6: 0 | G6: 0 | H6: 0 | I6: 0 | J6: 0 | K6: 538 | L6: 558 | M6: 0 | N6: 0 | O6: 704 | P6: 778 | Q6: 168 | R6: 0 | S6: 0 | T6: 0 | U6: 0 | V6: 0 | W6: 0 | X6: 0 | Y6: =SUM(D6:X6) -> 2746 | Z6: =VLOOKUP(A6,A31:V50,22,0) -> 2746 | AA6: =Y6-Z6 -> 0
A7: 1233623 | B7: PBA-노이즈필터- 아세이(AD-1221E) | C7: 합계 | D7: 0 | E7: 0 | F7: 0 | G7: 0 | H7: 0 | I7: 0 | J7: 0 | K7: 538 | L7: 558 | M7: 0 | N7: 0 | O7: 704 | P7: 778 | Q7: 168 | R7: 0 | S7: 0 | T7: 0 | U7: 0 | V7: 0 | W7: 0 | X7: 0 | Y7: =SUM(D7:X7) -> 2746 | Z7: =VLOOKUP(A7,A32:V51,22,0) -> 2746 | AA7: =Y7-Z7 -> 0
A8: 1232693 | B8: PBA-플라즈마파워유닛- 아세이(AP-1520C ) | C8: 합계 | D8: 776 | E8: 840 | F8: 0 | G8: 0 | H8: 76 | I8: 0 | J8: 0 | K8: 0 | L8: 0 | M8: 0 | N8: 0 | O8: 0 | P8: 0 | Q8: 0 | R8: 0 | S8: 0 | T8: 0 | U8: 0 | V8: 0 | W8: 0 | X8: 0 | Y8: =SUM(D8:X8) -> 1692 | Z8: =VLOOKUP(A8,A33:V52,22,0) -> 1692 | AA8: =Y8-Z8 -> 0
A9: 1233025 | B9: PBA-메인- 아세이(AP-1520C) | C9: 합계 | D9: 776 | E9: 840 | F9: 0 | G9: 0 | H9: 76 | I9: 0 | J9: 0 | K9: 0 | L9: 0 | M9: 0 | N9: 0 | O9: 0 | P9: 0 | Q9: 0 | R9: 0 | S9: 0 | T9: 0 | U9: 0 | V9: 0 | W9: 0 | X9: 0 | Y9: =SUM(D9:X9) -> 1692 | Z9: =VLOOKUP(A9,A34:V53,22,0) -> 1692 | AA9: =Y9-Z9 -> 0
A10: 1235623 | B10: PBA-SMPS- 아세이(CHP-7211N_WT,일본향) | C10: 합계 | D10: 0 | E10: 0 | F10: 0 | G10: 0 | H10: 582 | I10: 934 | J10: 734 | K10: 734 | L10: 240 | M10: 0 | N10: 0 | O10: 0 | P10: 0 | Q10: 0 | R10: 0 | S10: 0 | T10: 0 | U10: 0 | V10: 0 | W10: 0 | X10: 0 | Y10: =SUM(D10:X10) -> 3224 | Z10: =VLOOKUP(A10,A35:V54,22,0) -> 3224 | AA10: =Y10-Z10 -> 0
A11: 1237088 | B11: PBA-파워- 아세이(BAS40-A) | C11: 합계 | D11: 1274 | E11: 1076 | F11: 0 | G11: 0 | H11: 124 | I11: 0 | J11: 0 | K11: 314 | L11: 0 | M11: 0 | N11: 0 | O11: 582 | P11: 850 | Q11: 220 | R11: 576 | S11: 430 | T11: 0 | U11: 0 | V11: 0 | W11: 0 | X11: 0 | Y11: =SUM(D11:X11) -> 5446 | Z11: =VLOOKUP(A11,A36:V55,22,0) -> 5446 | AA11: =Y11-Z11 -> 0
A12: 1237748 | B12: PBA-SMPS- 아세이(CHP-1201N) | C12: 합계 | D12: 20 | E12: 0 | F12: 0 | G12: 0 | H12: 0 | I12: 0 | J12: 0 | K12: 0 | L12: 0 | M12: 0 | N12: 0 | O12: 0 | P12: 0 | Q12: 0 | R12: 0 | S12: 0 | T12: 0 | U12: 0 | V12: 0 | W12: 0 | X12: 0 | Y12: =SUM(D12:X12) -> 20 | Z12: =VLOOKUP(A12,A37:V56,22,0) -> 20 | AA12: =Y12-Z12 -> 0
A13: 1231898 | B13: PBA-컨트롤- 아세이(BA36-A) | C13: 합계 | D13: 0 | E13: 0 | F13: 0 | G13: 0 | H13: 0 | I13: 740 | J13: 580 | K13: 480 | L13: 512 | M13: 0 | N13: 0 | O13: 0 | P13: 0 | Q13: 392 | R13: 400 | S13: 400 | T13: 0 | U13: 0 | V13: 0 | W13: 0 | X13: 0 | Y13: =SUM(D13:X13) -> 3504 | Z13: =VLOOKUP(A13,A38:V57,22,0) -> 3504 | AA13: =Y13-Z13 -> 0
... A21: 1240184 | B21: PBA-히터- 아세이(CHPI-7410N) | C21: 합계 | D21: 0 | E21: 0 | F21: 0 | G21: 0 | H21: 0 | I21: 316 | J21: 468 | K21: 402 | L21: 390 | M21: 0 | N21: 0 | O21: 736 | P21: 382 | Q21: 452 | R21: 736 | S21: 548 | T21: 0 | U21: 0 | V21: 0 | W21: 0 | X21: 0 | Y21: =SUM(D21:X21) -> 4430 | Z21: =VLOOKUP(A21,A46:V65,22,0) -> 4430 | AA21: =Y21-Z21 -> 0
A26: 품번 | B26: 품명 | C26: 구분 | D26: 07/03(목) | E26: 07/04(금) | F26: 07/05(토) | G26: 07/06(일) | H26: 07/07(월) | I26: 07/08(화) | J26: 07/09(수) | K26: 07/10(목) | L26: 07/11(금) | M26: 07/12(토) | N26: 07/13(일) | O26: 07/14(월) | P26: 07/15(화) | Q26: 07/16(수) | R26: 07/17(목) | S26: 07/18(금) | T26: 07/19(토) | U26: 07/20(일)
A27: 1229673 | B27: PBA-TOTAL- 아세이(BA20-D) | C27: 합계 | D27: 0 | E27: 0 | F27: 0 | G27: 0 | H27: 0 | I27: 200 | J27: 228 | K27: 0 | L27: 172 | M27: 0 | N27: 0 | O27: 100 | P27: 100 | Q27: 100 | R27: 0 | S27: 0 | T27: 0 | U27: 0 | V27: =SUM(D27:U27) -> 900 | W27: =VLOOKUP(A27,A2:Y21,25,0) -> 900 | X27: =V27-W27 -> 0
A28: 1230854 | B28: PBA-토탈- 아세이(BA34-A) | C28: 합계 | D28: 0 | E28: 0 | F28: 0 | G28: 0 | H28: 150 | I28: 0 | J28: 0 | K28: 0 | L28: 0 | M28: 0 | N28: 0 | O28: 0 | P28: 0 | Q28: 0 | R28: 0 | S28: 0 | T28: 0 | U28: 0 | V28: =SUM(D28:U28) -> 150 | W28: =VLOOKUP(A28,A3:Y22,25,0) -> 150 | X28: =V28-W28 -> 0
A29: 1231202 | B29: PBA-파워- 아세이(AP-1019D) | C29: 합계 | D29: 0 | E29: 0 | F29: 0 | G29: 0 | H29: 0 | I29: 0 | J29: 0 | K29: 0 | L29: 250 | M29: 0 | N29: 0 | O29: 50 | P29: 0 | Q29: 0 | R29: 0 | S29: 0 | T29: 0 | U29: 0 | V29: =SUM(D29:U29) -> 300 | W29: =VLOOKUP(A29,A4:Y23,25,0) -> 300 | X29: =V29-W29 -> 0
A30: 1233492 | B30: PBA-인버터(AD-1221E) | C30: 합계 | D30: 0 | E30: 0 | F30: 0 | G30: 0 | H30: 0 | I30: 0 | J30: 0 | K30: 538 | L30: 558 | M30: 0 | N30: 0 | O30: 704 | P30: 778 | Q30: 168 | R30: 0 | S30: 0 | T30: 0 | U30: 0 | V30: =SUM(D30:U30) -> 2746 | W30: =VLOOKUP(A30,A5:Y24,25,0) -> 2746 | X30: =V30-W30 -> 0
A31: 1233498 | B31: PBA-파워- 아세이(AD-1221E) | C31: 합계 | D31: 0 | E31: 0 | F31: 0 | G31: 0 | H31: 0 | I31: 0 | J31: 0 | K31: 538 | L31: 558 | M31: 0 | N31: 0 | O31: 704 | P31: 778 | Q31: 168 | R31: 0 | S31: 0 | T31: 0 | U31: 0 | V31: =SUM(D31:U31) -> 2746 | W31: =VLOOKUP(A31,A6:Y25,25,0) -> 2746 | X31: =V31-W31 -> 0
A32: 1233623 | B32: PBA-노이즈필터- 아세이(AD-1221E) | C32: 합계 | D32: 0 | E32: 0 | F32: 0 | G32: 0 | H32: 0 | I32: 0 | J32: 0 | K32: 538 | L32: 558 | M32: 0 | N32: 0 | O32: 704 | P32: 778 | Q32: 168 | R32: 0 | S32: 0 | T32: 0 | U32: 0 | V32: =SUM(D32:U32) -> 2746 | W32: =VLOOKUP(A32,A7:Y26,25,0) -> 2746 | X32: =V32-W32 -> 0
A33: 1232693 | B33: PBA-플라즈마파워유닛- 아세이(AP-1520C ) | C33: 합계 | D33: 776 | E33: 840 | F33: 0 | G33: 0 | H33: 76 | I33: 0 | J33: 0 | K33: 0 | L33: 0 | M33: 0 | N33: 0 | O33: 0 | P33: 0 | Q33: 0 | R33: 0 | S33: 0 | T33: 0 | U33: 0 | V33: =SUM(D33:U33) -> 1692 | W33: =VLOOKUP(A33,A8:Y27,25,0) -> 1692 | X33: =V33-W33 -> 0
A34: 1233025 | B34: PBA-메인- 아세이(AP-1520C) | C34: 합계 | D34: 776 | E34: 840 | F34: 0 | G34: 0 | H34: 76 | I34: 0 | J34: 0 | K34: 0 | L34: 0 | M34: 0 | N34: 0 | O34: 0 | P34: 0 | Q34: 0 | R34: 0 | S34: 0 | T34: 0 | U34: 0 | V34: =SUM(D34:U34) -> 1692 | W34: =VLOOKUP(A34,A9:Y28,25,0) -> 1692 | X34: =V34-W34 -> 0
A35: 1235623 | B35: PBA-SMPS- 아세이(CHP-7211N_WT,일본향) | C35: 합계 | D35: 0 | E35: 0 | F35: 0 | G35: 0 | H35: 632 | I35: 934 | J35: 734 | K35: 734 | L35: 190 | M35: 0 | N35: 0 | O35: 0 | P35: 0 | Q35: 0 | R35: 0 | S35: 0 | T35: 0 | U35: 0 | V35: =SUM(D35:U35) -> 3224 | W35: =VLOOKUP(A35,A10:Y29,25,0) -> 3224 | X35: =V35-W35 -> 0
A36: 1237088 | B36: PBA-파워- 아세이(BAS40-A) | C36: 합계 | D36: 1274 | E36: 1076 | F36: 0 | G36: 0 | H36: 124 | I36: 0 | J36: 0 | K36: 314 | L36: 0 | M36: 0 | N36: 0 | O36: 582 | P36: 850 | Q36: 220 | R36: 576 | S36: 430 | T36: 0 | U36: 0 | V36: =SUM(D36:U36) -> 5446 | W36: =VLOOKUP(A36,A11:Y30,25,0) -> 5446 | X36: =V36-W36 -> 0
A37: 1237748 | B37: PBA-SMPS- 아세이(CHP-1201N) | C37: 합계 | D37: 20 | E37: 0 | F37: 0 | G37: 0 | H37: 0 | I37: 0 | J37: 0 | K37: 0 | L37: 0 | M37: 0 | N37: 0 | O37: 0 | P37: 0 | Q37: 0 | R37: 0 | S37: 0 | T37: 0 | U37: 0 | V37: =SUM(D37:U37) -> 20 | W37: =VLOOKUP(A37,A12:Y31,25,0) -> 20 | X37: =V37-W37 -> 0
A38: 1231898 | B38: PBA-컨트롤- 아세이(BA36-A) | C38: 합계 | D38: 0 | E38: 0 | F38: 0 | G38: 0 | H38: 0 | I38: 740 | J38: 580 | K38: 480 | L38: 512 | M38: 0 | N38: 0 | O38: 0 | P38: 0 | Q38: 392 | R38: 400 | S38: 400 | T38: 0 | U38: 0 | V38: =SUM(D38:U38) -> 3504 | W38: =VLOOKUP(A38,A13:Y32,25,0) -> 3504 | X38: =V38-W38 -> 0
... A46: 1240184 | B46: PBA-히터- 아세이(CHPI-7410N) | C46: 합계 | D46: 0 | E46: 0 | F46: 0 | G46: 0 | H46: 0 | I46: 316 | J46: 468 | K46: 402 | L46: 390 | M46: 0 | N46: 0 | O46: 736 | P46: 382 | Q46: 452 | R46: 736 | S46: 548 | T46: 0 | U46: 0 | V46: =SUM(D46:U46) -> 4430 | W46: =VLOOKUP(A46,A21:Y40,25,0) -> 4430 | X46: =V46-W46 -> 0

Sheet 0704
A1: 품번 | B1: 품명 | C1: 구분 | D1: 07/04(금) | E1: 07/05(토) | F1: 07/06(일) | G1: 07/07(월) | H1: 07/08(화) | J1: 07/10(목) | K1: 07/11(금) | L1: 07/12(토) | M1: 07/13(일) | N1: 07/14(월) | O1: 07/15(화) | P1: 07/16(수) | Q1: 07/17(목) | R1: 07/18(금) | S1: 07/19(토) | T1: 07/20(일)
A2: 1229673 | B2: PBA-TOTAL- 아세이(BA20-D) | C2: 합계 | D2: 0 | E2: 0 | F2: 0 | G2: 0 | H2: 200 | I2: 228 | J2: 0 | K2: 172 | L2: 0 | M2: 0 | N2: 100 | O2: 100 | P2: 100 | Q2: 0 | R2: 0 | S2: 0 | T2: 0
A3: 1230854 | B3: PBA-토탈- 아세이(BA34-A) | C3: 합계 | D3: 0 | E3: 0 | F3: 0 | G3: 150 | H3: 0 | I3: 0 | J3: 0 | K3: 0 | L3: 0 | M3: 0 | N3: 0 | O3: 0 | P3: 0 | Q3: 0 | R3: 0 | S3: 0 | T3: 0
A4: 1231202 | B4: PBA-파워- 아세이(AP-1019D) | C4: 합계 | D4: 0 | E4: 0 | F4: 0 | G4: 0 | H4: 0 | I4: 0 | J4: 0 | K4: 250 | L4: 0 | M4: 0 | N4: 50 | O4: 0 | P4: 0 | Q4: 0 | R4: 0 | S4: 0 | T4: 0
A5: 1233492 | B5: PBA-인버터(AD-1221E) | C5: 합계 | D5: 0 | E5: 0 | F5: 0 | G5: 0 | H5: 0 | I5: 0 | J5: 538 | K5: 558 | L5: 0 | M5: 0 | N5: 704 | O5: 778 | P5: 168 | Q5: 0 | R5: 0 | S5: 0 | T5: 0
A6: 1233498 | B6: PBA-파워- 아세이(AD-1221E) | C6: 합계 | D6: 0 | E6: 0 | F6: 0 | G6: 0 | H6: 0 | I6: 0 | J6: 538 | K6: 558 | L6: 0 | M6: 0 | N6: 704 | O6: 778 | P6: 168 | Q6: 0 | R6: 0 | S6: 73 | T6: 0
A7: 1233623 | B7: PBA-노이즈필터- 아세이(AD-1221E) | C7: 합계 | D7: 0 | E7: 0 | F7: 0 | G7: 0 | H7: 0 | I7: 0 | J7: 538 | K7: 558 | L7: 0 | M7: 0 | N7: 704 | O7: 778 | P7: 168 | Q7: 0 | R7: 0 | S7: 0 | T7: 0
A8: 1232693 | B8: PBA-플라즈마파워유닛- 아세이(AP-1520C ) | C8: 합계 | D8: 840 | E8: 0 | F8: 0 | G8: 76 | H8: 0 | I8: 0 | J8: 0 | K8: 0 | L8: 0 | M8: 0 | N8: 0 | O8: 0 | P8: 0 | Q8: 0 | R8: 0 | S8: 0 | T8: 0
A9: 1233025 | B9: PBA-메인- 아세이(AP-1520C) | C9: 합계 | D9: 840 | E9: 0 | F9: 0 | G9: 76 | H9: 0 | I9: 0 | J9: 0 | K9: 0 | L9: 0 | M9: 0 | N9: 0 | O9: 0 | P9: 0 | Q9: 0 | R9: 0 | S9: 0 | T9: 0
A10: 1235623 | B10: PBA-SMPS- 아세이(CHP-7211N_WT,일본향) | C10: 합계 | D10: 0 | E10: 0 | F10: 0 | G10: 582 | H10: 934 | I10: 734 | J10: 734 | K10: 240 | L10: 0 | M10: 0 | N10: 0 | O10: 0 | P10: 0 | Q10: 0 | R10: 0 | S10: 0 | T10: 0
A11: 1237088 | B11: PBA-파워- 아세이(BAS40-A) | C11: 합계 | D11: 1076 | E11: 0 | F11: 0 | G11: 124 | H11: 0 | I11: 0 | J11: 314 | K11: 0 | L11: 0 | M11: 0 | N11: 582 | O11: 850 | P11: 220 | Q11: 576 | R11: 430 | S11: 0 | T11: 0
A12: 1231898 | B12: PBA-컨트롤- 아세이(BA36-A) | C12: 합계 | D12: 0 | E12: 0 | F12: 0 | G12: 0 | H12: 740 | I12: 580 | J12: 480 | K12: 512 | L12: 0 | M12: 0 | N12: 0 | O12: 0 | P12: 392 | Q12: 400 | R12: 400 | S12: 0 | T12: 0
A13: 1237586 | B13: PBA-토탈- 아세이(BA36-B) | C13: 합계 | D13: 0 | E13: 0 | F13: 0 | G13: 0 | H13: 740 | I13: 580 | J13: 480 | K13: 512 | L13: 0 | M13: 0 | N13: 0 | O13: 0 | P13: 392 | Q13: 400 | R13: 400 | S13: 0 | T13: 0
... A20: 1240184 | B20: PBA-히터- 아세이(CHPI-7410N) | C20: 합계 | D20: 0 | E20: 0 | F20: 0 | G20: 0 | H20: 316 | I20: 468 | J20: 402 | K20: 390 | L20: 0 | M20: 0 | N20: 736 | O20: 382 | P20: 452 | Q20: 736 | R20: 548 | S20: 0 | T20: 0
L23: =734-210 -> 524
A27: 품번 | B27: 품명 | C27: 구분 | D27: 07/04(금) | E27: 07/05(토) | F27: 07/06(일) | G27: 07/07(월) | H27: 07/08(화) | I27: 07/09(수) | J27: 07/10(목) | K27: 07/11(금) | L27: 07/12(토) | M27: 07/13(일) | N27: 07/14(월) | O27: 07/15(화) | P27: 07/16(수) | Q27: 07/17(목) | R27: 07/18(금) | S27: 07/19(토) | T27: 07/20(일)
A28: 1219539 | B28: 아답터(P-300R/P-230R, 말련향, 파워넷) | C28: 합계 | D28: 0 | E28: 0 | F28: 0 | G28: 0 | H28: 0 | I28: 0 | J28: 0 | K28: 0 | L28: 0 | M28: 0 | N28: 0 | O28: 211 | P28: 229 | Q28: 0 | R28: 0 | S28: 0 | T28: 0
A29: 1232846 | B29: PBA-프론트- 아세이(P-6320L) | C29: 합계 | D29: 0 | E29: 0 | F29: 0 | G29: 365 | H29: 448 | I29: 87 | J29: 0 | K29: 0 | L29: 0 | M29: 0 | N29: 0 | O29: 0 | P29: 0 | Q29: 0 | R29: 122 | S29: 0 | T29: 0
A30: 1232895 | B30: PBA-메인- 아세이(P-6320L) | C30: 합계 | D30: 0 | E30: 0 | F30: 0 | G30: 365 | H30: 448 | I30: 87 | J30: 0 | K30: 0 | L30: 0 | M30: 0 | N30: 0 | O30: 0 | P30: 0 | Q30: 0 | R30: 122 | S30: 0 | T30: 0
A31: 1233384 | B31: 아답터(P-6320L) | C31: 합계 | D31: 0 | E31: 0 | F31: 0 | G31: 365 | H31: 448 | I31: 87 | J31: 0 | K31: 0 | L31: 0 | M31: 0 | N31: 0 | O31: 0 | P31: 0 | Q31: 0 | R31: 122 | S31: 0 | T31: 0
A32: 1232775 | B32: PBA-파워- 아세이(AP-2021A) | C32: 합계 | D32: 309 | E32: 0 | F32: 0 | G32: 34 | H32: 106 | I32: 415 | J32: 537 | K32: 136 | L32: 0 | M32: 0 | N32: 0 | O32: 105 | P32: 243 | Q32: 606 | R32: 410 | S32: 0 | T32: 0
A33: 1238605 | B33: PBA-파워- 아세이(AP-3024H) | C33: 합계 | D33: 191 | E33: 0 | F33: 0 | G33: 189 | H33: 115 | I33: 0 | J33: 0 | K33: 0 | L33: 0 | M33: 0 | N33: 0 | O33: 0 | P33: 0 | Q33: 0 | R33: 0 | S33: 0 | T33: 0
A34: 1230685 | B34: PBA-파워- 아세이(AP-1519B) | C34: 합계 | D34: 0 | E34: 0 | F34: 0 | G34: 0 | H34: 0 | I34: 0 | J34: 0 | K34: 25 | L34: 0 | M34: 0 | N34: 420 | O34: 57 | P34: 0 | Q34: 0 | R34: 0 | S34: 0 | T34: 0
A42: 품번 | B42: 품명 | C42: 구분 | D42: 07/04(금) | E42: 07/05(토) | F42: 07/06(일) | G42: 07/07(월) | H42: 07/08(화) | I42: 07/09(수) | J42: 07/10(목) | K42: 07/11(금) | L42: 07/12(토) | M42: 07/13(일) | N42: 07/14(월) | O42: 07/15(화) | P42: 07/16(수) | Q42: 07/17(목) | R42: 07/18(금) | S42: 07/19(토) | T42: 07/20(일)
A43: 1234614 | B43: PBA-메인- 아세이(CHP-261N 일본향) | C43: 합계 | D43: 0 | E43: 0 | F43: 0 | G43: 0 | H43: 0 | I43: 0 | J43: 18 | K43: 730 | L43: 0 | M43: 0 | N43: 352 | O43: 0 | P43: 0 | Q43: 0 | R43: 0 | S43: 0 | T43: 0
A44: 1220847 | B44: PBA-SMPS(CHP-670, ERP(35W)) | C44: 합계 | D44: 0 | E44: 0 | F44: 0 | G44: 0 | H44: 0 | I44: 0 | J44: 0 | K44: 0 | L44: 0 | M44: 0 | N44: 0 | O44: 0 | P44: 0 | Q44: 330 | R44: 0 | S44: 0 | T44: 0
A45: 1221967 | B45: PBA-SMPS- 아세이(CHP-06ER, ERP(35W)) | C45: 합계 | D45: 44 | E45: 0 | F45: 0 | G45: 0 | H45: 0 | I45: 0 | J45: 0 | K45: 0 | L45: 0 | M45: 0 | N45: 0 | O45: 0 | P45: 0 | Q45: 0 | R45: 265 | S45: 0 | T45: 0
A46: 1227306 | B46: PBA-파워V2- 아세이(CHPI-620L) | C46: 합계 | D46: 64 | E46: 0 | F46: 0 | G46: 0 | H46: 312 | I46: 339 | J46: 487 | K46: 0 | L46: 0 | M46: 0 | N46: 40 | O46: 0 | P46: 523 | Q46: 327 | R46: 0 | S46: 0 | T46: 0
A47: 1227359 | B47: PBA-파워- 아세이(CHPI-620L) | C47: 합계 | D47: 0 | E47: 0 | F47: 0 | G47: 0 | H47: 0 | I47: 0 | J47: 0 | K47: 0 | L47: 0 | M47: 0 | N47: 20 | O47: 0 | P47: 0 | Q47: 0 | R47: 0 | S47: 0 | T47: 0
A48: 1225464 | B48: PBA-파워- 아세이(AP-1516D) | C48: 합계 | D48: 175 | E48: 0 | F48: 0 | G48: 25 | H48: 0 | I48: 0 | J48: 0 | K48: 0 | L48: 0 | M48: 0 | N48: 0 | O48: 799 | P48: 303 | Q48: 0 | R48: 0 | S48: 0 | T48: 0
A49: 1229776 | B49: PBA-필터(CHP-5700R) | C49: 합계 | D49: 0 | E49: 0 | F49: 0 | G49: 0 | H49: 150 | I49: 0 | J49: 0 | K49: 0 | L49: 0 | M49: 0 | N49: 0 | O49: 0 | P49: 0 | Q49: 0 | R49: 0 | S49: 0 | T49: 0
A50: 1231090 | B50: PBA-SMPS(CHP-5700R) | C50: 합계 | D50: 0 | E50: 0 | F50: 0 | G50: 0 | H50: 150 | I50: 0 | J50: 0 | K50: 0 | L50: 0 | M50: 0 | N50: 0 | O50: 0 | P50: 0 | Q50: 0 | R50: 0 | S50: 0 | T50: 0
A51: 1229088 | B51: PBA-파워- 아세이(AP-3018B) | C51: 합계 | D51: 0 | E51: 0 | F51: 0 | G51: 150 | H51: 0 | I51: 0 | J51: 0 | K51: 0 | L51: 0 | M51: 0 | N51: 0 | O51: 0 | P51: 0 | Q51: 0 | R51: 0 | S51: 0 | T51: 0
A52: 1231860 | B52: PBA-SMPS- 아세이(CPSI-8510L) | C52: 합계 | D52: 0 | E52: 0 | F52: 0 | G52: 0 | H52: 100 | I52: 0 | J52: 0 | K52: 0 | L52: 0 | M52: 0 | N52: 0 | O52: 0 | P52: 0 | Q52: 0 | R52: 0 | S52: 0 | T52: 0
A53: 1234222 | B53: PBA-파워- 아세이(AP-1520D_JP) | C53: 합계 | D53: 0 | E53: 0 | F53: 0 | G53: 0 | H53: 0 | I53: 0 | J53: 322 | K53: 458 | L53: 0 | M53: 0 | N53: 0 | O53: 0 | P53: 0 | Q53: 0 | R53: 0 | S53: 0 | T53: 0
A54: 1232528 | B54: PBA-메인- 아세이(CHP-264L) | C54: 합계 | D54: 1085 | E54: 0 | F54: 0 | G54: 1330 | H54: 1330 | I54: 485 | J54: 600 | K54: 600 | L54: 0 | M54: 0 | N54: 600 | O54: 1043 | P54: 1045 | Q54: 2060 | R54: 1318 | S54: 0 | T54: 0
... A70: 1238092 | B70: PBA-SMPS- 아세이(CHP-3140N_BG,싱가포르향) | C70: 합계 | D70: 0 | E70: 0 | F70: 0 | G70: 0 | H70: 0 | I70: 0 | J70: 0 | K70: 0 | L70: 0 | M70: 0 | N70: 0 | O70: 0 | P70: 0 | Q70: 0 | R70: 70 | S70: 0 | T70: 0

Sheet 0707
A1: 품번 | B1: 품명 | C1: 구분 | D1: 07/07(월) | E1: 07/08(화) | F1: 07/09(수) | G1: 07/10(목) | H1: 07/11(금) | I1: 07/12(토) | J1: 07/13(일) | K1: 07/14(월) | L1: 07/15(화) | M1: 07/16(수) | N1: 07/17(목) | O1: 07/18(금) | P1: 07/19(토) | Q1: 07/20(일) | R1: 07/21(월) | S1: 07/22(화) | T1: 07/23(수) | U1: 07/24(목) | V1: 07/25(금) | W1: 07/26(토) | X1: 07/27(일)
A2: 1229673 | B2: PBA-TOTAL- 아세이(BA20-D) | D2: 0 | E2: 200 | F2: 228 | G2: 0 | H2: 172 | I2: 0 | J2: 0 | K2: 100 | L2: 100 | M2: 100 | N2: 0 | O2: 0 | P2: 0 | Q2: 0 | R2: 0 | S2: 0 | T2: 0 | U2: 0 | V2: 0 | W2: 0 | X2: 0
A3: 1230854 | B3: PBA-토탈- 아세이(BA34-A) | D3: 150 | E3: 0 | F3: 0 | G3: 0 | H3: 0 | I3: 0 | J3: 0 | K3: 0 | L3: 0 | M3: 0 | N3: 0 | O3: 0 | P3: 0 | Q3: 0 | R3: 0 | S3: 0 | T3: 0 | U3: 0 | V3: 0 | W3: 0 | X3: 0
A4: 1231202 | B4: PBA-파워- 아세이(AP-1019D) | D4: 0 | E4: 0 | F4: 0 | G4: 0 | H4: 250 | I4: 0 | J4: 0 | K4: 50 | L4: 0 | M4: 0 | N4: 0 | O4: 0 | P4: 0 | Q4: 0 | R4: 0 | S4: 0 | T4: 0 | U4: 0 | V4: 0 | W4: 0 | X4: 0
A5: 1233492 | B5: PBA-인버터(AD-1221E) | D5: 0 | E5: 0 | F5: 0 | G5: 538 | H5: 558 | I5: 0 | J5: 0 | K5: 704 | L5: 778 | M5: 168 | N5: 0 | O5: 0 | P5: 0 | Q5: 0 | R5: 0 | S5: 0 | T5: 0 | U5: 0 | V5: 0 | W5: 0 | X5: 0
A6: 1233498 | B6: PBA-파워- 아세이(AD-1221E) | D6: 0 | E6: 0 | F6: 0 | G6: 538 | H6: 558 | I6: 0 | J6: 0 | K6: 704 | L6: 778 | M6: 168 | N6: 0 | O6: 0 | P6: 0 | Q6: 0 | R6: 0 | S6: 0 | T6: 0 | U6: 0 | V6: 0 | W6: 0 | X6: 0
A7: 1233623 | B7: PBA-노이즈필터- 아세이(AD-1221E) | D7: 0 | E7: 0 | F7: 0 | G7: 538 | H7: 558 | I7: 0 | J7: 0 | K7: 704 | L7: 778 | M7: 168 | N7: 0 | O7: 0 | P7: 0 | Q7: 0 | R7: 0 | S7: 0 | T7: 0 | U7: 0 | V7: 0 | W7: 0 | X7: 0
A8: 1232693 | B8: PBA-플라즈마파워유닛- 아세이(AP-1520C ) | D8: 76 | E8: 0 | F8: 0 | G8: 0 | H8: 0 | I8: 0 | J8: 0 | K8: 0 | L8: 0 | M8: 0 | N8: 0 | O8: 0 | P8: 0 | Q8: 0 | R8: 0 | S8: 0 | T8: 0 | U8: 0 | V8: 0 | W8: 0 | X8: 0
A9: 1233025 | B9: PBA-메인- 아세이(AP-1520C) | D9: 76 | E9: 0 | F9: 0 | G9: 0 | H9: 0 | I9: 0 | J9: 0 | K9: 0 | L9: 0 | M9: 0 | N9: 0 | O9: 0 | P9: 0 | Q9: 0 | R9: 0 | S9: 0 | T9: 0 | U9: 0 | V9: 0 | W9: 0 | X9: 0
A10: 1235623 | B10: PBA-SMPS- 아세이(CHP-7211N_WT,일본향) | D10: 582 | E10: 934 | F10: 734 | G10: 734 | H10: 240 | I10: 0 | J10: 0 | K10: 0 | L10: 0 | M10: 0 | N10: 0 | O10: 0 | P10: 0 | Q10: 0 | R10: 0 | S10: 0 | T10: 0 | U10: 0 | V10: 0 | W10: 0 | X10: 0
A11: 1237088 | B11: PBA-파워- 아세이(BAS40-A) | D11: 124 | E11: 0 | F11: 0 | G11: 314 | H11: 0 | I11: 0 | J11: 0 | K11: 582 | L11: 850 | M11: 220 | N11: 576 | O11: 430 | P11: 0 | Q11: 0 | R11: 0 | S11: 0 | T11: 0 | U11: 0 | V11: 0 | W11: 0 | X11: 0
A12: 1231898 | B12: PBA-컨트롤- 아세이(BA36-A) | D12: 0 | E12: 740 | F12: 580 | G12: 480 | H12: 512 | I12: 0 | J12: 0 | K12: 0 | L12: 0 | M12: 392 | N12: 400 | O12: 400 | P12: 0 | Q12: 0 | R12: 0 | S12: 0 | T12: 0 | U12: 0 | V12: 0 | W12: 0 | X12: 0
A13: 1237586 | B13: PBA-토탈- 아세이(BA36-B) | D13: 0 | E13: 740 | F13: 580 | G13: 480 | H13: 512 | I13: 0 | J13: 0 | K13: 0 | L13: 0 | M13: 392 | N13: 400 | O13: 400 | P13: 0 | Q13: 0 | R13: 0 | S13: 0 | T13: 0 | U13: 0 | V13: 0 | W13: 0 | X13: 0
... A20: 1240184 | B20: PBA-히터- 아세이(CHPI-7410N) | D20: 0 | E20: 316 | F20: 468 | G20: 402 | H20: 390 | I20: 0 | J20: 0 | K20: 736 | L20: 382 | M20: 452 | N20: 736 | O20: 548 | P20: 0 | Q20: 0 | R20: 0 | S20: 0 | T20: 0 | U20: 0 | V20: 0 | W20: 0 | X20: 0
A25: 품번 | B25: 품명 | C25: 구분 | D25: 07/07(월) | E25: 07/08(화) | F25: 07/09(수) | G25: 07/10(목) | H25: 07/11(금) | I25: 07/12(토) | J25: 07/13(일) | K25: 07/14(월) | L25: 07/15(화) | M25: 07/16(수) | N25: 07/17(목) | O25: 07/18(금) | P25: 07/19(토) | Q25: 07/20(일) | R25: 07/21(월) | S25: 07/22(화) | T25: 07/23(수) | U25: 07/24(목) | V25: 07/25(금) | W25: 07/26(토) | X25: 07/27(일)
A26: 1219539 | B26: 아답터(P-300R/P-230R, 말련향, 파워넷) | D26: 0 | E26: 0 | F26: 0 | G26: 0 | H26: 0 | I26: 0 | J26: 0 | K26: 0 | L26: 211 | M26: 229 | N26: 0 | O26: 0 | P26: 0 | Q26: 0 | R26: 0 | S26: 0 | T26: 0 | U26: 0 | V26: 0 | W26: 0 | X26: 0
A27: 1232846 | B27: PBA-프론트- 아세이(P-6320L) | D27: 365 | E27: 448 | F27: 87 | G27: 0 | H27: 0 | I27: 0 | J27: 0 | K27: 0 | L27: 0 | M27: 0 | N27: 0 | O27: 122 | P27: 0 | Q27: 0 | R27: 0 | S27: 0 | T27: 0 | U27: 0 | V27: 0 | W27: 0 | X27: 0
A28: 1232895 | B28: PBA-메인- 아세이(P-6320L) | D28: 365 | E28: 448 | F28: 87 | G28: 0 | H28: 0 | I28: 0 | J28: 0 | K28: 0 | L28: 0 | M28: 0 | N28: 0 | O28: 122 | P28: 0 | Q28: 0 | R28: 0 | S28: 0 | T28: 0 | U28: 0 | V28: 0 | W28: 0 | X28: 0
A29: 1233384 | B29: 아답터(P-6320L) | D29: 365 | E29: 448 | F29: 87 | G29: 0 | H29: 0 | I29: 0 | J29: 0 | K29: 0 | L29: 0 | M29: 0 | N29: 0 | O29: 122 | P29: 0 | Q29: 0 | R29: 0 | S29: 0 | T29: 0 | U29: 0 | V29: 0 | W29: 0 | X29: 0
A30: 1232775 | B30: PBA-파워- 아세이(AP-2021A) | D30: 34 | E30: 106 | F30: 415 | G30: 537 | H30: 136 | I30: 0 | J30: 0 | K30: 0 | L30: 105 | M30: 243 | N30: 606 | O30: 410 | P30: 0 | Q30: 0 | R30: 0 | S30: 0 | T30: 0 | U30: 0 | V30: 0 | W30: 0 | X30: 0
A31: 1238605 | B31: PBA-파워- 아세이(AP-3024H) | D31: 189 | E31: 115 | F31: 0 | G31: 0 | H31: 0 | I31: 0 | J31: 0 | K31: 0 | L31: 0 | M31: 0 | N31: 0 | O31: 0 | P31: 0 | Q31: 0 | R31: 0 | S31: 0 | T31: 0 | U31: 0 | V31: 0 | W31: 0 | X31: 0
A32: 1230685 | B32: PBA-파워- 아세이(AP-1519B) | D32: 0 | E32: 0 | F32: 0 | G32: 0 | H32: 25 | I32: 0 | J32: 0 | K32: 420 | L32: 57 | M32: 0 | N32: 0 | O32: 0 | P32: 0 | Q32: 0 | R32: 0 | S32: 0 | T32: 0 | U32: 0 | V32: 0 | W32: 0 | X32: 0
A41: 품번 | B41: 품명 | C41: 구분 | D41: 07/07(월) | E41: 07/08(화) | F41: 07/09(수) | G41: 07/10(목) | H41: 07/11(금) | I41: 07/12(토) | J41: 07/13(일) | K41: 07/14(월) | L41: 07/15(화) | M41: 07/16(수) | N41: 07/17(목) | O41: 07/18(금) | P41: 07/19(토) | Q41: 07/20(일) | R41: 07/21(월) | S41: 07/22(화) | T41: 07/23(수) | U41: 07/24(목) | V41: 07/25(금) | W41: 07/26(토) | X41: 07/27(일)
A42: 1220847 | B42: PBA-SMPS(CHP-670, ERP(35W)) | D42: 0 | E42: 0 | F42: 0 | G42: 0 | H42: 0 | I42: 0 | J42: 0 | K42: 0 | L42: 0 | M42: 0 | N42: 330 | O42: 0 | P42: 0 | Q42: 0 | R42: 0 | S42: 0 | T42: 0 | U42: 0 | V42: 0 | W42: 0 | X42: 0
A43: 1221967 | B43: PBA-SMPS- 아세이(CHP-06ER, ERP(35W)) | D43: 0 | E43: 0 | F43: 0 | G43: 0 | H43: 0 | I43: 0 | J43: 0 | K43: 0 | L43: 0 | M43: 0 | N43: 0 | O43: 265 | P43: 0 | Q43: 0 | R43: 0 | S43: 0 | T43: 0 | U43: 0 | V43: 0 | W43: 0 | X43: 0
A44: 1234614 | B44: PBA-메인- 아세이(CHP-261N 일본향) | D44: 0 | E44: 0 | F44: 0 | G44: 18 | H44: 730 | I44: 0 | J44: 0 | K44: 352 | L44: 0 | M44: 0 | N44: 0 | O44: 0 | P44: 0 | Q44: 0 | R44: 0 | S44: 0 | T44: 0 | U44: 0 | V44: 0 | W44: 0 | X44: 0
A45: 1227306 | B45: PBA-파워V2- 아세이(CHPI-620L) | D45: 0 | E45: 312 | F45: 339 | G45: 487 | H45: 0 | I45: 0 | J45: 0 | K45: 40 | L45: 0 | M45: 523 | N45: 327 | O45: 0 | P45: 0 | Q45: 0 | R45: 0 | S45: 0 | T45: 0 | U45: 0 | V45: 0 | W45: 0 | X45: 0
A46: 1227359 | B46: PBA-파워- 아세이(CHPI-620L) | D46: 0 | E46: 0 | F46: 0 | G46: 0 | H46: 0 | I46: 0 | J46: 0 | K46: 20 | L46: 0 | M46: 0 | N46: 0 | O46: 0 | P46: 0 | Q46: 0 | R46: 0 | S46: 0 | T46: 0 | U46: 0 | V46: 0 | W46: 0 | X46: 0
A47: 1225464 | B47: PBA-파워- 아세이(AP-1516D) | D47: 25 | E47: 0 | F47: 0 | G47: 0 | H47: 0 | I47: 0 | J47: 0 | K47: 0 | L47: 799 | M47: 303 | N47: 0 | O47: 0 | P47: 0 | Q47: 0 | R47: 0 | S47: 0 | T47: 0 | U47: 0 | V47: 0 | W47: 0 | X47: 0
A48: 1229776 | B48: PBA-필터(CHP-5700R) | D48: 0 | E48: 150 | F48: 0 | G48: 0 | H48: 0 | I48: 0 | J48: 0 | K48: 0 | L48: 0 | M48: 0 | N48: 0 | O48: 0 | P48: 0 | Q48: 0 | R48: 0 | S48: 0 | T48: 0 | U48: 0 | V48: 0 | W48: 0 | X48: 0
A49: 1231090 | B49: PBA-SMPS(CHP-5700R) | D49: 0 | E49: 150 | F49: 0 | G49: 0 | H49: 0 | I49: 0 | J49: 0 | K49: 0 | L49: 0 | M49: 0 | N49: 0 | O49: 0 | P49: 0 | Q49: 0 | R49: 0 | S49: 0 | T49: 0 | U49: 0 | V49: 0 | W49: 0 | X49: 0
A50: 1229088 | B50: PBA-파워- 아세이(AP-3018B) | D50: 150 | E50: 0 | F50: 0 | G50: 0 | H50: 0 | I50: 0 | J50: 0 | K50: 0 | L50: 0 | M50: 0 | N50: 0 | O50: 0 | P50: 0 | Q50: 0 | R50: 0 | S50: 0 | T50: 0 | U50: 0 | V50: 0 | W50: 0 | X50: 0
A51: 1231860 | B51: PBA-SMPS- 아세이(CPSI-8510L) | D51: 0 | E51: 100 | F51: 0 | G51: 0 | H51: 0 | I51: 0 | J51: 0 | K51: 0 | L51: 0 | M51: 0 | N51: 0 | O51: 0 | P51: 0 | Q51: 0 | R51: 0 | S51: 0 | T51: 0 | U51: 0 | V51: 0 | W51: 0 | X51: 0
A52: 1234222 | B52: PBA-파워- 아세이(AP-1520D_JP) | D52: 0 | E52: 0 | F52: 0 | G52: 322 | H52: 458 | I52: 0 | J52: 0 | K52: 0 | L52: 0 | M52: 0 | N52: 0 | O52: 0 | P52: 0 | Q52: 0 | R52: 0 | S52: 0 | T52: 0 | U52: 0 | V52: 0 | W52: 0 | X52: 0
A53: 1232528 | B53: PBA-메인- 아세이(CHP-264L) | D53: 1330 | E53: 1330 | F53: 485 | G53: 600 | H53: 600 | I53: 0 | J53: 0 | K53: 600 | L53: 1043 | M53: 1045 | N53: 2060 | O53: 1318 | P53: 0 | Q53: 0 | R53: 0 | S53: 0 | T53: 0 | U53: 0 | V53: 0 | W53: 0 | X53: 0
... A69: 1238092 | B69: PBA-SMPS- 아세이(CHP-3140N_BG,싱가포르향) | D69: 0 | E69: 0 | F69: 0 | G69: 0 | H69: 0 | I69: 0 | J69: 0 | K69: 0 | L69: 0 | M69: 0 | N69: 0 | O69: 70 | P69: 0 | Q69: 0 | R69: 0 | S69: 0 | T69: 0 | U69: 0 | V69: 0 | W69: 0 | X69: 0

Sheet 0708
A1: 품번 | B1: 품명 | C1: 07/08(화) | D1: 07/09(수) | E1: 07/10(목) | F1: 07/11(금) | G1: 07/12(토) | H1: 07/13(일) | I1: 07/14(월) | J1: 07/15(화) | K1: 07/16(수) | L1: 07/17(목) | M1: 07/18(금) | N1: 07/19(토) | O1: 07/20(일) | P1: 07/21(월) | Q1: 07/22(화) | R1: 07/23(수) | S1: 07/24(목) | T1: 07/25(금) | U1: 07/26(토) | V1: 07/27(일)
A2: 1229673 | B2: PBA-TOTAL- 아세이(BA20-D) | C2: 200 | D2: 228 | E2: 0 | F2: 172 | G2: 0 | H2: 0 | I2: 100 | J2: 100 | K2: 100 | L2: 0 | M2: 0 | N2: 0 | O2: 0 | P2: 0 | Q2: 0 | R2: 0 | S2: 0 | T2: 0 | U2: 0 | V2: 0
A3: 1231202 | B3: PBA-파워- 아세이(AP-1019D) | C3: 0 | D3: 0 | E3: 0 | F3: 250 | G3: 0 | H3: 0 | I3: 50 | J3: 0 | K3: 0 | L3: 0 | M3: 0 | N3: 0 | O3: 0 | P3: 0 | Q3: 0 | R3: 0 | S3: 0 | T3: 0 | U3: 0 | V3: 0
A4: 1233492 | B4: PBA-인버터(AD-1221E) | C4: 0 | D4: 0 | E4: 538 | F4: 558 | G4: 0 | H4: 0 | I4: 704 | J4: 778 | K4: 168 | L4: 0 | M4: 0 | N4: 0 | O4: 0 | P4: 0 | Q4: 0 | R4: 236 | S4: 778 | T4: 148 | U4: 0 | V4: 0
A5: 1233498 | B5: PBA-파워- 아세이(AD-1221E) | C5: 0 | D5: 0 | E5: 538 | F5: 558 | G5: 0 | H5: 0 | I5: 704 | J5: 778 | K5: 168 | L5: 0 | M5: 0 | N5: 0 | O5: 0 | P5: 0 | Q5: 0 | R5: 236 | S5: 778 | T5: 148 | U5: 0 | V5: 0
A6: 1233623 | B6: PBA-노이즈필터- 아세이(AD-1221E) | C6: 0 | D6: 0 | E6: 538 | F6: 558 | G6: 0 | H6: 0 | I6: 704 | J6: 778 | K6: 168 | L6: 0 | M6: 0 | N6: 0 | O6: 0 | P6: 0 | Q6: 0 | R6: 236 | S6: 778 | T6: 148 | U6: 0 | V6: 0
A7: 1232693 | B7: PBA-플라즈마파워유닛- 아세이(AP-1520C ) | C7: 0 | D7: 0 | E7: 0 | F7: 0 | G7: 0 | H7: 0 | I7: 0 | J7: 0 | K7: 0 | L7: 0 | M7: 0 | N7: 0 | O7: 0 | P7: 0 | Q7: 0 | R7: 0 | S7: 199 | T7: 0 | U7: 0 | V7: 0
A8: 1233025 | B8: PBA-메인- 아세이(AP-1520C) | C8: 0 | D8: 0 | E8: 0 | F8: 0 | G8: 0 | H8: 0 | I8: 0 | J8: 0 | K8: 0 | L8: 0 | M8: 0 | N8: 0 | O8: 0 | P8: 0 | Q8: 0 | R8: 0 | S8: 199 | T8: 0 | U8: 0 | V8: 0
A9: 1235623 | B9: PBA-SMPS- 아세이(CHP-7211N_WT,일본향) | C9: 934 | D9: 734 | E9: 734 | F9: 240 | G9: 0 | H9: 0 | I9: 0 | J9: 0 | K9: 0 | L9: 0 | M9: 0 | N9: 0 | O9: 0 | P9: 0 | Q9: 0 | R9: 0 | S9: 5 | T9: 0 | U9: 0 | V9: 0
A10: 1237088 | B10: PBA-파워- 아세이(BAS40-A) | C10: 0 | D10: 0 | E10: 314 | F10: 0 | G10: 0 | H10: 0 | I10: 582 | J10: 850 | K10: 220 | L10: 576 | M10: 430 | N10: 0 | O10: 0 | P10: 664 | Q10: 604 | R10: 532 | S10: 802 | T10: 600 | U10: 0 | V10: 0
A11: 1237765 | B11: PBA-SMPS- 아세이(CHP-7211N,대만향) | C11: 0 | D11: 0 | E11: 0 | F11: 0 | G11: 0 | H11: 0 | I11: 0 | J11: 0 | K11: 0 | L11: 0 | M11: 0 | N11: 0 | O11: 0 | P11: 0 | Q11: 0 | R11: 0 | S11: 5 | T11: 0 | U11: 0 | V11: 0
A12: 1237748 | B12: PBA-SMPS- 아세이(CHP-1201N) | C12: 0 | D12: 0 | E12: 0 | F12: 0 | G12: 0 | H12: 0 | I12: 0 | J12: 0 | K12: 0 | L12: 0 | M12: 0 | N12: 0 | O12: 0 | P12: 0 | Q12: 0 | R12: 0 | S12: 107 | T12: 0 | U12: 0 | V12: 0
A13: 1231898 | B13: PBA-컨트롤- 아세이(BA36-A) | C13: 740 | D13: 580 | E13: 480 | F13: 512 | G13: 0 | H13: 0 | I13: 0 | J13: 0 | K13: 392 | L13: 400 | M13: 400 | N13: 0 | O13: 0 | P13: 186 | Q13: 286 | R13: 0 | S13: 0 | T13: 0 | U13: 0 | V13: 0
... A22: 1240184 | B22: PBA-히터- 아세이(CHPI-7410N) | C22: 316 | D22: 468 | E22: 402 | F22: 390 | G22: 0 | H22: 0 | I22: 756 | J22: 554 | K22: 594 | L22: 756 | M22: 650 | N22: 0 | O22: 0 | P22: 334 | Q22: 392 | R22: 568 | S22: 654 | T22: 606 | U22: 0 | V22: 0
A28: 품번 | B28: 품명 | C28: 07/08(화) | D28: 07/09(수) | E28: 07/10(목) | F28: 07/11(금) | G28: 07/12(토) | H28: 07/13(일) | I28: 07/14(월) | J28: 07/15(화) | K28: 07/16(수) | L28: 07/17(목) | M28: 07/18(금) | N28: 07/19(토) | O28: 07/20(일) | P28: 07/21(월) | Q28: 07/22(화) | R28: 07/23(수) | S28: 07/24(목) | T28: 07/25(금) | U28: 07/26(토) | V28: 07/27(일)
A29: 1219539 | B29: 아답터(P-300R/P-230R, 말련향, 파워넷) | C29: 0 | D29: 0 | E29: 0 | F29: 0 | G29: 0 | H29: 0 | I29: 0 | J29: 211 | K29: 229 | L29: 0 | M29: 0 | N29: 0 | O29: 0 | P29: 0 | Q29: 0 | R29: 0 | S29: 0 | T29: 0 | U29: 0 | V29: 0
A30: 1232846 | B30: PBA-프론트- 아세이(P-6320L) | C30: 448 | D30: 87 | E30: 0 | F30: 0 | G30: 0 | H30: 0 | I30: 0 | J30: 0 | K30: 0 | L30: 0 | M30: 0 | N30: 0 | O30: 0 | P30: 0 | Q30: 0 | R30: 70 | S30: 448 | T30: 323 | U30: 0 | V30: 0
A31: 1232895 | B31: PBA-메인- 아세이(P-6320L) | C31: 448 | D31: 87 | E31: 0 | F31: 0 | G31: 0 | H31: 0 | I31: 0 | J31: 0 | K31: 0 | L31: 0 | M31: 0 | N31: 0 | O31: 0 | P31: 0 | Q31: 0 | R31: 70 | S31: 448 | T31: 323 | U31: 0 | V31: 0
A32: 1233384 | B32: 아답터(P-6320L) | C32: 448 | D32: 87 | E32: 0 | F32: 0 | G32: 0 | H32: 0 | I32: 0 | J32: 0 | K32: 0 | L32: 0 | M32: 0 | N32: 0 | O32: 0 | P32: 0 | Q32: 0 | R32: 70 | S32: 448 | T32: 323 | U32: 0 | V32: 0
A33: 1232775 | B33: PBA-파워- 아세이(AP-2021A) | C33: 106 | D33: 415 | E33: 537 | F33: 136 | G33: 0 | H33: 0 | I33: 0 | J33: 105 | K33: 243 | L33: 606 | M33: 316 | N33: 0 | O33: 0 | P33: 312 | Q33: 82 | R33: 89 | S33: 309 | T33: 218 | U33: 0 | V33: 0
A34: 1238605 | B34: PBA-파워- 아세이(AP-3024H) | C34: 115 | D34: 0 | E34: 0 | F34: 0 | G34: 0 | H34: 0 | I34: 0 | J34: 0 | K34: 0 | L34: 0 | M34: 0 | N34: 0 | O34: 0 | P34: 0 | Q34: 139 | R34: 97 | S34: 0 | T34: 0 | U34: 0 | V34: 0
A35: 1230685 | B35: PBA-파워- 아세이(AP-1519B) | C35: 0 | D35: 0 | E35: 0 | F35: 25 | G35: 0 | H35: 0 | I35: 420 | J35: 57 | K35: 0 | L35: 0 | M35: 0 | N35: 0 | O35: 0 | P35: 0 | Q35: 0 | R35: 0 | S35: 0 | T35: 0 | U35: 0 | V35: 0
A44: 품번 | B44: 품명 | C44: 07/08(화) | D44: 07/09(수) | E44: 07/10(목) | F44: 07/11(금) | G44: 07/12(토) | H44: 07/13(일) | I44: 07/14(월) | J44: 07/15(화) | K44: 07/16(수) | L44: 07/17(목) | M44: 07/18(금) | N44: 07/19(토) | O44: 07/20(일) | P44: 07/21(월) | Q44: 07/22(화) | R44: 07/23(수) | S44: 07/24(목) | T44: 07/25(금) | U44: 07/26(토) | V44: 07/27(일)
A45: 1234614 | B45: PBA-메인- 아세이(CHP-261N 일본향) | C45: 0 | D45: 0 | E45: 18 | F45: 730 | G45: 0 | H45: 0 | I45: 352 | J45: 0 | K45: 0 | L45: 0 | M45: 0 | N45: 0 | O45: 0 | P45: 0 | Q45: 0 | R45: 324 | S45: 0 | T45: 0 | U45: 0 | V45: 0
A46: 1220847 | B46: PBA-SMPS(CHP-670, ERP(35W)) | C46: 0 | D46: 0 | E46: 0 | F46: 0 | G46: 0 | H46: 0 | I46: 0 | J46: 0 | K46: 0 | L46: 330 | M46: 0 | N46: 0 | O46: 0 | P46: 0 | Q46: 0 | R46: 450 | S46: 500 | T46: 500 | U46: 0 | V46: 0
A47: 1221967 | B47: PBA-SMPS- 아세이(CHP-06ER, ERP(35W)) | C47: 0 | D47: 0 | E47: 0 | F47: 0 | G47: 0 | H47: 0 | I47: 0 | J47: 0 | K47: 0 | L47: 0 | M47: 265 | N47: 0 | O47: 0 | P47: 230 | Q47: 0 | R47: 0 | S47: 0 | T47: 0 | U47: 0 | V47: 0
A48: 1227306 | B48: PBA-파워V2- 아세이(CHPI-620L) | C48: 312 | D48: 339 | E48: 487 | F48: 0 | G48: 0 | H48: 0 | I48: 40 | J48: 0 | K48: 523 | L48: 327 | M48: 0 | N48: 0 | O48: 0 | P48: 0 | Q48: 0 | R48: 0 | S48: 0 | T48: 0 | U48: 0 | V48: 0
A49: 1227359 | B49: PBA-파워- 아세이(CHPI-620L) | C49: 0 | D49: 0 | E49: 0 | F49: 0 | G49: 0 | H49: 0 | I49: 20 | J49: 0 | K49: 0 | L49: 0 | M49: 0 | N49: 0 | O49: 0 | P49: 0 | Q49: 0 | R49: 0 | S49: 0 | T49: 0 | U49: 0 | V49: 0
A50: 1231090 | B50: PBA-SMPS(CHP-5700R) | C50: 150 | D50: 0 | E50: 0 | F50: 0 | G50: 0 | H50: 0 | I50: 0 | J50: 0 | K50: 0 | L50: 0 | M50: 0 | N50: 0 | O50: 0 | P50: 150 | Q50: 0 | R50: 0 | S50: 0 | T50: 0 | U50: 0 | V50: 0
A51: 1229776 | B51: PBA-필터(CHP-5700R) | C51: 150 | D51: 0 | E51: 0 | F51: 0 | G51: 0 | H51: 0 | I51: 0 | J51: 0 | K51: 0 | L51: 0 | M51: 0 | N51: 0 | O51: 0 | P51: 150 | Q51: 0 | R51: 0 | S51: 0 | T51: 0 | U51: 0 | V51: 0
A52: 1225464 | B52: PBA-파워- 아세이(AP-1516D) | C52: 0 | D52: 0 | E52: 0 | F52: 0 | G52: 0 | H52: 0 | I52: 0 | J52: 799 | K52: 303 | L52: 0 | M52: 0 | N52: 0 | O52: 0 | P52: 712 | Q52: 500 | R52: 0 | S52: 0 | T52: 512 | U52: 0 | V52: 0
A53: 1232066 | B53: PBA-메인 CHP- 아세이(CHP-6310 말레이시아향) | C53: 0 | D53: 0 | E53: 0 | F53: 0 | G53: 0 | H53: 0 | I53: 0 | J53: 0 | K53: 0 | L53: 0 | M53: 0 | N53: 0 | O53: 0 | P53: 72 | Q53: 0 | R53: 0 | S53: 0 | T53: 0 | U53: 0 | V53: 0
A54: 1231860 | B54: PBA-SMPS- 아세이(CPSI-8510L) | C54: 100 | D54: 0 | E54: 0 | F54: 0 | G54: 0 | H54: 0 | I54: 0 | J54: 0 | K54: 0 | L54: 0 | M54: 0 | N54: 0 | O54: 0 | P54: 0 | Q54: 0 | R54: 0 | S54: 0 | T54: 0 | U54: 0 | V54: 0
A55: 1234222 | B55: PBA-파워- 아세이(AP-1520D_JP) | C55: 0 | D55: 0 | E55: 322 | F55: 458 | G55: 0 | H55: 0 | I55: 0 | J55: 0 | K55: 0 | L55: 0 | M55: 0 | N55: 0 | O55: 0 | P55: 0 | Q55: 0 | R55: 0 | S55: 0 | T55: 0 | U55: 0 | V55: 0
A56: 1232528 | B56: PBA-메인- 아세이(CHP-264L) | C56: 1330 | D56: 485 | E56: 600 | F56: 600 | G56: 0 | H56: 0 | I56: 600 | J56: 1043 | K56: 1045 | L56: 2060 | M56: 1318 | N56: 0 | O56: 0 | P56: 2060 | Q56: 1773 | R56: 1011 | S56: 600 | T56: 471 | U56: 0 | V56: 0
... A79: 1238092 | B79: PBA-SMPS- 아세이(CHP-3140N_BG,싱가포르향) | C79: 0 | D79: 0 | E79: 0 | F79: 0 | G79: 0 | H79: 0 | I79: 0 | J79: 0 | K79: 0 | L79: 0 | M79: 70 | N79: 0 | O79: 0 | P79: 0 | Q79: 0 | R79: 0 | S79: 0 | T79: 0 | U79: 0 | V79: 0

Sheet 0708 W3-12
A1: No | B1: 품번 | C1: 품명 | D1: 31W | E1: 32W | F1: 33W | G1: 34W | H1: 35W | I1: 36W | J1: 37W | K1: 38W | L1: 39W | M1: 40W
D2: 07/28 ~ 08/03 | E2: 08/04 ~ 08/10 | F2: 08/11 ~ 08/17 | G2: 08/18 ~ 08/24 | H2: 08/25 ~ 8/31 | I2: 09/01 ~ 09/07 | J2: 09/08 ~ 09/14 | K2: 09/15 ~ 09/21 | L2: 09/22 ~ 09/28 | M2: 09/29 ~ 10/05
A3: 1 | B3: 112459 | C3: S1400-EW | D3: 0 | E3: 560 | F3: 1500 | G3: 0 | H3: 300 | I3: 0 | J3: 0 | K3: 0 | L3: 400 | M3: 0
A4: 2 | B4: 112464 | C4: S1400-RW | D4: 0 | E4: 100 | F4: 100 | G4: 0 | H4: 0 | I4: 0 | J4: 0 | K4: 0 | L4: 200 | M4: 0
A5: 3 | B5: 112465 | C5: S1400-EB | D5: 0 | E5: 100 | F5: 0 | G5: 0 | H5: 0 | I5: 0 | J5: 0 | K5: 0 | L5: 0 | M5: 0
A6: 4 | B6: 112466 | C6: S1400-RB | D6: 0 | E6: 100 | F6: 0 | G6: 0 | H6: 0 | I6: 0 | J6: 0 | K6: 0 | L6: 0 | M6: 0
A7: 5 | B7: 112825 | C7: BA20-D | D7: 0 | E7: 600 | F7: 0 | G7: 200 | H7: 0 | I7: 0 | J7: 500 | K7: 300 | L7: 0 | M7: 0
A8: 6 | B8: 112996 | C8: AP-1019D_GRAY | D8: 0 | E8: 0 | F8: 0 | G8: 0 | H8: 0 | I8: 0 | J8: 0 | K8: 200 | L8: 0 | M8: 0
A9: 7 | B9: 113050 | C9: AP-1520C(MY-700010) | D9: 0 | E9: 1890 | F9: 0 | G9: 0 | H9: 0 | I9: 630 | J9: 1008 | K9: 0 | L9: 0 | M9: 420
A10: 8 | B10: 113260 | C10: AD-1221E | D10: 0 | E10: 1500 | F10: 1300 | G10: 500 | H10: 0 | I10: 500 | J10: 500 | K10: 700 | L10: 500 | M10: 0
A11: 9 | B11: 113472 | C11: CHP-7211N_WT(JP-701067) | D11: 0 | E11: 0 | F11: 624 | G11: 624 | H11: 0 | I11: 0 | J11: 0 | K11: 0 | L11: 1872 | M11: 0
A12: 10 | B12: 113525 | C12: CHP-7211N_GR(JP-701067) | D12: 0 | E12: 0 | F12: 312 | G12: 312 | H12: 0 | I12: 0 | J12: 0 | K12: 0 | L12: 936 | M12: 0
A13: 11 | B13: 113551 | C13: AM-1421G(RU-700259) | D13: 0 | E13: 0 | F13: 0 | G13: 0 | H13: 0 | I13: 0 | J13: 0 | K13: 0 | L13: 630 | M13: 0
A14: 12 | B14: 113573 | C14: BA34-B | D14: 0 | E14: 0 | F14: 250 | G14: 0 | H14: 0 | I14: 0 | J14: 250 | K14: 0 | L14: 0 | M14: 0
... A53: 51 | B53: 114132 | C53: CHP-6210N(AE-701487) | D53: 0 | E53: 192 | F53: 0 | G53: 0 | H53: 0 | I53: 0 | J53: 0 | K53: 0 | L53: 0 | M53: 0
A61: No | B61: 품번 | C61: 품명 | D61: 31W | E61: 32W | F61: 33W | G61: 34W | H61: 35W | I61: 36W | J61: 37W | K61: 38W | L61: 39W | M61: 40W
D62: 07/28 ~ 08/03 | E62: 08/04 ~ 08/10 | F62: 08/11 ~ 08/17 | G62: 08/18 ~ 08/24 | H62: 08/25 ~ 8/31 | I62: 09/01 ~ 09/07 | J62: 09/08 ~ 09/14 | K62: 09/15 ~ 09/21 | L62: 09/22 ~ 09/28 | M62: 09/29 ~ 10/05
A63: 1 | B63: 111013 | C63: AP-2015F | D63: 0 | E63: 54 | F63: 0 | G63: 0 | H63: 0 | I63: 0 | J63: 0 | K63: 1152 | L63: 0 | M63: 0
A64: 2 | B64: 111144 | C64: AP-3008FH | D64: 0 | E64: 0 | F64: 0 | G64: 0 | H64: 0 | I64: 144 | J64: 0 | K64: 0 | L64: 80 | M64: 36
A65: 3 | B65: 111821 | C65: CHP-590N(WHITE) | D65: 0 | E65: 0 | F65: 0 | G65: 0 | H65: 0 | I65: 0 | J65: 0 | K65: 200 | L65: 0 | M65: 0
A66: 4 | B66: 112132 | C66: CHP-261N(JP-701067) | D66: 0 | E66: 324 | F66: 324 | G66: 0 | H66: 0 | I66: 0 | J66: 0 | K66: 0 | L66: 0 | M66: 0
A67: 5 | B67: 112338 | C67: CHP-590R(EU) | D67: 0 | E67: 265 | F67: 0 | G67: 0 | H67: 0 | I67: 0 | J67: 0 | K67: 0 | L67: 200 | M67: 0
A68: 6 | B68: 112339 | C68: CHP-671R(EU) | D68: 0 | E68: 100 | F68: 0 | G68: 0 | H68: 0 | I68: 0 | J68: 0 | K68: 0 | L68: 0 | M68: 0
A69: 7 | B69: 112354 | C69: AP-1515H(US-701207) | D69: 0 | E69: 0 | F69: 0 | G69: 0 | H69: 0 | I69: 0 | J69: 0 | K69: 324 | L69: 0 | M69: 0
A70: 8 | B70: 112389 | C70: CHP-590N(MY-700010) | D70: 0 | E70: 130 | F70: 0 | G70: 0 | H70: 0 | I70: 0 | J70: 0 | K70: 0 | L70: 0 | M70: 0
A71: 9 | B71: 112396 | C71: CHPI-620L(WHITE V2) | D71: 0 | E71: 500 | F71: 400 | G71: 0 | H71: 0 | I71: 600 | J71: 500 | K71: 350 | L71: 350 | M71: 600
A72: 10 | B72: 112397 | C72: CHPI-620L(BLACK V2) | D72: 0 | E72: 0 | F72: 200 | G72: 0 | H72: 0 | I72: 0 | J72: 100 | K72: 0 | L72: 0 | M72: 0
A73: 11 | B73: 112415 | C73: CHP-264L | D73: 0 | E73: 500 | F73: 300 | G73: 0 | H73: 0 | I73: 0 | J73: 500 | K73: 500 | L73: 0 | M73: 200
A74: 12 | B74: 112548 | C74: CHP-590R(VN-700135) | D74: 0 | E74: 30 | F74: 0 | G74: 0 | H74: 0 | I74: 0 | J74: 0 | K74: 0 | L74: 0 | M74: 0
... A185: 123 | B185: 114091 | C185: CHP-5730R_WT | D185: 0 | E185: 0 | F185: 0 | G185: 0 | H185: 400 | I185: 0 | J185: 200 | K185: 300 | L185: 0 | M185: 0

Sheet 0709
A1: 품번 | B1: 07/09(수) | C1: 07/10(목) | D1: 07/11(금) | E1: 07/12(토) | F1: 07/13(일) | G1: 07/14(월) | H1: 07/15(화) | J1: 07/16(수) | K1: 07/17(목) | L1: 07/18(금) | M1: 07/19(토) | N1: 07/20(일) | O1: 07/21(월) | P1: 07/22(화) | Q1: 07/23(수) | R1: 07/24(목) | S1: 07/25(금) | T1: 07/26(토) | U1: 07/27(일)
A2: 1229673 | B2: 228 | C2: 0 | D2: 172 | E2: 0 | F2: 0 | G2: 100 | H2: 100 | J2: 100 | K2: 0 | L2: 0 | M2: 0 | N2: 0 | O2: 0 | P2: 0 | Q2: 0 | R2: 0 | S2: 0 | T2: 0 | U2: 0
A3: 1231202 | B3: 0 | C3: 0 | D3: 250 | E3: 0 | F3: 0 | G3: 50 | H3: 0 | J3: 0 | K3: 0 | L3: 0 | M3: 0 | N3: 0 | O3: 0 | P3: 0 | Q3: 0 | R3: 0 | S3: 0 | T3: 0 | U3: 0
A4: 1233492 | B4: 0 | C4: 538 | D4: 558 | E4: 0 | F4: 0 | G4: 530 | H4: 778 | J4: 168 | K4: 0 | L4: 0 | M4: 0 | N4: 0 | O4: 0 | P4: 0 | Q4: 236 | R4: 778 | S4: 148 | T4: 0 | U4: 0
A5: 1233498 | B5: 0 | C5: 538 | D5: 558 | E5: 0 | F5: 0 | G5: 530 | H5: 778 | J5: 168 | K5: 0 | L5: 0 | M5: 0 | N5: 0 | O5: 0 | P5: 0 | Q5: 236 | R5: 778 | S5: 148 | T5: 0 | U5: 0
A6: 1233623 | B6: 0 | C6: 538 | D6: 558 | E6: 0 | F6: 0 | G6: 530 | H6: 778 | J6: 168 | K6: 0 | L6: 0 | M6: 0 | N6: 0 | O6: 0 | P6: 0 | Q6: 236 | R6: 778 | S6: 148 | T6: 0 | U6: 0
A7: 1232693 | B7: 0 | C7: 0 | D7: 0 | E7: 0 | F7: 0 | G7: 0 | H7: 0 | J7: 0 | K7: 0 | L7: 0 | M7: 0 | N7: 0 | O7: 0 | P7: 0 | Q7: 0 | R7: 199 | S7: 0 | T7: 0 | U7: 0
A8: 1233025 | B8: 0 | C8: 0 | D8: 0 | E8: 0 | F8: 0 | G8: 0 | H8: 0 | J8: 0 | K8: 0 | L8: 0 | M8: 0 | N8: 0 | O8: 0 | P8: 0 | Q8: 0 | R8: 199 | S8: 0 | T8: 0 | U8: 0
A9: 1235623 | B9: 734 | C9: 734 | D9: 240 | E9: 0 | F9: 0 | G9: 0 | H9: 0 | J9: 0 | K9: 0 | L9: 0 | M9: 0 | N9: 0 | O9: 0 | P9: 0 | Q9: 0 | R9: 5 | S9: 0 | T9: 0 | U9: 0
A10: 1237088 | B10: 0 | C10: 314 | D10: 0 | E10: 0 | F10: 0 | G10: 582 | H10: 850 | J10: 220 | K10: 576 | L10: 430 | M10: 0 | N10: 0 | O10: 664 | P10: 604 | Q10: 754 | R10: 924 | S10: 644 | T10: 0 | U10: 0
A11: 1237765 | B11: 0 | C11: 0 | D11: 0 | E11: 0 | F11: 0 | H11: 0 | J11: 0 | K11: 0 | L11: 0 | M11: 0 | N11: 0 | O11: 0 | P11: 0 | Q11: 0 | R11: 5 | S11: 0 | T11: 0 | U11: 0
A12: 1237748 | B12: 0 | C12: 0 | D12: 0 | E12: 0 | F12: 0 | G12: 0 | H12: 0 | J12: 0 | K12: 0 | L12: 0 | M12: 0 | N12: 0 | O12: 0 | P12: 0 | Q12: 0 | R12: 107 | S12: 0 | T12: 0 | U12: 0
A13: 1231898 | B13: 580 | C13: 480 | D13: 512 | E13: 0 | F13: 0 | G13: 0 | H13: 0 | J13: 392 | K13: 400 | L13: 400 | M13: 0 | N13: 0 | O13: 186 | P13: 286 | Q13: 0 | R13: 0 | S13: 0 | T13: 0 | U13: 0
A14: 1237586 | B14: 580 | C14: 480 | D14: 512 | E14: 0 | F14: 0 | G14: 0 | H14: 0 | J14: 392 | K14: 400 | L14: 400 | M14: 0 | N14: 0 | O14: 186 | P14: 286 | Q14: 0 | R14: 0 | S14: 0 | T14: 0 | U14: 0
A15: 1236091 | B15: 0 | C15: 0 | D15: 0 | E15: 0 | F15: 0 | G15: 0 | H15: 0 | J15: 100 | K15: 200 | L15: 200 | M15: 0 | N15: 0 | O15: 0 | P15: 0 | Q15: 0 | R15: 0 | S15: 0 | T15: 0 | U15: 0
A16: 1238020 | B16: 0 | C16: 0 | D16: 0 | E16: 0 | F16: 0 | G16: 0 | H16: 0 | J16: 0 | K16: 0 | L16: 0 | M16: 0 | N16: 0 | O16: 0 | P16: 0 | Q16: 0 | R16: 4 | S16: 0 | T16: 0 | U16: 0
A17: 1238128 | B17: 0 | C17: 0 | D17: 336 | E17: 0 | F17: 0 | G17: 240 | H17: 0 | J17: 0 | K17: 0 | L17: 0 | M17: 0 | N17: 0 | O17: 0 | P17: 0 | Q17: 0 | R17: 0 | S17: 0 | T17: 0 | U17: 0
A18: 1236962 | B18: 300 | C18: 300 | D18: 0 | E18: 0 | F18: 0 | G18: 200 | H18: 200 | J18: 200 | K18: 100 | L18: 0 | M18: 0 | N18: 0 | O18: 100 | P18: 100 | Q18: 100 | R18: 0 | S18: 0 | T18: 0 | U18: 0
A19: 1233761 | B19: 0 | C19: 100 | D19: 200 | E19: 0 | F19: 0 | G19: 0 | H19: 0 | J19: 0 | K19: 0 | L19: 0 | M19: 0 | N19: 0 | O19: 0 | P19: 0 | Q19: 0 | R19: 0 | S19: 0 | T19: 0 | U19: 0
A20: 1239651 | B20: 100 | C20: 0 | D20: 300 | E20: 0 | F20: 0 | G20: 0 | H20: 0 | J20: 3 | K20: 0 | L20: 0 | M20: 0 | N20: 0 | O20: 0 | P20: 0 | Q20: 0 | R20: 2 | S20: 0 | T20: 0 | U20: 0
A21: 1239988 | B21: 0 | C21: 0 | D21: 0 | E21: 0 | F21: 0 | G21: 0 | H21: 0 | J21: 0 | K21: 0 | L21: 0 | M21: 0 | N21: 0 | O21: 0 | P21: 0 | Q21: 200 | R21: 0 | S21: 0 | T21: 0 | U21: 0
A22: 1240180 | B22: 468 | C22: 580 | D22: 742 | E22: 0 | F22: 0 | G22: 756 | H22: 764 | J22: 594 | K22: 756 | L22: 810 | M22: 0 | N22: 0 | O22: 780 | P22: 506 | Q22: 0 | R22: 262 | S22: 606 | T22: 0 | U22: 0
A23: 1240184 | B23: 468 | C23: 402 | D23: 390 | E23: 0 | F23: 0 | G23: 756 | H23: 554 | J23: 594 | K23: 756 | L23: 810 | M23: 0 | N23: 0 | O23: 334 | P23: 110 | Q23: 0 | R23: 262 | S23: 606 | T23: 0 | U23: 0
A30: 품번 | B30: 07/09(수) | C30: 07/10(목) | D30: 07/11(금) | E30: 07/12(토) | F30: 07/13(일) | G30: 07/14(월) | H30: 07/15(화) | J30: 07/16(수) | K30: 07/17(목) | L30: 07/18(금) | M30: 07/19(토) | N30: 07/20(일) | O30: 07/21(월) | P30: 07/22(화) | Q30: 07/23(수) | R30: 07/24(목) | S30: 07/25(금) | T30: 07/26(토) | U30: 07/27(일)
A31: 1219539 | B31: 0 | C31: 0 | D31: 0 | E31: 0 | F31: 0 | G31: 0 | H31: 211 | J31: 229 | K31: 0 | L31: 0 | M31: 0 | N31: 0 | O31: 0 | P31: 0 | Q31: 0 | R31: 0 | S31: 0 | T31: 0 | U31: 0
A32: 1232846 | B32: 87 | C32: 0 | D32: 0 | E32: 0 | F32: 0 | G32: 0 | H32: 0 | J32: 0 | K32: 0 | L32: 0 | M32: 0 | N32: 0 | O32: 0 | P32: 0 | Q32: 70 | R32: 448 | S32: 323 | T32: 0 | U32: 0
A33: 1232895 | B33: 87 | C33: 0 | D33: 0 | E33: 0 | F33: 0 | G33: 0 | H33: 0 | J33: 0 | K33: 0 | L33: 0 | M33: 0 | N33: 0 | O33: 0 | P33: 0 | Q33: 70 | R33: 448 | S33: 323 | T33: 0 | U33: 0
A34: 1233384 | B34: 87 | C34: 0 | D34: 0 | E34: 0 | F34: 0 | G34: 0 | H34: 0 | J34: 0 | K34: 0 | L34: 0 | M34: 0 | N34: 0 | O34: 0 | P34: 0 | Q34: 70 | R34: 448 | S34: 323 | T34: 0 | U34: 0
A35: 1232775 | B35: 415 | C35: 537 | D35: 136 | E35: 0 | F35: 0 | G35: 0 | H35: 105 | J35: 243 | K35: 606 | L35: 316 | M35: 0 | N35: 0 | O35: 309 | P35: 82 | Q35: 89 | R35: 309 | S35: 218 | T35: 0 | U35: 0
A36: 1238605 | B36: 0 | C36: 0 | D36: 0 | E36: 0 | F36: 0 | G36: 0 | H36: 0 | J36: 0 | K36: 0 | L36: 0 | M36: 0 | N36: 0 | O36: 0 | P36: 135 | Q36: 97 | R36: 0 | S36: 0 | T36: 0 | U36: 0
A37: 1230685 | B37: 0 | C37: 0 | D37: 25 | E37: 0 | F37: 0 | G37: 420 | H37: 57 | J37: 0 | K37: 0 | L37: 0 | M37: 0 | N37: 0 | O37: 0 | P37: 0 | Q37: 0 | R37: 0 | S37: 0 | T37: 0 | U37: 0
A45: 품번 | B45: 07/09(수) | C45: 07/10(목) | D45: 07/11(금) | E45: 07/12(토) | F45: 07/13(일) | G45: 07/14(월) | H45: 07/15(화) | J45: 07/16(수) | K45: 07/17(목) | L45: 07/18(금) | M45: 07/19(토) | N45: 07/20(일) | O45: 07/21(월) | P45: 07/22(화) | Q45: 07/23(수) | R45: 07/24(목) | S45: 07/25(금) | T45: 07/26(토) | U45: 07/27(일)
A46: 1234614 | B46: 0 | C46: 18 | D46: 730 | E46: 0 | F46: 0 | G46: 352 | H46: 0 | J46: 0 | K46: 0 | L46: 0 | M46: 0 | N46: 0 | O46: 0 | P46: 0 | Q46: 0 | R46: 324 | S46: 0 | T46: 0 | U46: 0
A47: 1220847 | B47: 0 | C47: 0 | D47: 0 | E47: 0 | F47: 0 | G47: 0 | H47: 0 | J47: 0 | K47: 330 | L47: 0 | M47: 0 | N47: 0 | O47: 0 | P47: 0 | Q47: 0 | R47: 0 | S47: 0 | T47: 0 | U47: 0
A48: 1221967 | B48: 0 | C48: 0 | D48: 0 | E48: 0 | F48: 0 | G48: 0 | H48: 0 | J48: 0 | K48: 133 | L48: 362 | M48: 0 | N48: 0 | O48: 0 | P48: 0 | Q48: 0 | R48: 0 | S48: 0 | T48: 0 | U48: 0
A49: 1227306 | B49: 339 | C49: 487 | D49: 0 | E49: 0 | F49: 0 | G49: 40 | H49: 0 | J49: 0 | K49: 392 | L49: 158 | M49: 0 | N49: 0 | O49: 0 | P49: 0 | Q49: 0 | R49: 0 | S49: 0 | T49: 0 | U49: 0
A50: 1227359 | B50: 0 | C50: 0 | D50: 0 | E50: 0 | F50: 0 | G50: 20 | H50: 0 | J50: 0 | K50: 0 | L50: 0 | M50: 0 | N50: 0 | O50: 0 | P50: 0 | Q50: 0 | R50: 0 | S50: 0 | T50: 0 | U50: 0
A51: 1231090 | B51: 0 | C51: 0 | D51: 0 | E51: 0 | F51: 0 | G51: 0 | H51: 0 | J51: 0 | K51: 0 | L51: 0 | M51: 0 | N51: 0 | O51: 0 | P51: 128 | Q51: 150 | R51: 0 | S51: 0 | T51: 0 | U51: 0
A52: 1229776 | B52: 0 | C52: 0 | D52: 0 | E52: 0 | F52: 0 | G52: 0 | H52: 0 | J52: 0 | K52: 0 | L52: 0 | M52: 0 | N52: 0 | O52: 0 | P52: 128 | Q52: 150 | R52: 0 | S52: 0 | T52: 0 | U52: 0
A53: 1225464 | B53: 0 | C53: 0 | D53: 0 | E53: 0 | F53: 0 | G53: 0 | H53: 864 | J53: 238 | K53: 0 | L53: 0 | M53: 0 | N53: 0 | O53: 0 | P53: 0 | Q53: 712 | R53: 500 | S53: 0 | T53: 0 | U53: 0
A54: 1234222 | B54: 0 | C54: 322 | D54: 458 | E54: 0 | F54: 0 | G54: 0 | H54: 0 | J54: 0 | K54: 0 | L54: 0 | M54: 0 | N54: 0 | O54: 0 | P54: 0 | Q54: 0 | R54: 0 | S54: 0 | T54: 0 | U54: 0
A55: 1232528 | B55: 485 | C55: 600 | D55: 600 | E55: 0 | F55: 0 | G55: 600 | H55: 866 | J55: 1045 | K55: 2060 | L55: 1330 | M55: 0 | N55: 0 | O55: 2060 | P55: 1691 | Q55: 1006 | R55: 600 | S55: 780 | T55: 0 | U55: 0
A56: 1232846 | B56: 0 | C56: 0 | D56: 0 | E56: 0 | F56: 0 | G56: 0 | H56: 0 | J56: 0 | K56: 0 | L56: 0 | M56: 0 | N56: 0 | O56: 0 | P56: 160 | Q56: 0 | R56: 0 | S56: 0 | T56: 0 | U56: 0
A57: 1229050 | B57: 0 | C57: 0 | D57: 0 | E57: 0 | F57: 0 | G57: 220 | H57: 0 | I57: 100 | J57: 0 | K57: 0 | L57: 0 | M57: 0 | N57: 0 | O57: 0 | P57: 0 | Q57: 0 | R57: 0 | S57: 0 | T57: 0 | U57: 0
A58: 1233632 | B58: 0 | C58: 0 | D58: 0 | E58: 0 | F58: 0 | G58: 191 | H58: 317 | I58: 108 | J58: 264 | K58: 28 | L58: 0 | M58: 0 | N58: 0 | O58: 0 | P58: 0 | Q58: 0 | R58: 0 | S58: 0 | T58: 0 | U58: 0
A59: 1221254 | B59: 0 | C59: 0 | D59: 0 | E59: 0 | F59: 0 | G59: 0 | H59: 340 | J59: 0 | K59: 0 | L59: 0 | M59: 0 | N59: 0 | O59: 0 | P59: 0 | Q59: 0 | R59: 0 | S59: 0 | T59: 0 | U59: 0
A60: 1234217 | B60: 0 | C60: 0 | D60: 0 | E60: 0 | F60: 0 | G60: 0 | H60: 0 | J60: 180 | K60: 0 | L60: 0 | M60: 0 | N60: 0 | O60: 0 | P60: 0 | Q60: 0 | R60: 0 | S60: 0 | T60: 0 | U60: 0
A61: 1234111 | B61: 0 | C61: 0 | D61: 0 | E61: 0 | F61: 0 | G61: 0 | H61: 0 | J61: 180 | K61: 0 | L61: 0 | M61: 0 | N61: 0 | O61: 0 | P61: 0 | Q61: 0 | R61: 0 | S61: 0 | T61: 0 | U61: 0
A62: 1234110 | B62: 0 | C62: 0 | D62: 0 | E62: 0 | F62: 0 | G62: 0 | H62: 0 | J62: 180 | K62: 0 | L62: 0 | M62: 0 | N62: 0 | O62: 0 | P62: 0 | Q62: 0 | R62: 0 | S62: 0 | T62: 0 | U62: 0
A63: 1235097 | B63: 0 | C63: 0 | D63: 0 | E63: 0 | F63: 0 | G63: 0 | H63: 0 | J63: 0 | K63: 0 | L63: 206 | M63: 0 | N63: 0 | O63: 343 | P63: 343 | Q63: 145 | R63: 0 | S63: 0 | T63: 0 | U63: 0
A64: 1232775 | B64: 0 | C64: 180 | D64: 0 | E64: 0 | F64: 0 | G64: 0 | H64: 0 | J64: 0 | K64: 0 | L64: 0 | M64: 0 | N64: 0 | O64: 0 | P64: 611 | Q64: 253 | R64: 0 | S64: 0 | T64: 0 | U64: 0
A65: 1235845 | B65: 0 | C65: 0 | D65: 0 | E65: 0 | F65: 0 | G65: 306 | H65: 44 | J65: 0 | K65: 0 | L65: 0 | M65: 0 | N65: 0 | O65: 0 | P65: 0 | Q65: 0 | R65: 0 | S65: 0 | T65: 0 | U65: 0
A66: 1236600 | B66: 0 | C66: 0 | D66: 0 | E66: 0 | F66: 0 | G66: 0 | H66: 0 | J66: 0 | K66: 0 | L66: 0 | M66: 0 | N66: 0 | O66: 0 | P66: 0 | Q66: 64 | R66: 36 | S66: 0 | T66: 0 | U66: 0
A67: 1236930 | B67: 249 | C67: 324 | D67: 330 | E67: 0 | F67: 0 | G67: 324 | H67: 336 | J67: 264 | K67: 113 | L67: 445 | M67: 0 | N67: 0 | O67: 454 | P67: 118 | Q67: 0 | R67: 0 | S67: 0 | T67: 0 | U67: 0
A68: 1234905 | B68: 351 | C68: 469 | D68: 460 | E68: 0 | F68: 0 | G68: 469 | H68: 469 | J68: 45 | K68: 0 | L68: 0 | M68: 0 | N68: 0 | O68: 0 | P68: 0 | Q68: 155 | R68: 478 | S68: 383 | T68: 0 | U68: 0
A69: 1238480 | B69: 823 | C69: 971 | D69: 1287 | E69: 0 | F69: 0 | G69: 922 | H69: 871 | J69: 674 | K69: 783 | L69: 498 | M69: 0 | N69: 0 | O69: 436 | P69: 604 | Q69: 626 | R69: 1054 | S69: 836 | T69: 0 | U69: 0
A70: 1216452 | B70: 0 | C70: 0 | D70: 0 | E70: 0 | F70: 0 | G70: 0 | H70: 0 | J70: 519 | K70: 687 | L70: 0 | M70: 0 | N70: 0 | O70: 0 | P70: 0 | Q70: 0 | R70: 0 | S70: 0 | T70: 0 | U70: 0
... A76: 1238092 | B76: 0 | C76: 0 | D76: 0 | E76: 0 | F76: 0 | G76: 0 | H76: 0 | J76: 70 | K76: 0 | L76: 0 | M76: 0 | N76: 0 | O76: 0 | P76: 0 | Q76: 0 | R76: 0 | S76: 0 | T76: 0 | U76: 0

Sheet 0709 W3
A1: 품번 | B1: 품명 | C1: 31W | D1: 32W | E1: 33W | F1: 34W | G1: 35W | H1: 36W | I1: 37W | J1: 38W | K1: 39W | L1: 40W
C2: 07/28 ~ 08/03 | D2: 08/04 ~ 08/10 | E2: 08/11 ~ 08/17 | F2: 08/18 ~ 08/24 | G2: 08/25 ~ 8/31 | H2: 09/01 ~ 09/07 | I2: 09/08 ~ 09/14 | J2: 09/15 ~ 09/21 | K2: 09/22 ~ 09/28 | L2: 09/29 ~ 10/05
A3: 1226384 | B3: PBA-- 아세이(S1400-EW) | C3: 0 | D3: 860 | E3: 1600 | F3: 0 | G3: 300 | H3: 0 | I3: 0 | J3: 0 | K3: 600 | L3: 0
A4: 1226388 | B4: PBA-SMPS- 아세이(S1400-EW) | C4: 0 | D4: 860 | E4: 1600 | F4: 0 | G4: 300 | H4: 0 | I4: 0 | J4: 0 | K4: 600 | L4: 0
A5: 1229673 | B5: PBA-TOTAL- 아세이(BA20-D) | C5: 0 | D5: 600 | E5: 0 | F5: 200 | G5: 0 | H5: 0 | I5: 500 | J5: 300 | K5: 0 | L5: 0
A6: 1230692 | B6: PBA-SMPS- 아세이(CHP-5710L) | C6: 0 | D6: 3100 | E6: 2500 | F6: 0 | G6: 0 | H6: 0 | I6: 1500 | J6: 1400 | K6: 0 | L6: 0
A7: 1230696 | B7: PBA-SMPS- 아세이(CHP-5710R) | C7: 0 | D7: 0 | E7: 0 | F7: 0 | G7: 0 | H7: 500 | I7: 0 | J7: 0 | K7: 0 | L7: 500
A8: 1230854 | B8: PBA-토탈- 아세이(BA34-A) | C8: 0 | D8: 0 | E8: 250 | F8: 0 | G8: 0 | H8: 0 | I8: 250 | J8: 0 | K8: 0 | L8: 0
A9: 1231202 | B9: PBA-파워- 아세이(AP-1019D) | C9: 0 | D9: 0 | E9: 0 | F9: 0 | G9: 0 | H9: 0 | I9: 0 | J9: 200 | K9: 0 | L9: 0
A10: 1231898 | B10: PBA-컨트롤- 아세이(BA36-A) | C10: 0 | D10: 0 | E10: 0 | F10: 0 | G10: 0 | H10: 0 | I10: 0 | J10: 0 | K10: 0 | L10: 0
A11: 1232693 | B11: PBA-플라즈마파워유닛- 아세이(AP-1520C ) | C11: 0 | D11: 1890 | E11: 0 | F11: 0 | G11: 0 | H11: 630 | I11: 1008 | J11: 0 | K11: 0 | L11: 420
A12: 1233025 | B12: PBA-메인- 아세이(AP-1520C) | C12: 0 | D12: 1890 | E12: 0 | F12: 0 | G12: 0 | H12: 630 | I12: 1008 | J12: 0 | K12: 0 | L12: 420
A13: 1233492 | B13: PBA-인버터(AD-1221E) | C13: 0 | D13: 1500 | E13: 1300 | F13: 500 | G13: 0 | H13: 500 | I13: 500 | J13: 700 | K13: 500 | L13: 0
A14: 1233498 | B14: PBA-파워- 아세이(AD-1221E) | C14: 0 | D14: 1500 | E14: 1300 | F14: 500 | G14: 0 | H14: 500 | I14: 500 | J14: 700 | K14: 500 | L14: 0
... A30: 1240184 | B30: PBA-히터- 아세이(CHPI-7410N) | C30: 0 | D30: 3000 | E30: 3200 | F30: 3500 | G30: 1400 | H30: 3500 | I30: 3700 | J30: 2000 | K30: 0 | L30: 3350
A37: 품번 | B37: 품명 | C37: 31W | D37: 32W | E37: 33W | F37: 34W | G37: 35W | H37: 36W | I37: 37W | J37: 38W | K37: 39W | L37: 40W
C38: 07/28 ~ 08/03 | D38: 08/04 ~ 08/10 | E38: 08/11 ~ 08/17 | F38: 08/18 ~ 08/24 | G38: 08/25 ~ 8/31 | H38: 09/01 ~ 09/07 | I38: 09/08 ~ 09/14 | J38: 09/15 ~ 09/21 | K38: 09/22 ~ 09/28 | L38: 09/29 ~ 10/05
A39: 1215693 | B39: PBA-파워로워- 아세이(AP-3008FH,미주/일본향) | C39: 0 | D39: 0 | E39: 0 | F39: 0 | G39: 0 | H39: 144 | I39: 0 | J39: 0 | K39: 80 | L39: 36
A40: 1216452 | B40: PBA-파워- 아세이(AP-1515D/G/H/L/M, AP-20 | C40: 0 | D40: 252 | E40: 0 | F40: 0 | G40: 0 | H40: 96 | I40: 0 | J40: 1152 | K40: 0 | L40: 0
A41: 1220847 | B41: PBA-SMPS(CHP-670, ERP(35W)) | C41: 0 | D41: 363 | E41: 363 | F41: 363 | G41: 361 | H41: 0 | I41: 50 | J41: 0 | K41: 0 | L41: 0
A42: 1221967 | B42: PBA-SMPS- 아세이(CHP-06ER, ERP(35W)) | C42: 0 | D42: 160 | E42: 0 | F42: 0 | G42: 0 | H42: 0 | I42: 0 | J42: 0 | K42: 200 | L42: 0
A43: 1225464 | B43: PBA-파워- 아세이(AP-1516D) | C43: 0 | D43: 510 | E43: 1512 | F43: 0 | G43: 0 | H43: 0 | I43: 1512 | J43: 0 | K43: 0 | L43: 0
A44: 1227306 | B44: PBA-파워V2- 아세이(CHPI-620L) | C44: 0 | D44: 850 | E44: 900 | F44: 0 | G44: 0 | H44: 600 | I44: 800 | J44: 950 | K44: 350 | L44: 600
A45: 1229050 | B45: PBA-파워V2(CHPI-620L)- 아세이(CHPI-620L) | C45: 0 | D45: 220 | E45: 0 | F45: 0 | G45: 0 | H45: 0 | I45: 0 | J45: 0 | K45: 0 | L45: 240
A46: 1229088 | B46: PBA-파워- 아세이(AP-3018B) | C46: 0 | D46: 100 | E46: 0 | F46: 0 | G46: 0 | H46: 0 | I46: 400 | J46: 0 | K46: 0 | L46: 0
A47: 1229776 | B47: PBA-필터(CHP-5700R) | C47: 0 | D47: 270 | E47: 270 | F47: 0 | G47: 0 | H47: 0 | I47: 0 | J47: 300 | K47: 90 | L47: 0
A48: 1230685 | B48: PBA-파워- 아세이(AP-1519B) | C48: 0 | D48: 300 | E48: 300 | F48: 0 | G48: 0 | H48: 0 | I48: 600 | J48: 0 | K48: 0 | L48: 250
A49: 1230692 | B49: PBA-SMPS- 아세이(CHP-5710L) | C49: 0 | D49: 0 | E49: 0 | F49: 0 | G49: 0 | H49: 0 | I49: 0 | J49: 200 | K49: 0 | L49: 0
A50: 1230791 | B50: 데코-탑커버- 아세이(AP-1018F 인도네시아향) | C50: 0 | D50: 550 | E50: 0 | F50: 0 | G50: 0 | H50: 0 | I50: 550 | J50: 0 | K50: 0 | L50: 0
... A89: 1240184 | B89: PBA-히터- 아세이(CHPI-7410N) | C89: 0 | D89: 500 | E89: 400 | F89: 400 | G89: 0 | H89: 0 | I89: 600 | J89: 0 | K89: 0 | L89: 400

Sheet 0709 RTPF
A1: 상태 | B1: 응답여부 | C1: 품번 | D1: 품명 | E1: L/T(D) | F1: 구분 | G1: 07/13(일) | H1: 07/14(월) | I1: 07/15(화) | J1: 07/16(수) | K1: 07/17(목) | L1: 07/18(금) | M1: 07/19(토) | N1: 07/20(일) | O1: 07/21(월) | P1: 07/22(화) | Q1: 07/23(수) | R1: 07/24(목) | S1: 07/25(금) | T1: 07/26(토) | U1: 31W | V1: 32W | W1: 33W | X1: 34W | Y1: 35W | Z1: 36W | AA1: 37W | AB1: 38W | AC1: 39W | AD1: 40W
B2: 저장완료 | C2: 1226384 | D2: PBA-- 아세이(S1400-EW) | E2: 42 | F2: RTP/RTF | G2: 0 | H2: 0 | I2: 0 | J2: 0 | K2: 0 | L2: 0 | M2: 0 | N2: 0 | O2: 0 | P2: 0 | Q2: 0 | R2: 0 | S2: 0 | T2: 0 | U2: 0 | V2: 860 | W2: 1600 | X2: 0 | Y2: 300 | Z2: 0 | AA2: 0 | AB2: 0 | AC2: 600 | AD2: 0
F3: 응답수량 | G3: 0 | H3: 0 | I3: 0 | J3: 0 | K3: 0 | L3: 0 | M3: 0 | N3: 0 | O3: 0 | P3: 0 | Q3: 0 | R3: 0 | S3: 0 | T3: 0 | U3: 0 | V3: 860 | W3: 1600 | X3: 0 | Y3: 300 | Z3: 0 | AA3: 0 | AB3: 0 | AC3: 600 | AD3: 0
F4: Date&Qty 변경 | G4: 0 | H4: 0 | I4: 0 | J4: 0 | K4: 0 | L4: 0 | M4: 0 | N4: 0 | O4: 0 | P4: 0 | Q4: 0 | R4: 0 | S4: 0 | T4: 0 | U4: 0 | V4: 0 | W4: 0 | X4: 0 | Y4: 0 | Z4: 0 | AA4: 0 | AB4: 0 | AC4: 0 | AD4: 0
B5: 저장완료 | C5: 1226388 | D5: PBA-SMPS- 아세이(S1400-EW) | E5: 42 | F5: RTP/RTF | G5: 0 | H5: 0 | I5: 0 | J5: 0 | K5: 0 | L5: 0 | M5: 0 | N5: 0 | O5: 0 | P5: 0 | Q5: 0 | R5: 0 | S5: 0 | T5: 0 | U5: 0 | V5: 860 | W5: 1600 | X5: 0 | Y5: 300 | Z5: 0 | AA5: 0 | AB5: 0 | AC5: 600 | AD5: 0
F6: 응답수량 | G6: 0 | H6: 0 | I6: 0 | J6: 0 | K6: 0 | L6: 0 | M6: 0 | N6: 0 | O6: 0 | P6: 0 | Q6: 0 | R6: 0 | S6: 0 | T6: 0 | U6: 0 | V6: 860 | W6: 1600 | X6: 0 | Y6: 300 | Z6: 0 | AA6: 0 | AB6: 0 | AC6: 600 | AD6: 0
F7: Date&Qty 변경 | G7: 0 | H7: 0 | I7: 0 | J7: 0 | K7: 0 | L7: 0 | M7: 0 | N7: 0 | O7: 0 | P7: 0 | Q7: 0 | R7: 0 | S7: 0 | T7: 0 | U7: 0 | V7: 0 | W7: 0 | X7: 0 | Y7: 0 | Z7: 0 | AA7: 0 | AB7: 0 | AC7: 0 | AD7: 0
B8: 저장완료 | C8: 1229673 | D8: PBA-TOTAL- 아세이(BA20-D) | E8: 42 | F8: RTP/RTF | G8: 0 | H8: 100 | I8: 100 | J8: 100 | K8: 0 | L8: 0 | M8: 0 | N8: 0 | O8: 0 | P8: 0 | Q8: 0 | R8: 0 | S8: 0 | T8: 0 | U8: 0 | V8: 600 | W8: 0 | X8: 200 | Y8: 0 | Z8: 0 | AA8: 500 | AB8: 300 | AC8: 0 | AD8: 0
F9: 응답수량 | G9: 0 | H9: 100 | I9: 100 | J9: 100 | K9: 0 | L9: 0 | M9: 0 | N9: 0 | O9: 0 | P9: 0 | Q9: 0 | R9: 0 | S9: 0 | T9: 0 | U9: 0 | V9: 600 | W9: 0 | X9: 200 | Y9: 0 | Z9: 0 | AA9: 500 | AB9: 300 | AC9: 0 | AD9: 0
F10: Date&Qty 변경 | G10: 0 | H10: 0 | I10: 0 | J10: 0 | K10: 0 | L10: 0 | M10: 0 | N10: 0 | O10: 0 | P10: 0 | Q10: 0 | R10: 0 | S10: 0 | T10: 0 | U10: 0 | V10: 0 | W10: 0 | X10: 0 | Y10: 0 | Z10: 0 | AA10: 0 | AB10: 0 | AC10: 0 | AD10: 0
B11: 저장완료 | C11: 1230692 | D11: PBA-SMPS- 아세이(CHP-5710L) | E11: 42 | F11: RTP/RTF | G11: 0 | H11: 0 | I11: 0 | J11: 0 | K11: 0 | L11: 0 | M11: 0 | N11: 0 | O11: 0 | P11: 0 | Q11: 0 | R11: 0 | S11: 0 | T11: 0 | U11: 0 | V11: 3100 | W11: 2500 | X11: 0 | Y11: 0 | Z11: 0 | AA11: 1500 | AB11: 1400 | AC11: 0 | AD11: 0
F12: 응답수량 | G12: 0 | H12: 0 | I12: 0 | J12: 0 | K12: 0 | L12: 0 | M12: 0 | N12: 0 | O12: 0 | P12: 0 | Q12: 0 | R12: 0 | S12: 0 | T12: 0 | U12: 0 | V12: 3100 | W12: 2500 | X12: 0 | Y12: 0 | Z12: 0 | AA12: 1500 | AB12: 1400 | AC12: 0 | AD12: 0
F13: Date&Qty 변경 | G13: 0 | H13: 0 | I13: 0 | J13: 0 | K13: 0 | L13: 0 | M13: 0 | N13: 0 | O13: 0 | P13: 0 | Q13: 0 | R13: 0 | S13: 0 | T13: 0 | U13: 0 | V13: 0 | W13: 0 | X13: 0 | Y13: 0 | Z13: 0 | AA13: 0 | AB13: 0 | AC13: 0 | AD13: 0
B14: 저장완료 | C14: 1230696 | D14: PBA-SMPS- 아세이(CHP-5710R) | E14: 42 | F14: RTP/RTF | G14: 0 | H14: 0 | I14: 0 | J14: 0 | K14: 0 | L14: 0 | M14: 0 | N14: 0 | O14: 0 | P14: 0 | Q14: 0 | R14: 0 | S14: 0 | T14: 0 | U14: 0 | V14: 0 | W14: 0 | X14: 0 | Y14: 0 | Z14: 500 | AA14: 0 | AB14: 0 | AC14: 0 | AD14: 500
F15: 응답수량 | G15: 0 | H15: 0 | I15: 0 | J15: 0 | K15: 0 | L15: 0 | M15: 0 | N15: 0 | O15: 0 | P15: 0 | Q15: 0 | R15: 0 | S15: 0 | T15: 0 | U15: 0 | V15: 0 | W15: 0 | X15: 0 | Y15: 0 | Z15: 500 | AA15: 0 | AB15: 0 | AC15: 0 | AD15: 500
F16: Date&Qty 변경 | G16: 0 | H16: 0 | I16: 0 | J16: 0 | K16: 0 | L16: 0 | M16: 0 | N16: 0 | O16: 0 | P16: 0 | Q16: 0 | R16: 0 | S16: 0 | T16: 0 | U16: 0 | V16: 0 | W16: 0 | X16: 0 | Y16: 0 | Z16: 0 | AA16: 0 | AB16: 0 | AC16: 0 | AD16: 0
B17: 저장완료 | C17: 1230854 | D17: PBA-토탈- 아세이(BA34-A) | E17: 42 | F17: RTP/RTF | G17: 0 | H17: 0 | I17: 0 | J17: 0 | K17: 0 | L17: 0 | M17: 0 | N17: 0 | O17: 0 | P17: 0 | Q17: 0 | R17: 0 | S17: 0 | T17: 0 | U17: 0 | V17: 0 | W17: 250 | X17: 0 | Y17: 0 | Z17: 0 | AA17: 250 | AB17: 0 | AC17: 0 | AD17: 0
F18: 응답수량 | G18: 0 | H18: 0 | I18: 0 | J18: 0 | K18: 0 | L18: 0 | M18: 0 | N18: 0 | O18: 0 | P18: 0 | Q18: 0 | R18: 0 | S18: 0 | T18: 0 | U18: 0 | V18: 0 | W18: 250 | X18: 0 | Y18: 0 | Z18: 0 | AA18: 250 | AB18: 0 | AC18: 0 | AD18: 0
F19: Date&Qty 변경 | G19: 0 | H19: 0 | I19: 0 | J19: 0 | K19: 0 | L19: 0 | M19: 0 | N19: 0 | O19: 0 | P19: 0 | Q19: 0 | R19: 0 | S19: 0 | T19: 0 | U19: 0 | V19: 0 | W19: 0 | X19: 0 | Y19: 0 | Z19: 0 | AA19: 0 | AB19: 0 | AC19: 0 | AD19: 0
B20: 저장완료 | C20: 1231202 | D20: PBA-파워- 아세이(AP-1019D) | E20: 42 | F20: RTP/RTF | G20: 0 | H20: 50 | I20: 0 | J20: 0 | K20: 0 | L20: 0 | M20: 0 | N20: 0 | O20: 0 | P20: 0 | Q20: 0 | R20: 0 | S20: 0 | T20: 0 | U20: 0 | V20: 0 | W20: 0 | X20: 0 | Y20: 0 | Z20: 0 | AA20: 0 | AB20: 200 | AC20: 0 | AD20: 0
F21: 응답수량 | G21: 0 | H21: 50 | I21: 0 | J21: 0 | K21: 0 | L21: 0 | M21: 0 | N21: 0 | O21: 0 | P21: 0 | Q21: 0 | R21: 0 | S21: 0 | T21: 0 | U21: 0 | V21: 0 | W21: 0 | X21: 0 | Y21: 0 | Z21: 0 | AA21: 0 | AB21: 200 | AC21: 0 | AD21: 0
F22: Date&Qty 변경 | G22: 0 | H22: 0 | I22: 0 | J22: 0 | K22: 0 | L22: 0 | M22: 0 | N22: 0 | O22: 0 | P22: 0 | Q22: 0 | R22: 0 | S22: 0 | T22: 0 | U22: 0 | V22: 0 | W22: 0 | X22: 0 | Y22: 0 | Z22: 0 | AA22: 0 | AB22: 0 | AC22: 0 | AD22: 0
B23: 저장완료 | C23: 1231898 | D23: PBA-컨트롤- 아세이(BA36-A) | E23: 42 | F23: RTP/RTF | G23: 0 | H23: 0 | I23: 0 | J23: 392 | K23: 400 | L23: 400 | M23: 0 | N23: 0 | O23: 186 | P23: 286 | Q23: 0 | R23: 0 | S23: 0 | T23: 0 | U23: 0 | V23: 0 | W23: 0 | X23: 0 | Y23: 0 | Z23: 0 | AA23: 0 | AB23: 0 | AC23: 0 | AD23: 0
F24: 응답수량 | G24: 0 | H24: 0 | I24: 0 | J24: 392 | K24: 400 | L24: 400 | M24: 0 | N24: 0 | O24: 186 | P24: 286 | Q24: 0 | R24: 0 | S24: 0 | T24: 0 | U24: 0 | V24: 0 | W24: 0 | X24: 0 | Y24: 0 | Z24: 0 | AA24: 0 | AB24: 0 | AC24: 0 | AD24: 0
F25: Date&Qty 변경 | G25: 0 | H25: 0 | I25: 0 | J25: 0 | K25: 0 | L25: 0 | M25: 0 | N25: 0 | O25: 0 | P25: 0 | Q25: 0 | R25: 0 | S25: 0 | T25: 0 | U25: 0 | V25: 0 | W25: 0 | X25: 0 | Y25: 0 | Z25: 0 | AA25: 0 | AB25: 0 | AC25: 0 | AD25: 0
B26: 저장완료 | C26: 1232693 | D26: PBA-플라즈마파워유닛- 아세이(AP-1520C ) | E26: 21 | F26: RTP/RTF | G26: 0 | H26: 0 | I26: 0 | J26: 0 | K26: 0 | L26: 0 | M26: 0 | N26: 0 | O26: 0 | P26: 0 | Q26: 0 | R26: 199 | S26: 0 | T26: 0 | U26: 0 | V26: 1890 | W26: 0 | X26: 0 | Y26: 0 | Z26: 630 | AA26: 1008 | AB26: 0 | AC26: 0 | AD26: 420
F27: 응답수량 | G27: 0 | H27: 0 | I27: 0 | J27: 0 | K27: 0 | L27: 0 | M27: 0 | N27: 0 | O27: 0 | P27: 0 | Q27: 0 | R27: 199 | S27: 0 | T27: 0 | U27: 0 | V27: 1890 | W27: 0 | X27: 0 | Y27: 0 | Z27: 630 | AA27: 1008 | AB27: 0 | AC27: 0 | AD27: 420
F28: Date&Qty 변경 | G28: 0 | H28: 0 | I28: 0 | J28: 0 | K28: 0 | L28: 0 | M28: 0 | N28: 0 | O28: 0 | P28: 0 | Q28: 0 | R28: 0 | S28: 0 | T28: 0 | U28: 0 | V28: 0 | W28: 0 | X28: 0 | Y28: 0 | Z28: 0 | AA28: 0 | AB28: 0 | AC28: 0 | AD28: 0
B29: 저장완료 | C29: 1233025 | D29: PBA-메인- 아세이(AP-1520C) | E29: 21 | F29: RTP/RTF | G29: 0 | H29: 0 | I29: 0 | J29: 0 | K29: 0 | L29: 0 | M29: 0 | N29: 0 | O29: 0 | P29: 0 | Q29: 0 | R29: 199 | S29: 0 | T29: 0 | U29: 0 | V29: 1890 | W29: 0 | X29: 0 | Y29: 0 | Z29: 630 | AA29: 1008 | AB29: 0 | AC29: 0 | AD29: 420
F30: 응답수량 | G30: 0 | H30: 0 | I30: 0 | J30: 0 | K30: 0 | L30: 0 | M30: 0 | N30: 0 | O30: 0 | P30: 0 | Q30: 0 | R30: 199 | S30: 0 | T30: 0 | U30: 0 | V30: 1890 | W30: 0 | X30: 0 | Y30: 0 | Z30: 630 | AA30: 1008 | AB30: 0 | AC30: 0 | AD30: 420
F31: Date&Qty 변경 | G31: 0 | H31: 0 | I31: 0 | J31: 0 | K31: 0 | L31: 0 | M31: 0 | N31: 0 | O31: 0 | P31: 0 | Q31: 0 | R31: 0 | S31: 0 | T31: 0 | U31: 0 | V31: 0 | W31: 0 | X31: 0 | Y31: 0 | Z31: 0 | AA31: 0 | AB31: 0 | AC31: 0 | AD31: 0
B32: 저장완료 | C32: 1233492 | D32: PBA-인버터(AD-1221E) | E32: 21 | F32: RTP/RTF | G32: 0 | H32: 704 | I32: 778 | J32: 168 | K32: 0 | L32: 0 | M32: 0 | N32: 0 | O32: 0 | P32: 0 | Q32: 236 | R32: 778 | S32: 148 | T32: 0 | U32: 0 | V32: 1500 | W32: 1300 | X32: 500 | Y32: 0 | Z32: 500 | AA32: 500 | AB32: 700 | AC32: 500 | AD32: 0
F33: 응답수량 | G33: 0 | H33: 704 | I33: 778 | J33: 168 | K33: 0 | L33: 0 | M33: 0 | N33: 0 | O33: 0 | P33: 0 | Q33: 236 | R33: 778 | S33: 148 | T33: 0 | U33: 0 | V33: 1500 | W33: 1300 | X33: 500 | Y33: 0 | Z33: 500 | AA33: 500 | AB33: 700 | AC33: 500 | AD33: 0
F34: Date&Qty 변경 | G34: 0 | H34: 0 | I34: 0 | J34: 0 | K34: 0 | L34: 0 | M34: 0 | N34: 0 | O34: 0 | P34: 0 | Q34: 0 | R34: 0 | S34: 0 | T34: 0 | U34: 0 | V34: 0 | W34: 0 | X34: 0 | Y34: 0 | Z34: 0 | AA34: 0 | AB34: 0 | AC34: 0 | AD34: 0
B35: 저장완료 | C35: 1233498 | D35: PBA-파워- 아세이(AD-1221E) | E35: 21 | F35: RTP/RTF | G35: 0 | H35: 704 | I35: 778 | J35: 168 | K35: 0 | L35: 0 | M35: 0 | N35: 0 | O35: 0 | P35: 0 | Q35: 236 | R35: 778 | S35: 148 | T35: 0 | U35: 0 | V35: 1500 | W35: 1300 | X35: 500 | Y35: 0 | Z35: 500 | AA35: 500 | AB35: 700 | AC35: 500 | AD35: 0
F36: 응답수량 | G36: 0 | H36: 704 | I36: 778 | J36: 168 | K36: 0 | L36: 0 | M36: 0 | N36: 0 | O36: 0 | P36: 0 | Q36: 236 | R36: 778 | S36: 148 | T36: 0 | U36: 0 | V36: 1500 | W36: 1300 | X36: 500 | Y36: 0 | Z36: 500 | AA36: 500 | AB36: 700 | AC36: 500 | AD36: 0
F37: Date&Qty 변경 | G37: 0 | H37: 0 | I37: 0 | J37: 0 | K37: 0 | L37: 0 | M37: 0 | N37: 0 | O37: 0 | P37: 0 | Q37: 0 | R37: 0 | S37: 0 | T37: 0 | U37: 0 | V37: 0 | W37: 0 | X37: 0 | Y37: 0 | Z37: 0 | AA37: 0 | AB37: 0 | AC37: 0 | AD37: 0
B38: 저장완료 | C38: 1233623 | D38: PBA-노이즈필터- 아세이(AD-1221E) | E38: 21 | F38: RTP/RTF | G38: 0 | H38: 704 | I38: 778 | J38: 168 | K38: 0 | L38: 0 | M38: 0 | N38: 0 | O38: 0 | P38: 0 | Q38: 236 | R38: 778 | S38: 148 | T38: 0 | U38: 0 | V38: 1500 | W38: 1300 | X38: 500 | Y38: 0 | Z38: 500 | AA38: 500 | AB38: 700 | AC38: 500 | AD38: 0
F39: 응답수량 | G39: 0 | H39: 704 | I39: 778 | J39: 168 | K39: 0 | L39: 0 | M39: 0 | N39: 0 | O39: 0 | P39: 0 | Q39: 236 | R39: 778 | S39: 148 | T39: 0 | U39: 0 | V39: 1500 | W39: 1300 | X39: 500 | Y39: 0 | Z39: 500 | AA39: 500 | AB39: 700 | AC39: 500 | AD39: 0
F40: Date&Qty 변경 | G40: 0 | H40: 0 | I40: 0 | J40: 0 | K40: 0 | L40: 0 | M40: 0 | N40: 0 | O40: 0 | P40: 0 | Q40: 0 | R40: 0 | S40: 0 | T40: 0 | U40: 0 | V40: 0 | W40: 0 | X40: 0 | Y40: 0 | Z40: 0 | AA40: 0 | AB40: 0 | AC40: 0 | AD40: 0
B41: 저장완료 | C41: 1233761 | D41: PBA-파워- 아세이(BAS38-A) | E41: 42 | F41: RTP/RTF | G41: 0 | H41: 0 | I41: 0 | J41: 0 | K41: 0 | L41: 0 | M41: 0 | N41: 0 | O41: 0 | P41: 0 | Q41: 0 | R41: 0 | S41: 0 | T41: 0 | U41: 0 | V41: 350 | W41: 0 | X41: 0 | Y41: 0 | Z41: 250 | AA41: 200 | AB41: 0 | AC41: 0 | AD41: 250
F42: 응답수량 | G42: 0 | H42: 0 | I42: 0 | J42: 0 | K42: 0 | L42: 0 | M42: 0 | N42: 0 | O42: 0 | P42: 0 | Q42: 0 | R42: 0 | S42: 0 | T42: 0 | U42: 0 | V42: 350 | W42: 0 | X42: 0 | Y42: 0 | Z42: 250 | AA42: 200 | AB42: 0 | AC42: 0 | AD42: 250
F43: Date&Qty 변경 | G43: 0 | H43: 0 | I43: 0 | J43: 0 | K43: 0 | L43: 0 | M43: 0 | N43: 0 | O43: 0 | P43: 0 | Q43: 0 | R43: 0 | S43: 0 | T43: 0 | U43: 0 | V43: 0 | W43: 0 | X43: 0 | Y43: 0 | Z43: 0 | AA43: 0 | AB43: 0 | AC43: 0 | AD43: 0
B44: 저장완료 | C44: 1233877 | D44: PBA-파워(AM-1421G) | E44: 42 | F44: RTP/RTF | G44: 0 | H44: 0 | I44: 0 | J44: 0 | K44: 0 | L44: 0 | M44: 0 | N44: 0 | O44: 0 | P44: 0 | Q44: 0 | R44: 0 | S44: 0 | T44: 0 | U44: 0 | V44: 0 | W44: 0 | X44: 0 | Y44: 0 | Z44: 0 | AA44: 0 | AB44: 0 | AC44: 630 | AD44: 0
F45: 응답수량 | G45: 0 | H45: 0 | I45: 0 | J45: 0 | K45: 0 | L45: 0 | M45: 0 | N45: 0 | O45: 0 | P45: 0 | Q45: 0 | R45: 0 | S45: 0 | T45: 0 | U45: 0 | V45: 0 | W45: 0 | X45: 0 | Y45: 0 | Z45: 0 | AA45: 0 | AB45: 0 | AC45: 630 | AD45: 0
F46: Date&Qty 변경 | G46: 0 | H46: 0 | I46: 0 | J46: 0 | K46: 0 | L46: 0 | M46: 0 | N46: 0 | O46: 0 | P46: 0 | Q46: 0 | R46: 0 | S46: 0 | T46: 0 | U46: 0 | V46: 0 | W46: 0 | X46: 0 | Y46: 0 | Z46: 0 | AA46: 0 | AB46: 0 | AC46: 0 | AD46: 0
B47: 저장완료 | C47: 1235623 | D47: PBA-SMPS- 아세이(CHP-7211N_WT,일본향) | E47: 42 | F47: RTP/RTF | G47: 0 | H47: 0 | I47: 0 | J47: 0 | K47: 0 | L47: 0 | M47: 0 | N47: 0 | O47: 0 | P47: 0 | Q47: 0 | R47: 5 | S47: 0 | T47: 0 | U47: 0 | V47: 0 | W47: 936 | X47: 936 | Y47: 0 | Z47: 0 | AA47: 0 | AB47: 0 | AC47: 2808 | AD47: 0
F48: 응답수량 | G48: 0 | H48: 0 | I48: 0 | J48: 0 | K48: 0 | L48: 0 | M48: 0 | N48: 0 | O48: 0 | P48: 0 | Q48: 0 | R48: 5 | S48: 0 | T48: 0 | U48: 0 | V48: 0 | W48: 936 | X48: 936 | Y48: 0 | Z48: 0 | AA48: 0 | AB48: 0 | AC48: 2808 | AD48: 0
F49: Date&Qty 변경 | G49: 0 | H49: 0 | I49: 0 | J49: 0 | K49: 0 | L49: 0 | M49: 0 | N49: 0 | O49: 0 | P49: 0 | Q49: 0 | R49: 0 | S49: 0 | T49: 0 | U49: 0 | V49: 0 | W49: 0 | X49: 0 | Y49: 0 | Z49: 0 | AA49: 0 | AB49: 0 | AC49: 0 | AD49: 0
B50: 저장완료 | C50: 1236091 | D50: PBA-파워- 아세이(BAS25-A) | E50: 42 | F50: RTP/RTF | G50: 0 | H50: 0 | I50: 0 | J50: 100 | K50: 200 | L50: 200 | M50: 0 | N50: 0 | O50: 0 | P50: 0 | Q50: 0 | R50: 0 | S50: 0 | T50: 0 | U50: 0 | V50: 300 | W50: 300 | X50: 0 | Y50: 0 | Z50: 0 | AA50: 300 | AB50: 0 | AC50: 400 | AD50: 100
F51: 응답수량 | G51: 0 | H51: 0 | I51: 0 | J51: 100 | K51: 200 | L51: 200 | M51: 0 | N51: 0 | O51: 0 | P51: 0 | Q51: 0 | R51: 0 | S51: 0 | T51: 0 | U51: 0 | V51: 300 | W51: 300 | X51: 0 | Y51: 0 | Z51: 0 | AA51: 300 | AB51: 0 | AC51: 400 | AD51: 100
F52: Date&Qty 변경 | G52: 0 | H52: 0 | I52: 0 | J52: 0 | K52: 0 | L52: 0 | M52: 0 | N52: 0 | O52: 0 | P52: 0 | Q52: 0 | R52: 0 | S52: 0 | T52: 0 | U52: 0 | V52: 0 | W52: 0 | X52: 0 | Y52: 0 | Z52: 0 | AA52: 0 | AB52: 0 | AC52: 0 | AD52: 0
B53: 저장완료 | C53: 1236488 | D53: PBA-SMPS(CHP-6340L) | E53: 42 | F53: RTP/RTF | G53: 0 | H53: 0 | I53: 0 | J53: 0 | K53: 0 | L53: 0 | M53: 0 | N53: 0 | O53: 0 | P53: 0 | Q53: 0 | R53: 0 | S53: 0 | T53: 0 | U53: 0 | V53: 2000 | W53: 1800 | X53: 400 | Y53: 0 | Z53: 1000 | AA53: 1600 | AB53: 2300 | AC53: 0 | AD53: 1200
F54: 응답수량 | G54: 0 | H54: 0 | I54: 0 | J54: 0 | K54: 0 | L54: 0 | M54: 0 | N54: 0 | O54: 0 | P54: 0 | Q54: 0 | R54: 0 | S54: 0 | T54: 0 | U54: 0 | V54: 2000 | W54: 1800 | X54: 400 | Y54: 0 | Z54: 1000 | AA54: 1600 | AB54: 2300 | AC54: 0 | AD54: 1200
F55: Date&Qty 변경 | G55: 0 | H55: 0 | I55: 0 | J55: 0 | K55: 0 | L55: 0 | M55: 0 | N55: 0 | O55: 0 | P55: 0 | Q55: 0 | R55: 0 | S55: 0 | T55: 0 | U55: 0 | V55: 0 | W55: 0 | X55: 0 | Y55: 0 | Z55: 0 | AA55: 0 | AB55: 0 | AC55: 0 | AD55: 0
B56: 저장완료 | C56: 1236534 | D56: PBA-SMPS(CP-6340L) | E56: 42 | F56: RTP/RTF | G56: 0 | H56: 0 | I56: 0 | J56: 0 | K56: 0 | L56: 0 | M56: 0 | N56: 0 | O56: 0 | P56: 0 | Q56: 0 | R56: 0 | S56: 0 | T56: 0 | U56: 0 | V56: 400 | W56: 400 | X56: 200 | Y56: 0 | Z56: 0 | AA56: 600 | AB56: 600 | AC56: 0 | AD56: 0
F57: 응답수량 | G57: 0 | H57: 0 | I57: 0 | J57: 0 | K57: 0 | L57: 0 | M57: 0 | N57: 0 | O57: 0 | P57: 0 | Q57: 0 | R57: 0 | S57: 0 | T57: 0 | U57: 0 | V57: 400 | W57: 400 | X57: 200 | Y57: 0 | Z57: 0 | AA57: 600 | AB57: 600 | AC57: 0 | AD57: 0
F58: Date&Qty 변경 | G58: 0 | H58: 0 | I58: 0 | J58: 0 | K58: 0 | L58: 0 | M58: 0 | N58: 0 | O58: 0 | P58: 0 | Q58: 0 | R58: 0 | S58: 0 | T58: 0 | U58: 0 | V58: 0 | W58: 0 | X58: 0 | Y58: 0 | Z58: 0 | AA58: 0 | AB58: 0 | AC58: 0 | AD58: 0
B59: 저장완료 | C59: 1236962 | D59: PBA-파워- 아세이(BAS37-B) | E59: 42 | F59: RTP/RTF | G59: 0 | H59: 200 | I59: 200 | J59: 200 | K59: 100 | L59: 0 | M59: 0 | N59: 0 | O59: 100 | P59: 100 | Q59: 100 | R59: 0 | S59: 0 | T59: 0 | U59: 0 | V59: 1300 | W59: 1300 | X59: 800 | Y59: 0 | Z59: 1600 | AA59: 1600 | AB59: 900 | AC59: 0 | AD59: 1800
F60: 응답수량 | G60: 0 | H60: 200 | I60: 200 | J60: 200 | K60: 100 | L60: 0 | M60: 0 | N60: 0 | O60: 100 | P60: 100 | Q60: 100 | R60: 0 | S60: 0 | T60: 0 | U60: 0 | V60: 1300 | W60: 1300 | X60: 800 | Y60: 0 | Z60: 1600 | AA60: 1600 | AB60: 900 | AC60: 0 | AD60: 1800
F61: Date&Qty 변경 | G61: 0 | H61: 0 | I61: 0 | J61: 0 | K61: 0 | L61: 0 | M61: 0 | N61: 0 | O61: 0 | P61: 0 | Q61: 0 | R61: 0 | S61: 0 | T61: 0 | U61: 0 | V61: 0 | W61: 0 | X61: 0 | Y61: 0 | Z61: 0 | AA61: 0 | AB61: 0 | AC61: 0 | AD61: 0
B62: 저장완료 | C62: 1237088 | D62: PBA-파워- 아세이(BAS40-A) | E62: 42 | F62: RTP/RTF | G62: 0 | H62: 582 | I62: 850 | J62: 220 | K62: 576 | L62: 430 | M62: 0 | N62: 0 | O62: 664 | P62: 604 | Q62: 754 | R62: 924 | S62: 644 | T62: 0 | U62: 0 | V62: 3900 | W62: 4400 | X62: 3660 | Y62: 100 | Z62: 3800 | AA62: 5000 | AB62: 5600 | AC62: 2500 | AD62: 3700
F63: 응답수량 | G63: 0 | H63: 582 | I63: 850 | J63: 220 | K63: 576 | L63: 430 | M63: 0 | N63: 0 | O63: 664 | P63: 604 | Q63: 754 | R63: 924 | S63: 644 | T63: 0 | U63: 0 | V63: 3900 | W63: 4400 | X63: 3660 | Y63: 100 | Z63: 3800 | AA63: 5000 | AB63: 5600 | AC63: 2500 | AD63: 3700
F64: Date&Qty 변경 | G64: 0 | H64: 0 | I64: 0 | J64: 0 | K64: 0 | L64: 0 | M64: 0 | N64: 0 | O64: 0 | P64: 0 | Q64: 0 | R64: 0 | S64: 0 | T64: 0 | U64: 0 | V64: 0 | W64: 0 | X64: 0 | Y64: 0 | Z64: 0 | AA64: 0 | AB64: 0 | AC64: 0 | AD64: 0
B65: 저장완료 | C65: 1237586 | D65: PBA-토탈- 아세이(BA36-B) | E65: 42 | F65: RTP/RTF | G65: 0 | H65: 0 | I65: 0 | J65: 392 | K65: 400 | L65: 400 | M65: 0 | N65: 0 | O65: 186 | P65: 286 | Q65: 0 | R65: 0 | S65: 0 | T65: 0 | U65: 0 | V65: 0 | W65: 0 | X65: 0 | Y65: 0 | Z65: 0 | AA65: 0 | AB65: 0 | AC65: 0 | AD65: 0
F66: 응답수량 | G66: 0 | H66: 0 | I66: 0 | J66: 392 | K66: 400 | L66: 400 | M66: 0 | N66: 0 | O66: 186 | P66: 286 | Q66: 0 | R66: 0 | S66: 0 | T66: 0 | U66: 0 | V66: 0 | W66: 0 | X66: 0 | Y66: 0 | Z66: 0 | AA66: 0 | AB66: 0 | AC66: 0 | AD66: 0
F67: Date&Qty 변경 | G67: 0 | H67: 0 | I67: 0 | J67: 0 | K67: 0 | L67: 0 | M67: 0 | N67: 0 | O67: 0 | P67: 0 | Q67: 0 | R67: 0 | S67: 0 | T67: 0 | U67: 0 | V67: 0 | W67: 0 | X67: 0 | Y67: 0 | Z67: 0 | AA67: 0 | AB67: 0 | AC67: 0 | AD67: 0
B68: 저장완료 | C68: 1237748 | D68: PBA-SMPS- 아세이(CHP-1201N) | E68: 42 | F68: RTP/RTF | G68: 0 | H68: 0 | I68: 0 | J68: 0 | K68: 0 | L68: 0 | M68: 0 | N68: 0 | O68: 0 | P68: 0 | Q68: 0 | R68: 107 | S68: 0 | T68: 0 | U68: 0 | V68: 0 | W68: 0 | X68: 0 | Y68: 1920 | Z68: 312 | AA68: 0 | AB68: 0 | AC68: 52 | AD68: 364
F69: 응답수량 | G69: 0 | H69: 0 | I69: 0 | J69: 0 | K69: 0 | L69: 0 | M69: 0 | N69: 0 | O69: 0 | P69: 0 | Q69: 0 | R69: 107 | S69: 0 | T69: 0 | U69: 0 | V69: 0 | W69: 0 | X69: 0 | Y69: 1920 | Z69: 312 | AA69: 0 | AB69: 0 | AC69: 52 | AD69: 364
F70: Date&Qty 변경 | G70: 0 | H70: 0 | I70: 0 | J70: 0 | K70: 0 | L70: 0 | M70: 0 | N70: 0 | O70: 0 | P70: 0 | Q70: 0 | R70: 0 | S70: 0 | T70: 0 | U70: 0 | V70: 0 | W70: 0 | X70: 0 | Y70: 0 | Z70: 0 | AA70: 0 | AB70: 0 | AC70: 0 | AD70: 0
B71: 저장완료 | C71: 1237765 | D71: PBA-SMPS- 아세이(CHP-7211N,대만향) | E71: 42 | F71: RTP/RTF | G71: 0 | H71: 0 | I71: 0 | J71: 0 | K71: 0 | L71: 0 | M71: 0 | N71: 0 | O71: 0 | P71: 0 | Q71: 0 | R71: 5 | S71: 0 | T71: 0 | U71: 0 | V71: 0 | W71: 0 | X71: 0 | Y71: 0 | Z71: 0 | AA71: 0 | AB71: 0 | AC71: 0 | AD71: 0
F72: 응답수량 | G72: 0 | H72: 0 | I72: 0 | J72: 0 | K72: 0 | L72: 0 | M72: 0 | N72: 0 | O72: 0 | P72: 0 | Q72: 0 | R72: 5 | S72: 0 | T72: 0 | U72: 0 | V72: 0 | W72: 0 | X72: 0 | Y72: 0 | Z72: 0 | AA72: 0 | AB72: 0 | AC72: 0 | AD72: 0
F73: Date&Qty 변경 | G73: 0 | H73: 0 | I73: 0 | J73: 0 | K73: 0 | L73: 0 | M73: 0 | N73: 0 | O73: 0 | P73: 0 | Q73: 0 | R73: 0 | S73: 0 | T73: 0 | U73: 0 | V73: 0 | W73: 0 | X73: 0 | Y73: 0 | Z73: 0 | AA73: 0 | AB73: 0 | AC73: 0 | AD73: 0
B74: 저장완료 | C74: 1238020 | D74: PBA-SMPS- 아세이(CHP-7211N,싱가폴향) | E74: 42 | F74: RTP/RTF | G74: 0 | H74: 0 | I74: 0 | J74: 0 | K74: 0 | L74: 0 | M74: 0 | N74: 0 | O74: 0 | P74: 0 | Q74: 0 | R74: 4 | S74: 0 | T74: 0 | U74: 0 | V74: 0 | W74: 0 | X74: 0 | Y74: 0 | Z74: 0 | AA74: 0 | AB74: 0 | AC74: 0 | AD74: 0
F75: 응답수량 | G75: 0 | H75: 0 | I75: 0 | J75: 0 | K75: 0 | L75: 0 | M75: 0 | N75: 0 | O75: 0 | P75: 0 | Q75: 0 | R75: 4 | S75: 0 | T75: 0 | U75: 0 | V75: 0 | W75: 0 | X75: 0 | Y75: 0 | Z75: 0 | AA75: 0 | AB75: 0 | AC75: 0 | AD75: 0
F76: Date&Qty 변경 | G76: 0 | H76: 0 | I76: 0 | J76: 0 | K76: 0 | L76: 0 | M76: 0 | N76: 0 | O76: 0 | P76: 0 | Q76: 0 | R76: 0 | S76: 0 | T76: 0 | U76: 0 | V76: 0 | W76: 0 | X76: 0 | Y76: 0 | Z76: 0 | AA76: 0 | AB76: 0 | AC76: 0 | AD76: 0
B77: 저장완료 | C77: 1238128 | D77: PBA-SMPS(CHP-6210N,말련향) | E77: 42 | F77: RTP/RTF | G77: 0 | H77: 240 | I77: 0 | J77: 0 | K77: 0 | L77: 0 | M77: 0 | N77: 0 | O77: 0 | P77: 0 | Q77: 0 | R77: 0 | S77: 0 | T77: 0 | U77: 0 | V77: 1038 | W77: 1376 | X77: 416 | Y77: 0 | Z77: 1960 | AA77: 4512 | AB77: 256 | AC77: 0 | AD77: 1944
F78: 응답수량 | G78: 0 | H78: 240 | I78: 0 | J78: 0 | K78: 0 | L78: 0 | M78: 0 | N78: 0 | O78: 0 | P78: 0 | Q78: 0 | R78: 0 | S78: 0 | T78: 0 | U78: 0 | V78: 1038 | W78: 1376 | X78: 416 | Y78: 0 | Z78: 1960 | AA78: 4512 | AB78: 256 | AC78: 0 | AD78: 1944
F79: Date&Qty 변경 | G79: 0 | H79: 0 | I79: 0 | J79: 0 | K79: 0 | L79: 0 | M79: 0 | N79: 0 | O79: 0 | P79: 0 | Q79: 0 | R79: 0 | S79: 0 | T79: 0 | U79: 0 | V79: 0 | W79: 0 | X79: 0 | Y79: 0 | Z79: 0 | AA79: 0 | AB79: 0 | AC79: 0 | AD79: 0
B80: 저장완료 | C80: 1239651 | D80: PBA-파워- 아세이(BAS47-A) | E80: 42 | F80: RTP/RTF | G80: 0 | H80: 0 | I80: 0 | J80: 3 | K80: 0 | L80: 0 | M80: 0 | N80: 0 | O80: 0 | P80: 0 | Q80: 0 | R80: 2 | S80: 0 | T80: 0 | U80: 0 | V80: 750 | W80: 400 | X80: 0 | Y80: 0 | Z80: 0 | AA80: 400 | AB80: 500 | AC80: 0 | AD80: 300
F81: 응답수량 | G81: 0 | H81: 0 | I81: 0 | J81: 3 | K81: 0 | L81: 0 | M81: 0 | N81: 0 | O81: 0 | P81: 0 | Q81: 0 | R81: 2 | S81: 0 | T81: 0 | U81: 0 | V81: 750 | W81: 400 | X81: 0 | Y81: 0 | Z81: 0 | AA81: 400 | AB81: 500 | AC81: 0 | AD81: 300
F82: Date&Qty 변경 | G82: 0 | H82: 0 | I82: 0 | J82: 0 | K82: 0 | L82: 0 | M82: 0 | N82: 0 | O82: 0 | P82: 0 | Q82: 0 | R82: 0 | S82: 0 | T82: 0 | U82: 0 | V82: 0 | W82: 0 | X82: 0 | Y82: 0 | Z82: 0 | AA82: 0 | AB82: 0 | AC82: 0 | AD82: 0
B83: 저장완료 | C83: 1239988 | D83: PBA-파워- 아세이(CHPI-7430N ) | E83: 21 | F83: RTP/RTF | G83: 0 | H83: 0 | I83: 0 | J83: 0 | K83: 0 | L83: 0 | M83: 0 | N83: 0 | O83: 0 | P83: 0 | Q83: 200 | R83: 0 | S83: 0 | T83: 0 | U83: 0 | V83: 2000 | W83: 1900 | X83: 1900 | Y83: 300 | Z83: 0 | AA83: 1700 | AB83: 1500 | AC83: 800 | AD83: 500
F84: 응답수량 | G84: 0 | H84: 0 | I84: 0 | J84: 0 | K84: 0 | L84: 0 | M84: 0 | N84: 0 | O84: 0 | P84: 0 | Q84: 200 | R84: 0 | S84: 0 | T84: 0 | U84: 0 | V84: 2000 | W84: 1900 | X84: 1900 | Y84: 300 | Z84: 0 | AA84: 1700 | AB84: 1500 | AC84: 800 | AD84: 500
F85: Date&Qty 변경 | G85: 0 | H85: 0 | I85: 0 | J85: 0 | K85: 0 | L85: 0 | M85: 0 | N85: 0 | O85: 0 | P85: 0 | Q85: 0 | R85: 0 | S85: 0 | T85: 0 | U85: 0 | V85: 0 | W85: 0 | X85: 0 | Y85: 0 | Z85: 0 | AA85: 0 | AB85: 0 | AC85: 0 | AD85: 0
B86: 저장완료 | C86: 1240180 | D86: PBA-SMPS- 아세이(CHPI-7410N) | E86: 42 | F86: RTP/RTF | G86: 0 | H86: 756 | I86: 764 | J86: 594 | K86: 756 | L86: 810 | M86: 0 | N86: 0 | O86: 780 | P86: 506 | Q86: 278 | R86: 262 | S86: 606 | T86: 0 | U86: 0 | V86: 3500 | W86: 3800 | X86: 3500 | Y86: 1700 | Z86: 3500 | AA86: 4700 | AB86: 2350 | AC86: 0 | AD86: 3550
F87: 응답수량 | G87: 0 | H87: 756 | I87: 764 | J87: 594 | K87: 756 | L87: 810 | M87: 0 | N87: 0 | O87: 780 | P87: 506 | Q87: 278 | R87: 262 | S87: 606 | T87: 0 | U87: 0 | V87: 3500 | W87: 3800 | X87: 3500 | Y87: 1700 | Z87: 3500 | AA87: 4700 | AB87: 2350 | AC87: 0 | AD87: 3550
F88: Date&Qty 변경 | G88: 0 | H88: 0 | I88: 0 | J88: 0 | K88: 0 | L88: 0 | M88: 0 | N88: 0 | O88: 0 | P88: 0 | Q88: 0 | R88: 0 | S88: 0 | T88: 0 | U88: 0 | V88: 0 | W88: 0 | X88: 0 | Y88: 0 | Z88: 0 | AA88: 0 | AB88: 0 | AC88: 0 | AD88: 0
B89: 저장완료 | C89: 1240184 | D89: PBA-히터- 아세이(CHPI-7410N) | E89: 42 | F89: RTP/RTF | G89: 0 | H89: 756 | I89: 554 | J89: 594 | K89: 756 | L89: 810 | M89: 0 | N89: 0 | O89: 334 | P89: 110 | Q89: 278 | R89: 262 | S89: 606 | T89: 0 | U89: 0 | V89: 3000 | W89: 3200 | X89: 3500 | Y89: 1400 | Z89: 3500 | AA89: 3700 | AB89: 2000 | AC89: 0 | AD89: 3350
F90: 응답수량 | G90: 0 | H90: 756 | I90: 554 | J90: 594 | K90: 756 | L90: 810 | M90: 0 | N90: 0 | O90: 334 | P90: 110 | Q90: 278 | R90: 262 | S90: 606 | T90: 0 | U90: 0 | V90: 3000 | W90: 3200 | X90: 3500 | Y90: 1400 | Z90: 3500 | AA90: 3700 | AB90: 2000 | AC90: 0 | AD90: 3350
F91: Date&Qty 변경 | G91: 0 | H91: 0 | I91: 0 | J91: 0 | K91: 0 | L91: 0 | M91: 0 | N91: 0 | O91: 0 | P91: 0 | Q91: 0 | R91: 0 | S91: 0 | T91: 0 | U91: 0 | V91: 0 | W91: 0 | X91: 0 | Y91: 0 | Z91: 0 | AA91: 0 | AB91: 0 | AC91: 0 | AD91: 0
A105: 상태 | B105: 응답여부 | C105: 품번 | D105: 품명 | E105: L/T(D) | F105: 구분 | G105: 07/13(일) | H105: 07/14(월) | I105: 07/15(화) | J105: 07/16(수) | K105: 07/17(목) | L105: 07/18(금) | M105: 07/19(토) | N105: 07/20(일) | O105: 07/21(월) | P105: 07/22(화) | Q105: 07/23(수) | R105: 07/24(목) | S105: 07/25(금) | T105: 07/26(토) | U105: 31W | V105: 32W | W105: 33W | X105: 34W | Y105: 35W | Z105: 36W | AA105: 37W | AB105: 38W | AC105: 39W | AD105: 40W
B106: 저장완료 | C106: 1219539 | D106: 아답터(P-300R/P-230R, 말련향, 파워넷) | E106: 42 | F106: RTP/RTF | G106: 0 | H106: 0 | I106: 211 | J106: 229 | K106: 0 | L106: 0 | M106: 0 | N106: 0 | O106: 0 | P106: 0 | Q106: 0 | R106: 0 | S106: 0 | T106: 0 | U106: 0 | V106: 0 | W106: 0 | X106: 0 | Y106: 0 | Z106: 0 | AA106: 0 | AB106: 0 | AC106: 0 | AD106: 0
F107: 응답수량 | G107: 0 | H107: 0 | I107: 211 | J107: 229 | K107: 0 | L107: 0 | M107: 0 | N107: 0 | O107: 0 | P107: 0 | Q107: 0 | R107: 0 | S107: 0 | T107: 0 | U107: 0 | V107: 0 | W107: 0 | X107: 0 | Y107: 0 | Z107: 0 | AA107: 0 | AB107: 0 | AC107: 0 | AD107: 0
F108: Date&Qty 변경 | G108: 0 | H108: 0 | I108: 0 | J108: 0 | K108: 0 | L108: 0 | M108: 0 | N108: 0 | O108: 0 | P108: 0 | Q108: 0 | R108: 0 | S108: 0 | T108: 0 | U108: 0 | V108: 0 | W108: 0 | X108: 0 | Y108: 0 | Z108: 0 | AA108: 0 | AB108: 0 | AC108: 0 | AD108: 0
B109: 저장완료 | C109: 1230685 | D109: PBA-파워- 아세이(AP-1519B) | E109: 42 | F109: RTP/RTF | G109: 0 | H109: 420 | I109: 57 | J109: 0 | K109: 0 | L109: 0 | M109: 0 | N109: 0 | O109: 0 | P109: 0 | Q109: 0 | R109: 0 | S109: 0 | T109: 0 | U109: 0 | V109: 0 | W109: 0 | X109: 0 | Y109: 0 | Z109: 0 | AA109: 0 | AB109: 0 | AC109: 0 | AD109: 0
F110: 응답수량 | G110: 0 | H110: 420 | I110: 57 | J110: 0 | K110: 0 | L110: 0 | M110: 0 | N110: 0 | O110: 0 | P110: 0 | Q110: 0 | R110: 0 | S110: 0 | T110: 0 | U110: 0 | V110: 0 | W110: 0 | X110: 0 | Y110: 0 | Z110: 0 | AA110: 0 | AB110: 0 | AC110: 0 | AD110: 0
F111: Date&Qty 변경 | G111: 0 | H111: 0 | I111: 0 | J111: 0 | K111: 0 | L111: 0 | M111: 0 | N111: 0 | O111: 0 | P111: 0 | Q111: 0 | R111: 0 | S111: 0 | T111: 0 | U111: 0 | V111: 0 | W111: 0 | X111: 0 | Y111: 0 | Z111: 0 | AA111: 0 | AB111: 0 | AC111: 0 | AD111: 0
B112: 저장완료 | C112: 1232775 | D112: PBA-파워- 아세이(AP-2021A) | E112: 42 | F112: RTP/RTF | G112: 0 | H112: 0 | I112: 105 | J112: 243 | K112: 606 | L112: 316 | M112: 0 | N112: 0 | O112: 309 | P112: 82 | Q112: 89 | R112: 309 | S112: 218 | T112: 0 | U112: 0 | V112: 0 | W112: 0 | X112: 0 | Y112: 0 | Z112: 0 | AA112: 0 | AB112: 0 | AC112: 0 | AD112: 0
F113: 응답수량 | G113: 0 | H113: 0 | I113: 105 | J113: 243 | K113: 606 | L113: 316 | M113: 0 | N113: 0 | O113: 309 | P113: 82 | Q113: 89 | R113: 309 | S113: 218 | T113: 0 | U113: 0 | V113: 0 | W113: 0 | X113: 0 | Y113: 0 | Z113: 0 | AA113: 0 | AB113: 0 | AC113: 0 | AD113: 0
...

Sheet 0710
A1: 품번 | B1: 품명 | C1: 구분 | D1: 07/10(목) | E1: 07/11(금) | F1: 07/12(토) | G1: 07/13(일) | H1: 07/14(월) | I1: 07/15(화) | J1: 07/16(수) | K1: 07/17(목) | L1: 07/18(금) | M1: 07/19(토) | N1: 07/20(일) | O1: 07/21(월) | P1: 07/22(화) | Q1: 07/23(수) | R1: 07/24(목) | S1: 07/25(금) | T1: 07/26(토) | U1: 07/27(일)
A2: 1229673 | B2: PBA-TOTAL- 아세이(BA20-D) | C2: 합계 | D2: 0 | E2: 172 | F2: 0 | G2: 0 | H2: 100 | I2: 100 | J2: 100 | K2: 0 | L2: 0 | M2: 0 | N2: 0 | O2: 0 | P2: 0 | Q2: 0 | R2: 0 | S2: 0 | T2: 0 | U2: 0
A3: 1231202 | B3: PBA-파워- 아세이(AP-1019D) | C3: 합계 | D3: 0 | E3: 250 | F3: 0 | G3: 0 | H3: 50 | I3: 0 | J3: 0 | K3: 0 | L3: 0 | M3: 0 | N3: 0 | O3: 0 | P3: 0 | Q3: 0 | R3: 0 | S3: 0 | T3: 0 | U3: 0
A4: 1233492 | B4: PBA-인버터(AD-1221E) | C4: 합계 | D4: 538 | E4: 558 | F4: 0 | G4: 0 | H4: 530 | I4: 778 | J4: 168 | K4: 0 | L4: 0 | M4: 0 | N4: 0 | O4: 0 | P4: 0 | Q4: 236 | R4: 778 | S4: 148 | T4: 0 | U4: 0
A5: 1233498 | B5: PBA-파워- 아세이(AD-1221E) | C5: 합계 | D5: 538 | E5: 558 | F5: 0 | G5: 0 | H5: 530 | I5: 778 | J5: 168 | K5: 0 | L5: 0 | M5: 0 | N5: 0 | O5: 0 | P5: 0 | Q5: 236 | R5: 778 | S5: 148 | T5: 0 | U5: 0
A6: 1233623 | B6: PBA-노이즈필터- 아세이(AD-1221E) | C6: 합계 | D6: 538 | E6: 558 | F6: 0 | G6: 0 | H6: 530 | I6: 778 | J6: 168 | K6: 0 | L6: 0 | M6: 0 | N6: 0 | O6: 0 | P6: 0 | Q6: 236 | R6: 778 | S6: 148 | T6: 0 | U6: 0
A7: 1232693 | B7: PBA-플라즈마파워유닛- 아세이(AP-1520C ) | C7: 합계 | D7: 0 | E7: 0 | F7: 0 | G7: 0 | H7: 0 | I7: 0 | J7: 0 | K7: 0 | L7: 0 | M7: 0 | N7: 0 | O7: 0 | P7: 0 | Q7: 0 | R7: 199 | S7: 0 | T7: 0 | U7: 0
A8: 1233025 | B8: PBA-메인- 아세이(AP-1520C) | C8: 합계 | D8: 0 | E8: 0 | F8: 0 | G8: 0 | H8: 0 | I8: 0 | J8: 0 | K8: 0 | L8: 0 | M8: 0 | N8: 0 | O8: 0 | P8: 0 | Q8: 0 | R8: 199 | S8: 0 | T8: 0 | U8: 0
A9: 1235623 | B9: PBA-SMPS- 아세이(CHP-7211N_WT,일본향) | C9: 합계 | D9: 734 | E9: 240 | F9: 0 | G9: 0 | H9: 0 | I9: 0 | J9: 0 | K9: 0 | L9: 0 | M9: 0 | N9: 0 | O9: 0 | P9: 0 | Q9: 0 | R9: 5 | S9: 0 | T9: 0 | U9: 0
A10: 1237088 | B10: PBA-파워- 아세이(BAS40-A) | C10: 합계 | D10: 314 | E10: 0 | F10: 0 | G10: 0 | H10: 582 | I10: 850 | J10: 220 | K10: 576 | L10: 430 | M10: 0 | N10: 0 | O10: 664 | P10: 604 | Q10: 754 | R10: 924 | S10: 644 | T10: 0 | U10: 0
A11: 1237765 | B11: PBA-SMPS- 아세이(CHP-7211N,대만향) | C11: 합계 | D11: 0 | E11: 0 | F11: 0 | G11: 0 | H11: 0 | I11: 0 | J11: 0 | K11: 0 | L11: 0 | M11: 0 | N11: 0 | O11: 0 | P11: 0 | Q11: 0 | R11: 5 | S11: 0 | T11: 0 | U11: 0
A12: 1237748 | B12: PBA-SMPS- 아세이(CHP-1201N) | C12: 합계 | D12: 0 | E12: 0 | F12: 0 | G12: 0 | H12: 0 | I12: 0 | J12: 0 | K12: 0 | L12: 0 | M12: 0 | N12: 0 | O12: 0 | P12: 0 | Q12: 0 | R12: 107 | S12: 0 | T12: 0 | U12: 0
A13: 1231898 | B13: PBA-컨트롤- 아세이(BA36-A) | C13: 합계 | D13: 480 | E13: 512 | F13: 0 | G13: 0 | H13: 0 | I13: 0 | J13: 392 | K13: 400 | L13: 400 | M13: 0 | N13: 0 | O13: 186 | P13: 286 | Q13: 0 | R13: 0 | S13: 0 | T13: 0 | U13: 0
... A23: 1240184 | B23: PBA-히터- 아세이(CHPI-7410N) | C23: 합계 | D23: 402 | E23: 390 | F23: 0 | G23: 0 | H23: 756 | I23: 554 | J23: 594 | K23: 756 | L23: 810 | M23: 0 | N23: 0 | O23: 334 | P23: 424 | Q23: 380 | R23: 652 | S23: 606 | T23: 0 | U23: 0
A30: 품번 | B30: 품명 | C30: 구분 | D30: 07/10(목) | E30: 07/11(금) | F30: 07/12(토) | G30: 07/13(일) | H30: 07/14(월) | I30: 07/15(화) | J30: 07/16(수) | K30: 07/17(목) | L30: 07/18(금) | M30: 07/19(토) | N30: 07/20(일) | O30: 07/21(월) | P30: 07/22(화) | Q30: 07/23(수) | R30: 07/24(목) | S30: 07/25(금) | T30: 07/26(토) | U30: 07/27(일)
A31: 1219539 | B31: 아답터(P-300R/P-230R, 말련향, 파워넷) | C31: 합계 | D31: 0 | E31: 0 | F31: 0 | G31: 0 | H31: 0 | I31: 211 | J31: 229 | K31: 0 | L31: 0 | M31: 0 | N31: 0 | O31: 0 | P31: 0 | Q31: 0 | R31: 0 | S31: 0 | T31: 0 | U31: 0
A32: 1232846 | B32: PBA-프론트- 아세이(P-6320L) | C32: 합계 | D32: 0 | E32: 0 | F32: 0 | G32: 0 | H32: 0 | I32: 0 | J32: 0 | K32: 0 | L32: 0 | M32: 0 | N32: 0 | O32: 0 | P32: 0 | Q32: 70 | R32: 448 | S32: 323 | T32: 0 | U32: 0
A33: 1232895 | B33: PBA-메인- 아세이(P-6320L) | C33: 합계 | D33: 0 | E33: 0 | F33: 0 | G33: 0 | H33: 0 | I33: 0 | J33: 0 | K33: 0 | L33: 0 | M33: 0 | N33: 0 | O33: 0 | P33: 0 | Q33: 70 | R33: 448 | S33: 323 | T33: 0 | U33: 0
A34: 1233384 | B34: 아답터(P-6320L) | C34: 합계 | D34: 0 | E34: 0 | F34: 0 | G34: 0 | H34: 0 | I34: 0 | J34: 0 | K34: 0 | L34: 0 | M34: 0 | N34: 0 | O34: 0 | P34: 0 | Q34: 70 | R34: 448 | S34: 323 | T34: 0 | U34: 0
A35: 1232775 | B35: PBA-파워- 아세이(AP-2021A) | C35: 합계 | D35: 537 | E35: 136 | F35: 0 | G35: 0 | H35: 0 | I35: 105 | J35: 243 | K35: 606 | L35: 316 | M35: 0 | N35: 0 | O35: 309 | P35: 82 | Q35: 89 | R35: 309 | S35: 218 | T35: 0 | U35: 0
A36: 1238605 | B36: PBA-파워- 아세이(AP-3024H) | C36: 합계 | D36: 0 | E36: 0 | F36: 0 | G36: 0 | H36: 0 | I36: 0 | J36: 0 | K36: 0 | L36: 0 | M36: 0 | N36: 0 | O36: 0 | P36: 135 | Q36: 97 | R36: 0 | S36: 0 | T36: 0 | U36: 0
A37: 1230685 | B37: PBA-파워- 아세이(AP-1519B) | C37: 합계 | D37: 0 | E37: 25 | F37: 0 | G37: 0 | H37: 420 | I37: 57 | J37: 0 | K37: 0 | L37: 0 | M37: 0 | N37: 0 | O37: 0 | P37: 0 | Q37: 0 | R37: 0 | S37: 0 | T37: 0 | U37: 0
A44: 품번 | B44: 품명 | C44: 구분 | D44: 07/10(목) | E44: 07/11(금) | F44: 07/12(토) | G44: 07/13(일) | H44: 07/14(월) | I44: 07/15(화) | J44: 07/16(수) | K44: 07/17(목) | L44: 07/18(금) | M44: 07/19(토) | N44: 07/20(일) | O44: 07/21(월) | P44: 07/22(화) | Q44: 07/23(수) | R44: 07/24(목) | S44: 07/25(금) | T44: 07/26(토) | U44: 07/27(일)
A45: 1234614 | B45: PBA-메인- 아세이(CHP-261N 일본향) | C45: 합계 | D45: 18 | E45: 730 | F45: 0 | G45: 0 | H45: 352 | I45: 0 | J45: 0 | K45: 0 | L45: 0 | M45: 0 | N45: 0 | O45: 0 | P45: 0 | Q45: 0 | R45: 324 | S45: 0 | T45: 0 | U45: 0
A46: 1220847 | B46: PBA-SMPS(CHP-670, ERP(35W)) | C46: 합계 | D46: 0 | E46: 0 | F46: 0 | G46: 0 | H46: 0 | I46: 0 | J46: 0 | K46: 330 | L46: 0 | M46: 0 | N46: 0 | O46: 0 | P46: 0 | Q46: 0 | R46: 0 | S46: 0 | T46: 0 | U46: 0
A47: 1221967 | B47: PBA-SMPS- 아세이(CHP-06ER, ERP(35W)) | C47: 합계 | D47: 0 | E47: 0 | F47: 0 | G47: 0 | H47: 0 | I47: 0 | J47: 0 | K47: 133 | L47: 362 | M47: 0 | N47: 0 | O47: 0 | P47: 0 | Q47: 0 | R47: 0 | S47: 0 | T47: 0 | U47: 0
A48: 1227306 | B48: PBA-파워V2- 아세이(CHPI-620L) | C48: 합계 | D48: 487 | E48: 0 | F48: 0 | G48: 0 | H48: 40 | I48: 0 | J48: 0 | K48: 330 | L48: 220 | M48: 0 | N48: 0 | O48: 0 | P48: 0 | Q48: 0 | R48: 0 | S48: 0 | T48: 0 | U48: 0
A49: 1227359 | B49: PBA-파워- 아세이(CHPI-620L) | C49: 합계 | D49: 0 | E49: 0 | F49: 0 | G49: 0 | H49: 20 | I49: 0 | J49: 0 | K49: 0 | L49: 0 | M49: 0 | N49: 0 | O49: 0 | P49: 0 | Q49: 0 | R49: 0 | S49: 0 | T49: 0 | U49: 0
A50: 1231090 | B50: PBA-SMPS(CHP-5700R) | C50: 합계 | D50: 0 | E50: 0 | F50: 0 | G50: 0 | H50: 0 | I50: 0 | J50: 0 | K50: 0 | L50: 0 | M50: 0 | N50: 0 | O50: 0 | P50: 0 | Q50: 0 | R50: 0 | S50: 150 | T50: 0 | U50: 0
A51: 1229776 | B51: PBA-필터(CHP-5700R) | C51: 합계 | D51: 0 | E51: 0 | F51: 0 | G51: 0 | H51: 0 | I51: 0 | J51: 0 | K51: 0 | L51: 0 | M51: 0 | N51: 0 | O51: 0 | P51: 0 | Q51: 0 | R51: 0 | S51: 150 | T51: 0 | U51: 0
A52: 1225464 | B52: PBA-파워- 아세이(AP-1516D) | C52: 합계 | D52: 0 | E52: 0 | F52: 0 | G52: 0 | H52: 0 | I52: 0 | J52: 239 | K52: 863 | L52: 0 | M52: 0 | N52: 0 | O52: 0 | P52: 0 | Q52: 712 | R52: 500 | S52: 0 | T52: 0 | U52: 0
A53: 1234222 | B53: PBA-파워- 아세이(AP-1520D_JP) | C53: 합계 | D53: 322 | E53: 458 | F53: 0 | G53: 0 | H53: 0 | I53: 0 | J53: 0 | K53: 0 | L53: 0 | M53: 0 | N53: 0 | O53: 0 | P53: 0 | Q53: 0 | R53: 0 | S53: 0 | T53: 0 | U53: 0
